index,clusters
AAACCTGAGAGGGATA-1-3,Fev+
AAACCTGAGGCAATTA-1-3,Alpha
AAACCTGGTAAGTGGC-1-3,Ngn3 high EP
AAACCTGTCCCTCTTT-1-3,Alpha
AAACGGGGTCGGGTCT-1-3,Alpha
AAACGGGTCAAACAAG-1-3,Ngn3 high EP
AAACGGGTCAGCTCTC-1-3,Ngn3 low EP
AAACGGGTCCGCGCAA-1-3,Fev+
AAAGATGAGAGTACCG-1-3,Fev+
AAAGATGAGCGCCTCA-1-3,Alpha
AAAGATGAGTACACCT-1-3,Alpha
AAAGATGAGTGAACAT-1-3,Ngn3 low EP
AAAGATGTCGGCTTGG-1-3,Alpha
AAAGCAAAGAACAACT-1-3,Fev+
AAAGCAAAGCTACCTA-1-3,Fev+
AAAGTAGAGAGTGAGA-1-3,Alpha
AAAGTAGCACATGACT-1-3,Alpha
AAATGCCCAATGGAAT-1-3,Alpha
AAATGCCCACATCTTT-1-3,Ngn3 high EP
AAATGCCCACCAACCG-1-3,Ngn3 high EP
AAATGCCCATGCTAGT-1-3,Ngn3 high EP
AAATGCCGTGATAAGT-1-3,Alpha
AACACGTAGTAATCCC-1-3,Fev+
AACACGTCAAACGCGA-1-3,Alpha
AACACGTCAAATTGCC-1-3,Alpha
AACACGTGTCGACTGC-1-3,Fev+
AACACGTGTCGATTGT-1-3,Alpha
AACACGTGTCGGCTCA-1-3,Ngn3 high EP
AACACGTGTCTTGTCC-1-3,Ngn3 high EP
AACACGTGTGACTCAT-1-3,Ngn3 high EP
AACACGTTCGGAATCT-1-3,Ngn3 high EP
AACCATGAGAGCCTAG-1-3,Ngn3 high EP
AACCATGCACAGGAGT-1-3,Ngn3 high EP
AACCATGGTGGGTATG-1-3,Fev+
AACCATGGTTCGGCAC-1-3,Ngn3 high EP
AACCATGGTTGAACTC-1-3,Fev+
AACCATGTCGTATCAG-1-3,Ngn3 high EP
AACCGCGAGGATGGTC-1-3,Ngn3 high EP
AACCGCGCAGCCACCA-1-3,Ngn3 high EP
AACCGCGTCAGTGTTG-1-3,Alpha
AACCGCGTCCGCGGTA-1-3,Alpha
AACGTTGCAAGTTCTG-1-3,Fev+
AACGTTGCATGCCACG-1-3,Alpha
AACGTTGGTCTTGCGG-1-3,Alpha
AACGTTGTCAGTTAGC-1-3,Fev+
AACTCAGAGAGCTGCA-1-3,Ngn3 low EP
AACTCAGAGGTAGCCA-1-3,Alpha
AACTCAGCATTCCTCG-1-3,Ngn3 high EP
AACTCAGGTGCCTGTG-1-3,Ngn3 high EP
AACTCAGTCAGATAAG-1-3,Fev+
AACTCAGTCCCAAGAT-1-3,Alpha
AACTCAGTCCGTCAAA-1-3,Ngn3 low EP
AACTCAGTCCTCGCAT-1-3,Ngn3 high EP
AACTCCCAGAACTCGG-1-3,Ngn3 high EP
AACTCCCAGGGAACGG-1-3,Fev+
AACTCCCCAGTTCATG-1-3,Alpha
AACTCCCGTCCGAAGA-1-3,Ngn3 low EP
AACTCTTAGCTAACAA-1-3,Fev+
AACTCTTAGTGAACGC-1-3,Alpha
AACTCTTCACTCGACG-1-3,Fev+
AACTGGTCAGTATCTG-1-3,Ngn3 low EP
AACTGGTGTCGAGTTT-1-3,Fev+
AACTGGTTCCTACAGA-1-3,Ngn3 high EP
AACTTTCAGCCAACAG-1-3,Fev+
AACTTTCCACAGTCGC-1-3,Ngn3 high EP
AACTTTCTCCAGATCA-1-3,Alpha
AAGACCTAGACCTTTG-1-3,Alpha
AAGACCTAGGTGTGGT-1-3,Ngn3 high EP
AAGACCTAGTAAGTAC-1-3,Alpha
AAGACCTAGTAGGCCA-1-3,Ngn3 high EP
AAGACCTCAGACTCGC-1-3,Alpha
AAGCCGCCAATGGACG-1-3,Ngn3 high EP
AAGCCGCGTTATCCGA-1-3,Fev+
AAGCCGCTCTTGCATT-1-3,Alpha
AAGGAGCAGTACATGA-1-3,Alpha
AAGGAGCGTTCGTCTC-1-3,Ngn3 high EP
AAGGAGCTCCCAACGG-1-3,Ngn3 high EP
AAGGCAGCAGTACACT-1-3,Ngn3 high EP
AAGGCAGGTCTAGCCG-1-3,Alpha
AAGGCAGTCCGAGCCA-1-3,Ngn3 low EP
AAGGTTCAGATAGTCA-1-3,Alpha
AAGGTTCAGCGATTCT-1-3,Fev+
AAGGTTCAGGAGCGAG-1-3,Alpha
AAGGTTCGTCAACTGT-1-3,Fev+
AAGGTTCGTTCCACGG-1-3,Alpha
AAGTCTGAGTGAACGC-1-3,Ngn3 high EP
AAGTCTGGTCTCCATC-1-3,Fev+
AAGTCTGGTGGACGAT-1-3,Ngn3 high EP
AAGTCTGTCCGAGCCA-1-3,Ngn3 high EP
AATCCAGAGGGTTCCC-1-3,Fev+
AATCCAGTCAGGTTCA-1-3,Fev+
AATCCAGTCGGTCCGA-1-3,Fev+
AATCGGTCAAACAACA-1-3,Ngn3 high EP
AATCGGTCATATGGTC-1-3,Ngn3 high EP
AATCGGTGTCACACGC-1-3,Ngn3 high EP
AATCGGTTCCAAACTG-1-3,Ngn3 high EP
AATCGGTTCGGAGGTA-1-3,Ngn3 high EP
AATCGGTTCGTATCAG-1-3,Alpha
ACACCAAGTATAATGG-1-3,Alpha
ACACCCTAGGACAGCT-1-3,Ngn3 high EP
ACACCCTCAAGGTGTG-1-3,Alpha
ACACCCTCACGTTGGC-1-3,Ngn3 high EP
ACACCCTGTCAGATAA-1-3,Ngn3 high EP
ACACCCTTCAGTGTTG-1-3,Fev+
ACACCCTTCCCAGGTG-1-3,Fev+
ACACCCTTCGTGGTCG-1-3,Alpha
ACACTGAAGGGTTCCC-1-3,Fev+
ACACTGAGTACGACCC-1-3,Ngn3 high EP
ACACTGAGTCCATGAT-1-3,Fev+
ACACTGATCCGTCAAA-1-3,Ngn3 high EP
ACAGCCGAGAGAACAG-1-3,Fev+
ACAGCCGAGAGGTACC-1-3,Alpha
ACAGCCGAGCCAACAG-1-3,Alpha
ACAGCCGCAAGTACCT-1-3,Alpha
ACAGCCGTCTGGAGCC-1-3,Alpha
ACAGCTATCAAGGCTT-1-3,Alpha
ACAGCTATCGAGCCCA-1-3,Fev+
ACATACGAGCTATGCT-1-3,Alpha
ACATACGAGTAGGCCA-1-3,Ngn3 high EP
ACATACGCACTTCTGC-1-3,Ngn3 high EP
ACATACGGTCAATACC-1-3,Ngn3 low EP
ACATACGGTCCCGACA-1-3,Ngn3 low EP
ACATACGGTCTCTCTG-1-3,Fev+
ACATACGTCCATGAGT-1-3,Fev+
ACATCAGAGAGACTTA-1-3,Fev+
ACATCAGCATCACAAC-1-3,Fev+
ACATCAGGTAAATGTG-1-3,Fev+
ACATCAGTCCGTTGTC-1-3,Alpha
ACATCAGTCCTTGGTC-1-3,Ngn3 high EP
ACATCAGTCTACCTGC-1-3,Fev+
ACATGGTCAAGGACTG-1-3,Ngn3 low EP
ACATGGTGTCATGCAT-1-3,Ngn3 low EP
ACATGGTGTTAGGGTG-1-3,Alpha
ACCAGTAAGTGATCGG-1-3,Alpha
ACCAGTACACTACAGT-1-3,Alpha
ACCAGTAGTCATGCCG-1-3,Ngn3 high EP
ACCAGTAGTGCGCTTG-1-3,Ngn3 low EP
ACCAGTATCGTTTAGG-1-3,Ngn3 high EP
ACCCACTCATACCATG-1-3,Fev+
ACCCACTTCTGAGGGA-1-3,Fev+
ACCGTAAGTCTAGTGT-1-3,Ngn3 high EP
ACCTTTAGTCATATCG-1-3,Fev+
ACCTTTATCCGCTGTT-1-3,Alpha
ACCTTTATCCTGCAGG-1-3,Alpha
ACGAGCCAGTTCGCAT-1-3,Fev+
ACGAGCCCACCTTGTC-1-3,Ngn3 high EP
ACGAGCCCAGTGGGAT-1-3,Alpha
ACGAGCCCATGCAATC-1-3,Ngn3 high EP
ACGAGGAAGTTACCCA-1-3,Ngn3 low EP
ACGAGGACATGGTTGT-1-3,Alpha
ACGAGGATCGCCGTGA-1-3,Fev+
ACGATACAGATGAGAG-1-3,Alpha
ACGATACAGGGTCGAT-1-3,Ngn3 high EP
ACGATACGTGAGGGAG-1-3,Ngn3 high EP
ACGATACTCGCGCCAA-1-3,Alpha
ACGATGTGTCACTTCC-1-3,Ngn3 high EP
ACGATGTTCGCAGGCT-1-3,Fev+
ACGATGTTCTGCTGCT-1-3,Ngn3 high EP
ACGCAGCCAATCCGAT-1-3,Alpha
ACGCAGCCATTCTCAT-1-3,Fev+
ACGCAGCGTAATCACC-1-3,Ngn3 high EP
ACGCAGCGTCAACTGT-1-3,Fev+
ACGCCAGAGGAACTGC-1-3,Ngn3 high EP
ACGCCAGAGTGGACGT-1-3,Fev+
ACGCCAGCACCATCCT-1-3,Ngn3 low EP
ACGCCAGGTTACAGAA-1-3,Alpha
ACGCCAGTCCCAAGTA-1-3,Ngn3 high EP
ACGCCGAAGAGGGATA-1-3,Ngn3 low EP
ACGCCGAAGCTTCGCG-1-3,Alpha
ACGGCCAAGTGGACGT-1-3,Fev+
ACGGCCAGTCAAACTC-1-3,Ngn3 low EP
ACGGCCAGTTGTCTTT-1-3,Ngn3 high EP
ACGGGCTAGACTTGAA-1-3,Fev+
ACGGGTCAGATGGCGT-1-3,Fev+
ACGGGTCCATGATCCA-1-3,Ngn3 high EP
ACGTCAAAGTGTCTCA-1-3,Ngn3 high EP
ACGTCAAGTCTAGCCG-1-3,Fev+
ACTATCTGTGTGACCC-1-3,Fev+
ACTATCTTCAAGATCC-1-3,Fev+
ACTGAACAGCGTAATA-1-3,Alpha
ACTGAACCACGTTGGC-1-3,Fev+
ACTGAACCATTCACTT-1-3,Alpha
ACTGAGTGTAGCTAAA-1-3,Ngn3 low EP
ACTGAGTGTCTTCAAG-1-3,Fev+
ACTGAGTTCGCATGAT-1-3,Fev+
ACTGATGCAAGAGTCG-1-3,Ngn3 high EP
ACTGATGCACTTGGAT-1-3,Fev+
ACTGATGCATCAGTAC-1-3,Ngn3 high EP
ACTGATGCATGGTCTA-1-3,Alpha
ACTGATGCATGTCTCC-1-3,Fev+
ACTGATGGTTCCTCCA-1-3,Alpha
ACTGATGTCCCTAACC-1-3,Ngn3 low EP
ACTGATGTCTAGAGTC-1-3,Fev+
ACTGATGTCTGCGACG-1-3,Ngn3 high EP
ACTGCTCAGGTGTTAA-1-3,Fev+
ACTGCTCAGTCTCCTC-1-3,Ngn3 high EP
ACTGCTCAGTTACCCA-1-3,Alpha
ACTGCTCCAAGAAGAG-1-3,Ngn3 high EP
ACTGCTCGTCCTAGCG-1-3,Ngn3 high EP
ACTGCTCTCAGAGCTT-1-3,Fev+
ACTGTCCAGCAATCTC-1-3,Alpha
ACTGTCCAGGACTGGT-1-3,Ngn3 high EP
ACTGTCCCACGTAAGG-1-3,Fev+
ACTGTCCCAGTTTACG-1-3,Fev+
ACTGTCCGTATATGGA-1-3,Fev+
ACTGTCCTCGCTAGCG-1-3,Ngn3 high EP
ACTTACTAGAGGGCTT-1-3,Ngn3 high EP
ACTTACTAGCCGGTAA-1-3,Ngn3 low EP
ACTTACTCAATACGCT-1-3,Ngn3 high EP
ACTTACTCAATCAGAA-1-3,Ngn3 high EP
ACTTACTGTTTGGGCC-1-3,Ngn3 high EP
ACTTACTTCCAATGGT-1-3,Ngn3 low EP
ACTTGTTTCATATCGG-1-3,Ngn3 high EP
ACTTGTTTCCATGAGT-1-3,Fev+
ACTTTCAAGACAAGCC-1-3,Alpha
ACTTTCAAGACACTAA-1-3,Alpha
ACTTTCAAGGTGATTA-1-3,Fev+
ACTTTCACAACTGCTA-1-3,Ngn3 high EP
ACTTTCACAGTCACTA-1-3,Fev+
ACTTTCATCACAAACC-1-3,Ngn3 high EP
ACTTTCATCAGAGCTT-1-3,Alpha
AGAATAGCACGCTTTC-1-3,Ngn3 low EP
AGAATAGGTCCGTTAA-1-3,Fev+
AGACGTTAGAGTAAGG-1-3,Alpha
AGACGTTAGCCGATTT-1-3,Alpha
AGACGTTAGCTAGTCT-1-3,Alpha
AGACGTTCACCACGTG-1-3,Ngn3 low EP
AGACGTTTCGAGCCCA-1-3,Ngn3 high EP
AGAGCTTAGGTTACCT-1-3,Ngn3 high EP
AGAGCTTTCTTGAGGT-1-3,Ngn3 high EP
AGAGTGGCACCTCGGA-1-3,Fev+
AGAGTGGGTCACCTAA-1-3,Ngn3 low EP
AGAGTGGGTTCTGTTT-1-3,Alpha
AGAGTGGTCATTGCCC-1-3,Alpha
AGAGTGGTCGGCATCG-1-3,Ngn3 high EP
AGATCTGCACCAGGTC-1-3,Fev+
AGATCTGTCCGTCAAA-1-3,Fev+
AGATTGCAGTTCCACA-1-3,Ngn3 high EP
AGATTGCCACAAGCCC-1-3,Fev+
AGATTGCGTGGTCCGT-1-3,Ngn3 high EP
AGATTGCTCCAGTAGT-1-3,Fev+
AGCAGCCGTCAACATC-1-3,Ngn3 high EP
AGCAGCCGTCGAACAG-1-3,Ngn3 high EP
AGCAGCCGTCGCATCG-1-3,Ngn3 high EP
AGCAGCCGTGTAACGG-1-3,Ngn3 high EP
AGCATACCAATGCCAT-1-3,Ngn3 high EP
AGCATACGTGAAATCA-1-3,Fev+
AGCATACTCGTAGGTT-1-3,Ngn3 high EP
AGCCTAAGTTCCATGA-1-3,Fev+
AGCGGTCCATAACCTG-1-3,Ngn3 high EP
AGCGGTCGTACCGAGA-1-3,Ngn3 high EP
AGCGGTCGTCGAATCT-1-3,Ngn3 high EP
AGCGGTCTCAAAGACA-1-3,Alpha
AGCGGTCTCTAACTCT-1-3,Ngn3 high EP
AGCGTATCACGAGGTA-1-3,Alpha
AGCGTATCATCTCCCA-1-3,Ngn3 high EP
AGCGTATTCGTCTGCT-1-3,Fev+
AGCGTATTCTGCTGTC-1-3,Fev+
AGCGTCGCACAGGCCT-1-3,Ngn3 high EP
AGCTCCTCAGTTTACG-1-3,Fev+
AGCTCCTGTAGAGTGC-1-3,Ngn3 low EP
AGCTCCTTCAATACCG-1-3,Ngn3 high EP
AGCTCCTTCATGTCCC-1-3,Alpha
AGCTCCTTCGCCCTTA-1-3,Fev+
AGCTCTCAGACATAAC-1-3,Fev+
AGCTCTCAGCGTGAGT-1-3,Fev+
AGCTCTCGTCGCTTCT-1-3,Alpha
AGCTCTCTCCTGCTTG-1-3,Ngn3 high EP
AGCTTGAAGACACGAC-1-3,Ngn3 high EP
AGCTTGACAATAGAGT-1-3,Ngn3 low EP
AGCTTGAGTCAAAGAT-1-3,Ngn3 high EP
AGCTTGATCAACACGT-1-3,Ngn3 high EP
AGGCCACCAACTGCGC-1-3,Alpha
AGGCCACCACCACGTG-1-3,Alpha
AGGCCACCATGTCTCC-1-3,Ngn3 high EP
AGGCCGTGTACTCGCG-1-3,Ngn3 high EP
AGGGAGTAGAGGTAGA-1-3,Ngn3 low EP
AGGGAGTAGCTAGCCC-1-3,Fev+
AGGGAGTAGGTCATCT-1-3,Alpha
AGGGAGTCACCGAATT-1-3,Ngn3 low EP
AGGGAGTCATGGTAGG-1-3,Ngn3 high EP
AGGGAGTGTAATAGCA-1-3,Alpha
AGGGAGTGTCTTCTCG-1-3,Fev+
AGGGAGTGTGTAAGTA-1-3,Ngn3 high EP
AGGGAGTTCGGAGGTA-1-3,Alpha
AGGGATGAGCGTGAGT-1-3,Fev+
AGGGATGGTCGACTGC-1-3,Alpha
AGGGATGGTTAGGGTG-1-3,Ngn3 high EP
AGGGATGTCGCATGGC-1-3,Ngn3 high EP
AGGGTGACAGCGTTCG-1-3,Fev+
AGGGTGAGTCGCATAT-1-3,Fev+
AGGGTGATCCGCGGTA-1-3,Ngn3 high EP
AGGTCATCACTTCTGC-1-3,Alpha
AGGTCATGTCCAGTAT-1-3,Ngn3 high EP
AGGTCATGTCTCCCTA-1-3,Alpha
AGGTCATGTGCACTTA-1-3,Fev+
AGGTCATGTTTAGGAA-1-3,Fev+
AGGTCCGAGTTACCCA-1-3,Ngn3 high EP
AGTAGTCAGCGTTCCG-1-3,Ngn3 high EP
AGTAGTCCACATGACT-1-3,Ngn3 low EP
AGTAGTCGTATCAGTC-1-3,Fev+
AGTAGTCGTCAGTGGA-1-3,Fev+
AGTAGTCGTCGCGTGT-1-3,Alpha
AGTCTTTAGTCTCGGC-1-3,Alpha
AGTCTTTCAAGCGCTC-1-3,Alpha
AGTCTTTCACGGACAA-1-3,Alpha
AGTCTTTGTCTAAACC-1-3,Fev+
AGTCTTTGTCTCGTTC-1-3,Alpha
AGTCTTTGTTCGAATC-1-3,Ngn3 high EP
AGTCTTTGTTTAGGAA-1-3,Ngn3 high EP
AGTCTTTTCGTACGGC-1-3,Ngn3 high EP
AGTGAGGAGGGAAACA-1-3,Ngn3 high EP
AGTGAGGGTGGCGAAT-1-3,Ngn3 high EP
AGTGAGGGTTATTCTC-1-3,Alpha
AGTGAGGTCTGTTGAG-1-3,Fev+
AGTGGGAAGTAGGCCA-1-3,Alpha
AGTGGGACAGTATCTG-1-3,Fev+
AGTGGGAGTGGCAAAC-1-3,Fev+
AGTGGGAGTGGTCCGT-1-3,Ngn3 low EP
AGTGGGATCAACTCTT-1-3,Ngn3 high EP
AGTGTCACACCAGGTC-1-3,Fev+
AGTGTCATCCCTTGTG-1-3,Fev+
AGTGTCATCGCCGTGA-1-3,Fev+
AGTTGGTAGAGCCTAG-1-3,Alpha
AGTTGGTAGCGCCTCA-1-3,Fev+
AGTTGGTAGGAACTGC-1-3,Alpha
AGTTGGTCAAACAACA-1-3,Ngn3 low EP
AGTTGGTGTCGCATCG-1-3,Ngn3 high EP
AGTTGGTGTTGTCGCG-1-3,Fev+
AGTTGGTTCACATAGC-1-3,Ngn3 high EP
ATAACGCCAAGGTTCT-1-3,Alpha
ATAACGCCACCGCTAG-1-3,Ngn3 high EP
ATAACGCTCGCCAAAT-1-3,Fev+
ATAACGCTCGGAGGTA-1-3,Fev+
ATAAGAGCAGTCTTCC-1-3,Fev+
ATAAGAGGTGCTAGCC-1-3,Fev+
ATAGACCAGCGTGTCC-1-3,Alpha
ATAGACCAGTGATCGG-1-3,Alpha
ATAGACCTCCGTAGTA-1-3,Ngn3 high EP
ATAGACCTCTGATACG-1-3,Fev+
ATAGACCTCTTGAGAC-1-3,Alpha
ATCACGACAAGTACCT-1-3,Ngn3 high EP
ATCACGACAGCCTATA-1-3,Fev+
ATCATCTAGATCCTGT-1-3,Alpha
ATCATCTAGGCCCTTG-1-3,Ngn3 high EP
ATCATCTCAGCATGAG-1-3,Alpha
ATCATCTTCAGTCCCT-1-3,Fev+
ATCATGGAGAGTAAGG-1-3,Alpha
ATCATGGAGGAATGGA-1-3,Alpha
ATCATGGCAATAGCAA-1-3,Fev+
ATCATGGGTATTCGTG-1-3,Alpha
ATCATGGGTCCGCTGA-1-3,Ngn3 high EP
ATCATGGGTGATGTGG-1-3,Ngn3 high EP
ATCATGGGTTCTCATT-1-3,Alpha
ATCCACCCAGTCTTCC-1-3,Ngn3 high EP
ATCCACCTCATGCAAC-1-3,Alpha
ATCCGAAAGATGTAAC-1-3,Fev+
ATCCGAAGTACACCGC-1-3,Fev+
ATCCGAAGTGTGCGTC-1-3,Alpha
ATCCGAATCAACTCTT-1-3,Fev+
ATCGAGTTCTACTTAC-1-3,Ngn3 high EP
ATCTACTCAGGGAGAG-1-3,Ngn3 high EP
ATCTACTGTGAACCTT-1-3,Ngn3 high EP
ATCTGCCCACGTCTCT-1-3,Ngn3 high EP
ATCTGCCGTATTAGCC-1-3,Ngn3 low EP
ATCTGCCGTCAGAAGC-1-3,Alpha
ATCTGCCGTCATATGC-1-3,Fev+
ATCTGCCTCACGCGGT-1-3,Fev+
ATCTGCCTCCACGAAT-1-3,Alpha
ATCTGCCTCCCTGACT-1-3,Alpha
ATGAGGGGTTACGCGC-1-3,Fev+
ATGAGGGGTTCTGGTA-1-3,Ngn3 high EP
ATGAGGGTCTTGACGA-1-3,Fev+
ATGCGATAGAAACGAG-1-3,Fev+
ATGCGATAGACCACGA-1-3,Fev+
ATGCGATTCGCGTAGC-1-3,Alpha
ATGGGAGAGGATGCGT-1-3,Ngn3 high EP
ATGGGAGCAGCCTTGG-1-3,Fev+
ATGGGAGCAGCGATCC-1-3,Fev+
ATGGGAGCATGGATGG-1-3,Ngn3 high EP
ATGTGTGAGCTTTGGT-1-3,Alpha
ATGTGTGAGTACGCGA-1-3,Alpha
ATGTGTGAGTTTGCGT-1-3,Fev+
ATGTGTGCACAAGTAA-1-3,Ngn3 high EP
ATGTGTGCACCGGAAA-1-3,Fev+
ATGTGTGCATGGGACA-1-3,Alpha
ATGTGTGTCAAAGACA-1-3,Ngn3 high EP
ATTACTCAGATGGGTC-1-3,Ngn3 high EP
ATTACTCTCTGCCAGG-1-3,Alpha
ATTATCCAGAAACCTA-1-3,Ngn3 high EP
ATTATCCAGACCCACC-1-3,Ngn3 high EP
ATTATCCAGAGATGAG-1-3,Fev+
ATTATCCCAACTGCTA-1-3,Ngn3 high EP
ATTATCCGTATAAACG-1-3,Alpha
ATTATCCTCCTTTACA-1-3,Ngn3 high EP
ATTCTACCACGGTAAG-1-3,Ngn3 high EP
ATTGGACAGGCCCGTT-1-3,Ngn3 high EP
ATTGGACAGTAATCCC-1-3,Ngn3 low EP
ATTGGACGTTACGACT-1-3,Fev+
ATTGGTGAGAGCTGCA-1-3,Ngn3 high EP
ATTGGTGCAGCGAACA-1-3,Fev+
ATTGGTGGTCTTCTCG-1-3,Fev+
ATTTCTGAGAAGATTC-1-3,Fev+
ATTTCTGCACTTCGAA-1-3,Fev+
ATTTCTGTCCCTGACT-1-3,Alpha
ATTTCTGTCCGGGTGT-1-3,Ngn3 high EP
ATTTCTGTCGGCGCTA-1-3,Ngn3 high EP
CAACCAAAGCGTTCCG-1-3,Fev+
CAACCAACACCTCGTT-1-3,Ngn3 high EP
CAACCTCAGCGTGAAC-1-3,Ngn3 high EP
CAACCTCGTCTAAACC-1-3,Fev+
CAACCTCTCTCTGTCG-1-3,Alpha
CAACTAGCAAGCCGTC-1-3,Ngn3 high EP
CAAGAAAAGACTAAGT-1-3,Alpha
CAAGAAAAGAGTACCG-1-3,Ngn3 high EP
CAAGAAACACTAGTAC-1-3,Fev+
CAAGATCCATCGATTG-1-3,Alpha
CAAGATCTCTCAAGTG-1-3,Fev+
CAAGGCCAGACGACGT-1-3,Fev+
CAAGGCCTCAGTGCAT-1-3,Alpha
CAAGGCCTCTCAACTT-1-3,Fev+
CAAGTTGAGCAGATCG-1-3,Fev+
CAAGTTGAGGCCATAG-1-3,Ngn3 high EP
CAAGTTGAGTACGATA-1-3,Alpha
CAAGTTGCAAGACGTG-1-3,Ngn3 high EP
CAAGTTGGTGTGCCTG-1-3,Fev+
CAAGTTGTCAACACGT-1-3,Alpha
CAAGTTGTCGTCCGTT-1-3,Fev+
CAAGTTGTCTAACTGG-1-3,Fev+
CAAGTTGTCTGGTTCC-1-3,Alpha
CACAAACAGTAGCGGT-1-3,Ngn3 high EP
CACACAAAGCTCCCAG-1-3,Ngn3 low EP
CACACAAGTTAAGAAC-1-3,Ngn3 high EP
CACACCTCACGGATAG-1-3,Alpha
CACACCTCACTGCCAG-1-3,Alpha
CACACCTCATTGTGCA-1-3,Ngn3 high EP
CACACCTGTCGCTTTC-1-3,Ngn3 high EP
CACACCTGTTATCCGA-1-3,Fev+
CACACCTTCTGGCGTG-1-3,Ngn3 high EP
CACACTCCATCTATGG-1-3,Fev+
CACACTCGTAGGGTAC-1-3,Ngn3 high EP
CACAGGCCAAGGCTCC-1-3,Fev+
CACAGGCCACGTCAGC-1-3,Alpha
CACAGTAGTGCACTTA-1-3,Alpha
CACATAGAGGGAAACA-1-3,Alpha
CACATAGTCCATTCTA-1-3,Alpha
CACATAGTCCCTAACC-1-3,Ngn3 high EP
CACATTTAGATTACCC-1-3,Fev+
CACATTTCAATCCGAT-1-3,Fev+
CACATTTGTATAGTAG-1-3,Ngn3 high EP
CACCACTCAATCTACG-1-3,Alpha
CACCACTCACCTCGTT-1-3,Fev+
CACCACTCACGAAATA-1-3,Alpha
CACCACTGTGTGTGCC-1-3,Fev+
CACCAGGAGTGTTGAA-1-3,Ngn3 high EP
CACCAGGCATAAAGGT-1-3,Fev+
CACCTTGTCGTGGTCG-1-3,Ngn3 high EP
CACTCCACATCGTCGG-1-3,Alpha
CACTCCATCCACGCAG-1-3,Fev+
CACTCCATCGCAAGCC-1-3,Ngn3 high EP
CAGAATCCATCCCACT-1-3,Fev+
CAGAATCCATTGGGCC-1-3,Alpha
CAGAATCGTCATTAGC-1-3,Ngn3 high EP
CAGAATCGTCGGCTCA-1-3,Ngn3 high EP
CAGAATCGTGTAAGTA-1-3,Ngn3 low EP
CAGAGAGGTACCGTTA-1-3,Fev+
CAGCAGCAGAGGTACC-1-3,Ngn3 high EP
CAGCAGCAGCCCTAAT-1-3,Fev+
CAGCATAAGACGACGT-1-3,Fev+
CAGCATAAGCCAACAG-1-3,Alpha
CAGCATACACGAGGTA-1-3,Fev+
CAGCATAGTAATAGCA-1-3,Fev+
CAGCATATCAAGATCC-1-3,Fev+
CAGCATATCTTAACCT-1-3,Fev+
CAGCCGAAGAATGTTG-1-3,Alpha
CAGCCGAAGCAATATG-1-3,Ngn3 high EP
CAGCCGAGTAGCCTAT-1-3,Ngn3 high EP
CAGCCGAGTGGTCCGT-1-3,Ngn3 low EP
CAGCCGATCCTATTCA-1-3,Ngn3 high EP
CAGCCGATCGTTTATC-1-3,Ngn3 high EP
CAGCGACCACCGTTGG-1-3,Ngn3 high EP
CAGCGACCATATGGTC-1-3,Ngn3 high EP
CAGCGACTCATGCAAC-1-3,Ngn3 low EP
CAGCGACTCCGCGCAA-1-3,Ngn3 low EP
CAGCTAAAGAGTACAT-1-3,Fev+
CAGCTAAAGCGCTTAT-1-3,Ngn3 high EP
CAGCTAAAGTTTCCTT-1-3,Ngn3 high EP
CAGCTAACAGCTTAAC-1-3,Fev+
CAGCTAACATGCCTAA-1-3,Fev+
CAGCTAAGTACCGAGA-1-3,Ngn3 high EP
CAGCTAAGTACGCACC-1-3,Alpha
CAGCTGGCAAGTTGTC-1-3,Fev+
CAGCTGGGTCTAACGT-1-3,Fev+
CAGCTGGTCGCCGTGA-1-3,Fev+
CAGGTGCCATCAGTCA-1-3,Fev+
CAGGTGCTCCGCAGTG-1-3,Fev+
CAGTAACAGCTTCGCG-1-3,Ngn3 low EP
CAGTAACAGTGGAGTC-1-3,Ngn3 high EP
CAGTAACCAGGTCGTC-1-3,Ngn3 low EP
CAGTAACGTCGCCATG-1-3,Fev+
CAGTAACGTCTGATCA-1-3,Fev+
CAGTCCTAGCCGATTT-1-3,Fev+
CAGTCCTAGGTGGGTT-1-3,Alpha
CAGTCCTAGTCGTACT-1-3,Alpha
CAGTCCTCAGGGCATA-1-3,Alpha
CAGTCCTGTCGTGGCT-1-3,Alpha
CATATGGAGGCCCGTT-1-3,Fev+
CATATGGGTGAAAGAG-1-3,Ngn3 high EP
CATATGGTCACAGTAC-1-3,Fev+
CATATTCGTTTGTGTG-1-3,Ngn3 high EP
CATATTCTCCTGTAGA-1-3,Alpha
CATCAAGAGCTCCTTC-1-3,Ngn3 high EP
CATCAAGAGGGTATCG-1-3,Fev+
CATCAAGAGGTAGCTG-1-3,Fev+
CATCAAGGTTCGGCAC-1-3,Alpha
CATCAAGTCCGAAGAG-1-3,Ngn3 high EP
CATCAGAAGAGGTTGC-1-3,Ngn3 high EP
CATCAGAAGGCGATAC-1-3,Fev+
CATCAGAAGTGGTAAT-1-3,Fev+
CATCAGAGTCTCTTTA-1-3,Fev+
CATCAGAGTTCGCTAA-1-3,Alpha
CATCAGATCATCGCTC-1-3,Fev+
CATCCACCAGATGGGT-1-3,Alpha
CATCCACGTACTCAAC-1-3,Ngn3 high EP
CATCCACGTGAAGGCT-1-3,Alpha
CATCGAAAGACAAGCC-1-3,Alpha
CATCGAACACTACAGT-1-3,Ngn3 low EP
CATCGAAGTTAAGACA-1-3,Alpha
CATCGAAGTTTCCACC-1-3,Fev+
CATCGAATCGCCAGCA-1-3,Fev+
CATCGGGAGGCCCTTG-1-3,Alpha
CATCGGGTCATTTGGG-1-3,Alpha
CATCGGGTCTTCGGTC-1-3,Ngn3 high EP
CATGACACAAAGTCAA-1-3,Alpha
CATGACACAACAACCT-1-3,Ngn3 low EP
CATGACACACGTAAGG-1-3,Fev+
CATGACACATCGATTG-1-3,Ngn3 high EP
CATGACAGTAGCTTGT-1-3,Ngn3 low EP
CATGACAGTCATGCAT-1-3,Fev+
CATGACAGTTAAAGTG-1-3,Ngn3 high EP
CATGACATCATGCATG-1-3,Alpha
CATGCCTAGTGGTAGC-1-3,Ngn3 high EP
CATGCCTCACCCATTC-1-3,Alpha
CATGCCTCACTTGGAT-1-3,Ngn3 low EP
CATGCCTCAGTATGCT-1-3,Ngn3 high EP
CATGCCTTCCTGCAGG-1-3,Ngn3 high EP
CATGCCTTCGCACTCT-1-3,Ngn3 high EP
CATGGCGAGAAGGCCT-1-3,Ngn3 high EP
CATGGCGGTAGCACGA-1-3,Alpha
CATGGCGGTGACTCAT-1-3,Fev+
CATGGCGTCGACCAGC-1-3,Ngn3 high EP
CATGGCGTCTTGTCAT-1-3,Fev+
CATTATCAGGCTCAGA-1-3,Ngn3 high EP
CATTATCGTCATATCG-1-3,Fev+
CATTATCGTGATAAGT-1-3,Ngn3 high EP
CATTATCTCTGAAAGA-1-3,Fev+
CATTCGCAGTCAATAG-1-3,Ngn3 high EP
CATTCGCCATCACAAC-1-3,Ngn3 high EP
CATTCGCTCGCCTGAG-1-3,Alpha
CATTCGCTCGCTTGTC-1-3,Alpha
CATTCGCTCTGCTGCT-1-3,Alpha
CCAATCCAGAGACTTA-1-3,Fev+
CCAATCCAGTCTTGCA-1-3,Alpha
CCACCTAAGACTTGAA-1-3,Alpha
CCACCTACACATGGGA-1-3,Fev+
CCACCTACACTGAAGG-1-3,Alpha
CCACCTATCGGAAACG-1-3,Alpha
CCACCTATCTAAGCCA-1-3,Alpha
CCACGGAAGATCCTGT-1-3,Alpha
CCACGGAAGTCTCCTC-1-3,Fev+
CCACGGAGTGACTCAT-1-3,Ngn3 high EP
CCACGGATCAGTTGAC-1-3,Ngn3 low EP
CCACTACAGAGCTGGT-1-3,Fev+
CCACTACAGTGTTTGC-1-3,Fev+
CCACTACCAACGCACC-1-3,Alpha
CCACTACCACAAGTAA-1-3,Ngn3 high EP
CCACTACCATGTTGAC-1-3,Ngn3 high EP
CCACTACGTTAAGAAC-1-3,Alpha
CCACTACTCAGCTCGG-1-3,Ngn3 high EP
CCACTACTCTTTAGTC-1-3,Alpha
CCAGCGAAGTGTTGAA-1-3,Ngn3 high EP
CCAGCGACAGACGTAG-1-3,Fev+
CCAGCGAGTACCGTAT-1-3,Alpha
CCATGTCGTCGGCTCA-1-3,Ngn3 high EP
CCATGTCGTTTGCATG-1-3,Ngn3 high EP
CCATGTCTCCGCATAA-1-3,Ngn3 high EP
CCATGTCTCTCACATT-1-3,Fev+
CCATTCGCAAGAAGAG-1-3,Alpha
CCATTCGCAGATCCAT-1-3,Ngn3 high EP
CCATTCGCAGGCAGTA-1-3,Fev+
CCATTCGGTAGTAGTA-1-3,Ngn3 low EP
CCATTCGGTGCTAGCC-1-3,Alpha
CCATTCGGTTCCGTCT-1-3,Alpha
CCCAATCCAACTGGCC-1-3,Alpha
CCCAATCCATTGGCGC-1-3,Alpha
CCCAATCGTTCCACGG-1-3,Ngn3 high EP
CCCAATCTCATCGGAT-1-3,Alpha
CCCAGTTGTCTGCGGT-1-3,Alpha
CCCATACCAGATTGCT-1-3,Fev+
CCCATACTCGTGGACC-1-3,Fev+
CCCTCCTAGACCCACC-1-3,Ngn3 high EP
CCCTCCTTCGCATGAT-1-3,Fev+
CCGGGATAGATCTGAA-1-3,Ngn3 high EP
CCGGGATCAATCCGAT-1-3,Fev+
CCGGGATGTGTCAATC-1-3,Ngn3 high EP
CCGGGATTCCGCGTTT-1-3,Fev+
CCGGGATTCGACAGCC-1-3,Alpha
CCGGTAGAGCTAACTC-1-3,Alpha
CCGGTAGGTTGTCGCG-1-3,Alpha
CCGGTAGTCAGGATCT-1-3,Ngn3 high EP
CCGGTAGTCTCTAGGA-1-3,Fev+
CCGTACTAGGAGTACC-1-3,Ngn3 high EP
CCGTACTGTACTTAGC-1-3,Fev+
CCGTACTGTCAGAAGC-1-3,Fev+
CCGTACTTCCTTGGTC-1-3,Ngn3 high EP
CCGTACTTCTAACCGA-1-3,Ngn3 high EP
CCGTGGACACGAAGCA-1-3,Ngn3 high EP
CCGTGGATCTTAGAGC-1-3,Ngn3 high EP
CCGTTCAAGCTAAACA-1-3,Alpha
CCGTTCAAGGACCACA-1-3,Ngn3 high EP
CCGTTCACACATGACT-1-3,Ngn3 low EP
CCGTTCACAGCTGGCT-1-3,Alpha
CCGTTCACAGTAGAGC-1-3,Alpha
CCTAAAGGTGACGCCT-1-3,Ngn3 high EP
CCTACACAGATCCGAG-1-3,Ngn3 low EP
CCTACACAGTACGTTC-1-3,Alpha
CCTACACCATTATCTC-1-3,Ngn3 high EP
CCTACACTCTTTACAC-1-3,Alpha
CCTACCACACGGACAA-1-3,Ngn3 high EP
CCTACCACACGTAAGG-1-3,Alpha
CCTACCACATCGATTG-1-3,Ngn3 high EP
CCTACCAGTTGCTCCT-1-3,Fev+
CCTAGCTAGGACATTA-1-3,Alpha
CCTAGCTCAGGTGCCT-1-3,Fev+
CCTAGCTCATATGAGA-1-3,Alpha
CCTAGCTTCGCAAGCC-1-3,Fev+
CCTATTATCATCGCTC-1-3,Ngn3 high EP
CCTCAGTAGCGTAATA-1-3,Fev+
CCTCAGTAGTGCGATG-1-3,Fev+
CCTCAGTGTTACCAGT-1-3,Ngn3 high EP
CCTCAGTTCGCCATAA-1-3,Alpha
CCTCTGACATCGGTTA-1-3,Ngn3 high EP
CCTTACGCAAGGTGTG-1-3,Ngn3 low EP
CCTTACGCAATGAAAC-1-3,Ngn3 high EP
CCTTACGCACAACGCC-1-3,Fev+
CCTTACGCACGTTGGC-1-3,Fev+
CCTTCCCGTGATGCCC-1-3,Alpha
CCTTCCCTCGTCGTTC-1-3,Fev+
CCTTCGAAGTACATGA-1-3,Fev+
CCTTTCTGTTTGTTTC-1-3,Ngn3 high EP
CCTTTCTTCTTCGAGA-1-3,Fev+
CGAACATAGATCTGAA-1-3,Alpha
CGAACATCAAGCGAGT-1-3,Ngn3 low EP
CGAACATGTCCAGTGC-1-3,Fev+
CGAACATTCTCTTATG-1-3,Fev+
CGAATGTGTCTGGAGA-1-3,Fev+
CGAATGTGTTGTTTGG-1-3,Fev+
CGAATGTTCACCGGGT-1-3,Fev+
CGACCTTAGCTATGCT-1-3,Fev+
CGACCTTGTAGAAAGG-1-3,Fev+
CGACTTCAGGGTTTCT-1-3,Fev+
CGACTTCCAGCTGCAC-1-3,Fev+
CGACTTCGTCTGCCAG-1-3,Alpha
CGACTTCGTGTGGTTT-1-3,Alpha
CGACTTCTCACGCGGT-1-3,Alpha
CGAGAAGGTCCGTCAG-1-3,Alpha
CGAGAAGTCGTTACAG-1-3,Alpha
CGAGAAGTCTATCGCC-1-3,Fev+
CGAGCACAGGCAGGTT-1-3,Fev+
CGAGCACGTAGTAGTA-1-3,Fev+
CGAGCACGTGATAAGT-1-3,Ngn3 high EP
CGAGCACTCGTTACAG-1-3,Fev+
CGAGCACTCTAACTCT-1-3,Fev+
CGAGCACTCTTCGAGA-1-3,Ngn3 low EP
CGAGCACTCTTGCATT-1-3,Fev+
CGAGCCAAGGCATGTG-1-3,Fev+
CGAGCCAGTTCTCATT-1-3,Fev+
CGATCGGAGCTGCAAG-1-3,Fev+
CGATCGGCACGCCAGT-1-3,Ngn3 high EP
CGATCGGCATCACCCT-1-3,Fev+
CGATCGGCATTGCGGC-1-3,Alpha
CGATGGCTCAGTGTTG-1-3,Alpha
CGATGTAAGTTTAGGA-1-3,Alpha
CGATGTACAGATCCAT-1-3,Alpha
CGATGTAGTACTCTCC-1-3,Ngn3 high EP
CGATTGAAGTCAAGGC-1-3,Fev+
CGATTGAAGTTAGCGG-1-3,Fev+
CGATTGAGTGATGTCT-1-3,Ngn3 high EP
CGCCAAGCAAAGTCAA-1-3,Ngn3 high EP
CGCCAAGGTTATTCTC-1-3,Alpha
CGCGGTACATTAGGCT-1-3,Alpha
CGCGTTTGTATTACCG-1-3,Fev+
CGCTATCTCGTTTAGG-1-3,Fev+
CGCTGGACACGGTAAG-1-3,Ngn3 low EP
CGCTGGACATATGGTC-1-3,Alpha
CGCTGGAGTAATTGGA-1-3,Ngn3 low EP
CGCTGGAGTTATTCTC-1-3,Ngn3 high EP
CGCTGGAGTTGTGGCC-1-3,Ngn3 high EP
CGCTGGATCGATGAGG-1-3,Fev+
CGCTTCACAGACGCTC-1-3,Fev+
CGCTTCACAGATCGGA-1-3,Fev+
CGCTTCAGTTCACGGC-1-3,Ngn3 high EP
CGCTTCATCTCTGTCG-1-3,Alpha
CGGACACAGACTCGGA-1-3,Ngn3 high EP
CGGACGTAGACAGACC-1-3,Fev+
CGGACGTAGGCATGGT-1-3,Alpha
CGGACGTGTAGATTAG-1-3,Fev+
CGGACTGAGTTAGCGG-1-3,Fev+
CGGACTGGTTTAGCTG-1-3,Ngn3 high EP
CGGACTGTCACTCCTG-1-3,Ngn3 high EP
CGGACTGTCCAACCAA-1-3,Fev+
CGGACTGTCGGACAAG-1-3,Fev+
CGGAGCTGTACATCCA-1-3,Ngn3 high EP
CGGAGCTGTTACGGAG-1-3,Alpha
CGGAGTCAGTTTAGGA-1-3,Alpha
CGGAGTCCACAGCCCA-1-3,Alpha
CGGAGTCCAGCTCCGA-1-3,Fev+
CGGAGTCCATAACCTG-1-3,Alpha
CGGAGTCGTCGAAAGC-1-3,Fev+
CGGCTAGCAGAAGCAC-1-3,Alpha
CGGCTAGGTACTCGCG-1-3,Ngn3 high EP
CGGCTAGGTGAAATCA-1-3,Fev+
CGGCTAGTCTTGACGA-1-3,Alpha
CGGGTCAAGGCGATAC-1-3,Alpha
CGGGTCAGTGTGCCTG-1-3,Ngn3 high EP
CGGGTCATCGGCTACG-1-3,Alpha
CGGTTAAAGAATTCCC-1-3,Ngn3 high EP
CGGTTAAAGACAAGCC-1-3,Ngn3 high EP
CGGTTAAAGACAGGCT-1-3,Fev+
CGGTTAAGTCTAGCCG-1-3,Ngn3 high EP
CGGTTAATCACCGGGT-1-3,Fev+
CGTAGCGAGACTGTAA-1-3,Fev+
CGTAGCGAGATATGGT-1-3,Ngn3 high EP
CGTAGCGAGCTCCTTC-1-3,Alpha
CGTAGCGAGGCTCATT-1-3,Alpha
CGTAGCGCACTGCCAG-1-3,Ngn3 high EP
CGTAGCGTCGGAAATA-1-3,Fev+
CGTAGGCCAACACCCG-1-3,Alpha
CGTAGGCCAGTACACT-1-3,Ngn3 high EP
CGTCACTCACGAAATA-1-3,Ngn3 low EP
CGTCACTCAGTATAAG-1-3,Fev+
CGTCACTCATAGTAAG-1-3,Ngn3 low EP
CGTCACTCATGCCCGA-1-3,Ngn3 high EP
CGTCACTTCACTTATC-1-3,Fev+
CGTCAGGCAAACGCGA-1-3,Alpha
CGTCAGGCATGGGAAC-1-3,Ngn3 low EP
CGTCAGGTCGTTTGCC-1-3,Alpha
CGTCCATTCGCGCCAA-1-3,Ngn3 high EP
CGTCTACAGGGAGTAA-1-3,Alpha
CGTCTACCATGCTGGC-1-3,Ngn3 high EP
CGTCTACGTGTGCCTG-1-3,Fev+
CGTCTACTCAGTCCCT-1-3,Fev+
CGTCTACTCGATAGAA-1-3,Alpha
CGTCTACTCTCGATGA-1-3,Alpha
CGTGAGCAGGTGCTTT-1-3,Ngn3 high EP
CGTGAGCTCAGCGATT-1-3,Ngn3 high EP
CGTGAGCTCGATCCCT-1-3,Alpha
CGTGAGCTCTTCTGGC-1-3,Alpha
CGTGTAAAGGGTCGAT-1-3,Ngn3 high EP
CGTGTAAAGTACGTTC-1-3,Ngn3 high EP
CGTGTAAGTCTTGATG-1-3,Ngn3 low EP
CGTGTAAGTTAAGATG-1-3,Alpha
CGTGTAATCATTATCC-1-3,Ngn3 high EP
CGTGTAATCGTTGACA-1-3,Alpha
CGTGTCTCAGAAGCAC-1-3,Alpha
CGTGTCTCATACTCTT-1-3,Fev+
CGTGTCTGTAGCGTCC-1-3,Alpha
CGTGTCTGTGACGCCT-1-3,Fev+
CGTGTCTTCACCGGGT-1-3,Ngn3 high EP
CGTTAGAGTAGGCTGA-1-3,Fev+
CGTTAGAGTCTACCTC-1-3,Ngn3 high EP
CGTTAGATCAGTCAGT-1-3,Ngn3 high EP
CGTTCTGAGAGCAATT-1-3,Ngn3 high EP
CGTTCTGAGGACGAAA-1-3,Alpha
CGTTCTGGTAGGACAC-1-3,Alpha
CGTTCTGTCACAATGC-1-3,Ngn3 high EP
CGTTCTGTCGTACCGG-1-3,Fev+
CGTTCTGTCTGGAGCC-1-3,Fev+
CGTTGGGCAGGCGATA-1-3,Fev+
CGTTGGGCATACCATG-1-3,Ngn3 low EP
CGTTGGGCATGCTAGT-1-3,Ngn3 low EP
CGTTGGGGTTTAAGCC-1-3,Fev+
CGTTGGGTCGCAGGCT-1-3,Alpha
CGTTGGGTCGTACCGG-1-3,Fev+
CTAACTTAGAGGTACC-1-3,Alpha
CTAACTTAGCAGGCTA-1-3,Fev+
CTAACTTCATCTGGTA-1-3,Alpha
CTAACTTGTAGGAGTC-1-3,Alpha
CTAACTTGTCGTCTTC-1-3,Ngn3 high EP
CTAAGACAGACAAAGG-1-3,Ngn3 high EP
CTAAGACAGCCACGCT-1-3,Ngn3 low EP
CTAAGACAGGAGTTTA-1-3,Alpha
CTAAGACAGGCGCTCT-1-3,Ngn3 high EP
CTAAGACGTATCAGTC-1-3,Alpha
CTAAGACTCACTCCTG-1-3,Ngn3 high EP
CTAATGGAGCCGGTAA-1-3,Ngn3 low EP
CTAATGGCATGGTTGT-1-3,Fev+
CTACATTAGCACAGGT-1-3,Ngn3 high EP
CTACATTCACCGTTGG-1-3,Fev+
CTACATTGTAGGCATG-1-3,Fev+
CTACATTGTCATGCAT-1-3,Ngn3 high EP
CTACATTGTTACTGAC-1-3,Fev+
CTACGTCAGCACACAG-1-3,Fev+
CTACGTCAGCTAGCCC-1-3,Fev+
CTACGTCAGCTAGGCA-1-3,Fev+
CTACGTCAGTTGAGAT-1-3,Alpha
CTACGTCGTTGATTCG-1-3,Ngn3 high EP
CTAGAGTAGACTGGGT-1-3,Fev+
CTAGAGTAGGTAGCCA-1-3,Ngn3 high EP
CTAGAGTGTCCGAACC-1-3,Fev+
CTAGCCTAGGAATGGA-1-3,Ngn3 high EP
CTAGCCTAGTGAACGC-1-3,Alpha
CTAGTGACATTGAGCT-1-3,Ngn3 high EP
CTAGTGAGTTTGGCGC-1-3,Fev+
CTCACACGTCACACGC-1-3,Ngn3 high EP
CTCACACTCTGCTGTC-1-3,Fev+
CTCAGAACACTAGTAC-1-3,Ngn3 high EP
CTCAGAAGTACAGTTC-1-3,Ngn3 high EP
CTCAGAATCAGGTTCA-1-3,Ngn3 low EP
CTCATTAAGAGCTGCA-1-3,Fev+
CTCATTACAAGGCTCC-1-3,Alpha
CTCCTAGAGACGCAAC-1-3,Fev+
CTCCTAGAGAGTGACC-1-3,Fev+
CTCCTAGAGCGTCTAT-1-3,Fev+
CTCCTAGCACAACGTT-1-3,Fev+
CTCGAAACAAGGTTCT-1-3,Fev+
CTCGAAAGTAAGAGGA-1-3,Ngn3 high EP
CTCGAAAGTGGTGTAG-1-3,Alpha
CTCGAAATCGCAAACT-1-3,Alpha
CTCGAGGAGTGGAGAA-1-3,Ngn3 high EP
CTCGAGGCAAGTCTGT-1-3,Alpha
CTCGAGGTCCCTTGCA-1-3,Fev+
CTCGAGGTCTGTTGAG-1-3,Ngn3 high EP
CTCGGAGAGAATGTGT-1-3,Ngn3 high EP
CTCGGAGAGTCCCACG-1-3,Alpha
CTCGGAGGTCATTAGC-1-3,Fev+
CTCGGAGGTGAAGGCT-1-3,Fev+
CTCGGAGGTTGGACCC-1-3,Ngn3 high EP
CTCGGGACATTGAGCT-1-3,Ngn3 high EP
CTCGGGAGTATTACCG-1-3,Fev+
CTCGTACCAGCCAGAA-1-3,Alpha
CTCGTACGTTGGTTTG-1-3,Alpha
CTCGTACTCATGCATG-1-3,Alpha
CTCGTACTCTGCGTAA-1-3,Fev+
CTCGTACTCTTTAGTC-1-3,Alpha
CTCGTCACACATTTCT-1-3,Alpha
CTCGTCACACTACAGT-1-3,Fev+
CTCGTCAGTCACAAGG-1-3,Ngn3 high EP
CTCTAATAGCGTTGCC-1-3,Ngn3 high EP
CTCTAATAGCTAGCCC-1-3,Ngn3 high EP
CTCTAATAGTTATCGC-1-3,Alpha
CTCTAATCATTGGCGC-1-3,Fev+
CTCTAATTCACCATAG-1-3,Fev+
CTCTAATTCAGCGACC-1-3,Ngn3 high EP
CTCTACGCACTAAGTC-1-3,Fev+
CTCTGGTAGCAATCTC-1-3,Ngn3 high EP
CTCTGGTCAAGTTGTC-1-3,Fev+
CTCTGGTCAGGTCGTC-1-3,Alpha
CTCTGGTCAGTTCATG-1-3,Ngn3 low EP
CTCTGGTGTCATCGGC-1-3,Alpha
CTCTGGTGTTCAGCGC-1-3,Ngn3 high EP
CTGAAACAGGAGTAGA-1-3,Alpha
CTGAAACAGTATCGAA-1-3,Alpha
CTGAAACGTAAAGGAG-1-3,Ngn3 low EP
CTGAAACTCAAACCAC-1-3,Fev+
CTGAAACTCACGGTTA-1-3,Ngn3 high EP
CTGAAACTCGATAGAA-1-3,Ngn3 high EP
CTGAAACTCTGTTTGT-1-3,Ngn3 high EP
CTGAAGTCAATGTAAG-1-3,Fev+
CTGAAGTCAGCTGGCT-1-3,Fev+
CTGAAGTGTTTGGGCC-1-3,Alpha
CTGAAGTTCATGTGGT-1-3,Ngn3 high EP
CTGAAGTTCTGCGGCA-1-3,Fev+
CTGATAGAGCTGATAA-1-3,Fev+
CTGATCCCATGCTAGT-1-3,Alpha
CTGATCCGTAGTACCT-1-3,Fev+
CTGATCCGTCGACTAT-1-3,Alpha
CTGCGGAAGTGAATTG-1-3,Alpha
CTGCGGACAGACTCGC-1-3,Ngn3 high EP
CTGCGGACATTAGCCA-1-3,Fev+
CTGCGGATCCCTAACC-1-3,Ngn3 low EP
CTGCGGATCTGGTTCC-1-3,Fev+
CTGCTGTAGACTGGGT-1-3,Fev+
CTGCTGTCACGAAACG-1-3,Alpha
CTGCTGTGTTATCACG-1-3,Ngn3 high EP
CTGCTGTGTTGTGGCC-1-3,Ngn3 high EP
CTGGTCTAGGATTCGG-1-3,Fev+
CTGGTCTTCGTTACAG-1-3,Fev+
CTGTGCTAGAAGATTC-1-3,Alpha
CTGTGCTAGAGTCTGG-1-3,Ngn3 high EP
CTGTGCTAGTTGAGAT-1-3,Alpha
CTGTGCTCAGCTCCGA-1-3,Fev+
CTGTGCTCATTACCTT-1-3,Ngn3 high EP
CTGTGCTGTCGCATAT-1-3,Fev+
CTGTGCTTCCGTAGGC-1-3,Fev+
CTGTGCTTCGGATGGA-1-3,Ngn3 high EP
CTTAACTAGTTAACGA-1-3,Ngn3 low EP
CTTAACTCACACCGAC-1-3,Fev+
CTTAACTGTCCGCTGA-1-3,Ngn3 high EP
CTTAACTTCAGCTTAG-1-3,Fev+
CTTACCGAGACATAAC-1-3,Ngn3 high EP
CTTACCGTCTTTAGGG-1-3,Alpha
CTTAGGACACTCTGTC-1-3,Ngn3 low EP
CTTAGGACATCTATGG-1-3,Ngn3 high EP
CTTAGGATCACTCTTA-1-3,Ngn3 high EP
CTTAGGATCCAGTAGT-1-3,Alpha
CTTCTCTAGTACTTGC-1-3,Fev+
CTTCTCTAGTCCGTAT-1-3,Fev+
CTTCTCTCATGCGCAC-1-3,Alpha
CTTGGCTCAAAGGAAG-1-3,Fev+
CTTGGCTCAGCCACCA-1-3,Ngn3 high EP
CTTTGCGAGACCACGA-1-3,Fev+
CTTTGCGAGATCACGG-1-3,Ngn3 high EP
CTTTGCGAGGAATGGA-1-3,Ngn3 low EP
CTTTGCGTCCAGAAGG-1-3,Ngn3 low EP
GAAACTCAGGACAGCT-1-3,Ngn3 low EP
GAAACTCAGTGGGATC-1-3,Alpha
GAAATGACATCTACGA-1-3,Alpha
GAAATGATCGTCCGTT-1-3,Alpha
GAACATCAGCAATATG-1-3,Ngn3 high EP
GAACATCCACATGTGT-1-3,Fev+
GAACATCTCACAAACC-1-3,Ngn3 high EP
GAACATCTCTTAACCT-1-3,Ngn3 low EP
GAACCTAAGGGTGTTG-1-3,Fev+
GAACCTAAGGTGCACA-1-3,Ngn3 high EP
GAACCTAAGTAGATGT-1-3,Alpha
GAACCTACAGCGATCC-1-3,Alpha
GAACGGAAGACGCTTT-1-3,Fev+
GAACGGAAGGTGGGTT-1-3,Fev+
GAACGGAAGTCAAGCG-1-3,Alpha
GAACGGAGTAACGACG-1-3,Fev+
GAACGGATCTGCGGCA-1-3,Fev+
GAAGCAGGTCGCGAAA-1-3,Fev+
GAAGCAGTCTGCTTGC-1-3,Ngn3 high EP
GAATAAGTCATGCATG-1-3,Alpha
GAATAAGTCCTAGGGC-1-3,Alpha
GAATGAAAGAATGTGT-1-3,Ngn3 high EP
GACACGCAGTATGACA-1-3,Ngn3 high EP
GACACGCCAATCGAAA-1-3,Ngn3 high EP
GACACGCGTCTCGTTC-1-3,Fev+
GACACGCTCTGGTATG-1-3,Alpha
GACAGAGCAGTCAGAG-1-3,Ngn3 high EP
GACAGAGGTTGCGCAC-1-3,Alpha
GACAGAGTCTCTAGGA-1-3,Fev+
GACCAATCAGACGCCT-1-3,Fev+
GACCAATGTAAGAGAG-1-3,Alpha
GACCAATGTTACCGAT-1-3,Alpha
GACCAATGTTATCCGA-1-3,Alpha
GACCAATTCAACGGCC-1-3,Ngn3 high EP
GACCAATTCTTGCAAG-1-3,Ngn3 high EP
GACCTGGAGCGTGAAC-1-3,Alpha
GACCTGGGTAGAGCTG-1-3,Alpha
GACCTGGGTTCGTGAT-1-3,Alpha
GACGCGTAGACGCACA-1-3,Alpha
GACGGCTCACCAGTTA-1-3,Fev+
GACGGCTCATCATCCC-1-3,Ngn3 high EP
GACGGCTTCAACTCTT-1-3,Fev+
GACGTGCAGAGAGCTC-1-3,Alpha
GACGTGCAGCTGATAA-1-3,Fev+
GACGTGCGTCACCTAA-1-3,Fev+
GACGTGCTCCGGCACA-1-3,Alpha
GACGTGCTCTCGATGA-1-3,Fev+
GACGTTAAGACGCTTT-1-3,Ngn3 high EP
GACGTTACACGCCAGT-1-3,Ngn3 high EP
GACGTTAGTGTGAATA-1-3,Fev+
GACGTTATCGGAGCAA-1-3,Fev+
GACTAACCAGGATTGG-1-3,Fev+
GACTAACCATGAGCGA-1-3,Alpha
GACTAACGTCATCCCT-1-3,Ngn3 high EP
GACTACAAGCGAGAAA-1-3,Fev+
GACTACAAGCGTGTCC-1-3,Fev+
GACTACAAGGACGAAA-1-3,Alpha
GACTACAAGTTCGCGC-1-3,Ngn3 high EP
GACTACAGTAGCACGA-1-3,Fev+
GACTGCGAGAATCTCC-1-3,Ngn3 high EP
GAGCAGAAGCCAGTTT-1-3,Fev+
GAGCAGAAGTGGAGTC-1-3,Fev+
GAGCAGACAGCTTAAC-1-3,Alpha
GAGCAGACATCGGTTA-1-3,Alpha
GAGCAGATCAACTCTT-1-3,Fev+
GAGCAGATCCGTTGCT-1-3,Ngn3 high EP
GAGGTGAGTATGGTTC-1-3,Ngn3 high EP
GAGGTGAGTCCGCTGA-1-3,Fev+
GAGGTGAGTGCGGTAA-1-3,Fev+
GAGTCCGAGCGATGAC-1-3,Ngn3 high EP
GAGTCCGAGTACGACG-1-3,Ngn3 high EP
GAGTCCGCATAAGACA-1-3,Fev+
GAGTCCGGTCCTCTTG-1-3,Fev+
GATCAGTAGGATGCGT-1-3,Ngn3 high EP
GATCAGTCACAGGAGT-1-3,Fev+
GATCAGTCACCTTGTC-1-3,Fev+
GATCAGTGTAACGACG-1-3,Ngn3 high EP
GATCAGTTCCCGGATG-1-3,Ngn3 high EP
GATCAGTTCGGCGCAT-1-3,Ngn3 low EP
GATCGATAGAAAGTGG-1-3,Fev+
GATCGATAGGATGGTC-1-3,Alpha
GATCGATCAGTCGATT-1-3,Alpha
GATCGATCAGTGGGAT-1-3,Ngn3 high EP
GATCGATGTGCAACTT-1-3,Fev+
GATCGATGTTGTTTGG-1-3,Alpha
GATCGATTCAAGATCC-1-3,Ngn3 low EP
GATCGATTCAGGCAAG-1-3,Ngn3 high EP
GATCGCGCACCAGGCT-1-3,Fev+
GATCGCGTCTTTACGT-1-3,Fev+
GATCGTAAGTAGGTGC-1-3,Fev+
GATCGTACAGGCGATA-1-3,Fev+
GATCGTAGTGATGTGG-1-3,Fev+
GATCTAGAGTCGCCGT-1-3,Fev+
GATCTAGCATCACCCT-1-3,Ngn3 high EP
GATCTAGGTCCAGTGC-1-3,Fev+
GATCTAGGTTAGTGGG-1-3,Ngn3 high EP
GATCTAGGTTGAGTTC-1-3,Fev+
GATCTAGTCCTGTAGA-1-3,Alpha
GATGAAAAGCTGCGAA-1-3,Alpha
GATGAAACAGGCTGAA-1-3,Alpha
GATGCTAGTGTTAAGA-1-3,Fev+
GATGCTATCATATCGG-1-3,Fev+
GATGCTATCCCTCTTT-1-3,Fev+
GATTCAGAGCGATGAC-1-3,Fev+
GATTCAGAGTACGTTC-1-3,Alpha
GATTCAGCAGGTTTCA-1-3,Ngn3 high EP
GATTCAGCATTGAGCT-1-3,Ngn3 high EP
GATTCAGGTCCGACGT-1-3,Fev+
GATTCAGTCGCCAGCA-1-3,Fev+
GCAAACTTCGGAATCT-1-3,Alpha
GCAAACTTCGGCTACG-1-3,Alpha
GCAATCAAGATGTTAG-1-3,Ngn3 high EP
GCAATCACAGATTGCT-1-3,Fev+
GCAATCACAGCTGCTG-1-3,Alpha
GCAATCAGTGTTAAGA-1-3,Fev+
GCACATACATTACGAC-1-3,Ngn3 high EP
GCACATACATTGGTAC-1-3,Alpha
GCACATATCACGGTTA-1-3,Ngn3 low EP
GCACTCTTCCGGCACA-1-3,Ngn3 low EP
GCAGCCAAGCGGATCA-1-3,Fev+
GCAGCCACAGCGTTCG-1-3,Ngn3 high EP
GCAGCCATCGACCAGC-1-3,Ngn3 low EP
GCAGTTACATTTCACT-1-3,Fev+
GCAGTTATCTTATCTG-1-3,Alpha
GCATACAGTAAGTTCC-1-3,Fev+
GCATACAGTATCTGCA-1-3,Fev+
GCATGATAGCCTTGAT-1-3,Ngn3 high EP
GCATGATGTCACTGGC-1-3,Alpha
GCATGATTCAGCACAT-1-3,Alpha
GCATGCGAGGAACTGC-1-3,Fev+
GCATGCGCACTAGTAC-1-3,Alpha
GCATGCGGTAAGTGGC-1-3,Ngn3 high EP
GCATGCGGTACAGACG-1-3,Ngn3 high EP
GCATGTAAGCTGTCTA-1-3,Ngn3 high EP
GCATGTACACTGCCAG-1-3,Alpha
GCATGTACACTTACGA-1-3,Fev+
GCATGTAGTTGCGCAC-1-3,Alpha
GCATGTATCACGATGT-1-3,Fev+
GCATGTATCGCCAGCA-1-3,Fev+
GCATGTATCGTGGACC-1-3,Alpha
GCCAAATCATTTGCTT-1-3,Fev+
GCCAAATGTAAACACA-1-3,Fev+
GCCTCTAAGGCAATTA-1-3,Fev+
GCCTCTAAGTCCGGTC-1-3,Ngn3 high EP
GCCTCTAGTGACTACT-1-3,Fev+
GCGACCACACGTTGGC-1-3,Alpha
GCGACCATCACCAGGC-1-3,Alpha
GCGAGAACACCTATCC-1-3,Alpha
GCGAGAAGTGGGTATG-1-3,Alpha
GCGAGAATCCGAATGT-1-3,Ngn3 high EP
GCGCAACAGTGTACCT-1-3,Fev+
GCGCAACCAACACCTA-1-3,Ngn3 high EP
GCGCAACCACCAGCAC-1-3,Fev+
GCGCAACGTCGAAAGC-1-3,Ngn3 low EP
GCGCAGTCACGAAACG-1-3,Fev+
GCGCAGTCATCCGTGG-1-3,Ngn3 high EP
GCGCAGTGTGCTAGCC-1-3,Fev+
GCGCAGTTCACCGGGT-1-3,Alpha
GCGCCAAAGCTCCTTC-1-3,Alpha
GCGCCAACAATCAGAA-1-3,Ngn3 high EP
GCGCCAAGTGCACGAA-1-3,Fev+
GCGCCAATCTTATCTG-1-3,Fev+
GCGCGATCAAATTGCC-1-3,Ngn3 high EP
GCGCGATGTGGCGAAT-1-3,Ngn3 high EP
GCGCGATTCAAACCAC-1-3,Fev+
GCGCGATTCGCGTAGC-1-3,Ngn3 low EP
GCGGGTTAGACTTGAA-1-3,Ngn3 high EP
GCGGGTTCAAGTAATG-1-3,Alpha
GCGGGTTGTCAGTGGA-1-3,Fev+
GCTCCTAAGAGTACCG-1-3,Alpha
GCTCCTAGTGGTGTAG-1-3,Ngn3 low EP
GCTCTGTAGCCACCTG-1-3,Fev+
GCTCTGTAGCGTGAGT-1-3,Ngn3 high EP
GCTCTGTAGTGTACGG-1-3,Ngn3 high EP
GCTCTGTGTCCATGAT-1-3,Fev+
GCTGCAGAGAAGAAGC-1-3,Ngn3 high EP
GCTGCAGCATTCTCAT-1-3,Ngn3 high EP
GCTGCAGTCGAGCCCA-1-3,Fev+
GCTGCGAAGAACAACT-1-3,Alpha
GCTGCGAAGCTAGCCC-1-3,Ngn3 low EP
GCTGCGAAGTATTGGA-1-3,Ngn3 high EP
GCTGCGAGTCGTCTTC-1-3,Ngn3 high EP
GCTGCGATCCCGGATG-1-3,Fev+
GCTGCTTAGATCTGCT-1-3,Fev+
GCTGCTTAGTATCGAA-1-3,Alpha
GCTGCTTGTCACTTCC-1-3,Fev+
GCTGCTTTCCTCGCAT-1-3,Ngn3 low EP
GCTGGGTCACGAGGTA-1-3,Ngn3 low EP
GCTGGGTGTCTAGAGG-1-3,Ngn3 high EP
GCTGGGTTCACATGCA-1-3,Ngn3 high EP
GCTTCCAAGACATAAC-1-3,Alpha
GCTTCCAAGTTAAGTG-1-3,Alpha
GCTTCCAGTAGCGTAG-1-3,Alpha
GCTTGAACATTTGCTT-1-3,Alpha
GCTTGAAGTATCACCA-1-3,Fev+
GCTTGAAGTCTAAAGA-1-3,Fev+
GCTTGAATCCCTCAGT-1-3,Ngn3 high EP
GGAAAGCCAATGTAAG-1-3,Fev+
GGAACTTAGGTTACCT-1-3,Ngn3 low EP
GGAATAAAGAGGGATA-1-3,Fev+
GGAATAAAGCTGCGAA-1-3,Alpha
GGAATAACATCCTAGA-1-3,Fev+
GGAATAAGTAGCTAAA-1-3,Ngn3 low EP
GGAATAAGTGAGGCTA-1-3,Ngn3 high EP
GGACAAGAGTCCGGTC-1-3,Alpha
GGACAAGCAAGTTAAG-1-3,Ngn3 high EP
GGACAAGCAATAAGCA-1-3,Ngn3 high EP
GGACAAGTCAAAGACA-1-3,Ngn3 high EP
GGACAAGTCATAACCG-1-3,Fev+
GGACAAGTCCGCGGTA-1-3,Fev+
GGACAGACAATCCAAC-1-3,Fev+
GGACAGAGTCAGCTAT-1-3,Alpha
GGACAGATCAGCATGT-1-3,Ngn3 high EP
GGACAGATCCTTTCGG-1-3,Ngn3 high EP
GGACATTGTGCGGTAA-1-3,Ngn3 low EP
GGACGTCAGGGTGTTG-1-3,Fev+
GGACGTCCACGCATCG-1-3,Ngn3 low EP
GGACGTCCATGGATGG-1-3,Ngn3 high EP
GGACGTCGTCAGAAGC-1-3,Fev+
GGACGTCGTCTTGTCC-1-3,Fev+
GGAGCAACAGTCACTA-1-3,Ngn3 low EP
GGAGCAACATCGATTG-1-3,Fev+
GGAGCAAGTATCACCA-1-3,Fev+
GGATGTTAGCTCTCGG-1-3,Fev+
GGATGTTAGTAAGTAC-1-3,Alpha
GGATGTTGTTACGCGC-1-3,Alpha
GGATGTTTCAGAGGTG-1-3,Alpha
GGATGTTTCTGGCGAC-1-3,Ngn3 high EP
GGATTACAGACATAAC-1-3,Ngn3 high EP
GGATTACAGACTACAA-1-3,Alpha
GGATTACAGGTCGGAT-1-3,Fev+
GGATTACGTATCTGCA-1-3,Fev+
GGCAATTAGACTAGGC-1-3,Ngn3 high EP
GGCAATTCACGGCTAC-1-3,Alpha
GGCAATTCAGACTCGC-1-3,Alpha
GGCAATTCATCTCCCA-1-3,Ngn3 high EP
GGCAATTGTCCATCCT-1-3,Alpha
GGCAATTTCCGAATGT-1-3,Ngn3 high EP
GGCCGATGTCAAACTC-1-3,Ngn3 high EP
GGCCGATTCACTCTTA-1-3,Ngn3 low EP
GGCCGATTCAGAGACG-1-3,Ngn3 high EP
GGCGACTTCCACGAAT-1-3,Fev+
GGCGTGTCAACTGCTA-1-3,Alpha
GGCGTGTCACCAGGTC-1-3,Ngn3 high EP
GGCGTGTCACCGATAT-1-3,Fev+
GGCGTGTCAGGAATCG-1-3,Fev+
GGCGTGTGTCCGACGT-1-3,Ngn3 low EP
GGCGTGTTCAGCTTAG-1-3,Alpha
GGCGTGTTCGAGAGCA-1-3,Fev+
GGCGTGTTCGTGGGAA-1-3,Fev+
GGCTCGAAGATCACGG-1-3,Fev+
GGCTCGAGTCACCTAA-1-3,Ngn3 high EP
GGCTCGAGTCGCTTCT-1-3,Fev+
GGCTCGATCATCGATG-1-3,Fev+
GGCTGGTAGTCACGCC-1-3,Ngn3 high EP
GGCTGGTCAAGGTGTG-1-3,Alpha
GGCTGGTGTGCTCTTC-1-3,Fev+
GGCTGGTTCATGCATG-1-3,Ngn3 high EP
GGGAATGAGGAGCGAG-1-3,Fev+
GGGAATGCAAGACGTG-1-3,Alpha
GGGAATGGTCGGCTCA-1-3,Ngn3 low EP
GGGAATGTCACAAACC-1-3,Ngn3 high EP
GGGAATGTCAGCATGT-1-3,Ngn3 high EP
GGGAATGTCGACCAGC-1-3,Ngn3 high EP
GGGACCTAGCTGCCCA-1-3,Ngn3 high EP
GGGACCTCACAGAGGT-1-3,Fev+
GGGACCTCACGCCAGT-1-3,Ngn3 high EP
GGGACCTCACTGTCGG-1-3,Fev+
GGGACCTGTATGAAAC-1-3,Ngn3 high EP
GGGACCTGTCAGCTAT-1-3,Alpha
GGGAGATGTCTTCTCG-1-3,Ngn3 high EP
GGGAGATGTTTGTGTG-1-3,Fev+
GGGATGAAGGGCATGT-1-3,Alpha
GGGATGAGTTGTGGAG-1-3,Ngn3 high EP
GGGCACTAGGAGTTGC-1-3,Ngn3 high EP
GGGCACTCAATGAAAC-1-3,Ngn3 high EP
GGGCACTGTCTCCATC-1-3,Fev+
GGGCACTTCACGAAGG-1-3,Ngn3 low EP
GGGCACTTCTGTCTCG-1-3,Fev+
GGGCATCCATTTCAGG-1-3,Alpha
GGGCATCGTGGTCTCG-1-3,Ngn3 high EP
GGGTCTGAGATGTTAG-1-3,Fev+
GGGTCTGCACAGGCCT-1-3,Ngn3 high EP
GGGTCTGCATGAAGTA-1-3,Ngn3 high EP
GGGTCTGTCATGTGGT-1-3,Fev+
GGGTTGCGTACAAGTA-1-3,Alpha
GGGTTGCTCCCAGGTG-1-3,Fev+
GGTATTGGTACTCGCG-1-3,Ngn3 high EP
GGTATTGGTTGATTGC-1-3,Fev+
GGTATTGTCAGGTTCA-1-3,Alpha
GGTGAAGAGCAGGTCA-1-3,Fev+
GGTGAAGAGGTAAACT-1-3,Ngn3 high EP
GGTGCGTAGCGTCAAG-1-3,Alpha
GGTGCGTTCACAGTAC-1-3,Alpha
GGTGCGTTCACCGTAA-1-3,Fev+
GGTGCGTTCTTGCAAG-1-3,Ngn3 high EP
GGTGTTAAGAGCCCAA-1-3,Fev+
GTAACGTCATCGGAAG-1-3,Ngn3 high EP
GTAACGTGTACCGGCT-1-3,Alpha
GTAACGTGTGCCTGCA-1-3,Ngn3 high EP
GTAACGTTCAATCTCT-1-3,Fev+
GTAACGTTCCAGAGGA-1-3,Fev+
GTAACTGAGGTGCTTT-1-3,Alpha
GTAACTGAGTGCTGCC-1-3,Fev+
GTAACTGGTCACTGGC-1-3,Fev+
GTACGTAAGTCCCACG-1-3,Ngn3 high EP
GTACGTACATCGATGT-1-3,Ngn3 high EP
GTACGTATCATATCGG-1-3,Fev+
GTACTCCCACAGGTTT-1-3,Fev+
GTACTCCCACGTCTCT-1-3,Ngn3 low EP
GTACTCCCACTACAGT-1-3,Alpha
GTACTCCGTTAAGAAC-1-3,Fev+
GTACTCCTCCAACCAA-1-3,Ngn3 high EP
GTACTCCTCTCTTATG-1-3,Alpha
GTACTTTAGATATGCA-1-3,Fev+
GTACTTTCAACGATCT-1-3,Ngn3 high EP
GTACTTTCATGCATGT-1-3,Alpha
GTACTTTCATGCCCGA-1-3,Fev+
GTACTTTCATGGTCAT-1-3,Ngn3 high EP
GTACTTTTCCCTAATT-1-3,Ngn3 high EP
GTACTTTTCGGCGCAT-1-3,Ngn3 low EP
GTAGGCCAGCTAACAA-1-3,Fev+
GTAGGCCGTCAATGTC-1-3,Ngn3 high EP
GTAGTCAAGCACGCCT-1-3,Ngn3 low EP
GTAGTCACATCGATGT-1-3,Ngn3 high EP
GTAGTCAGTACTCAAC-1-3,Fev+
GTAGTCAGTCCGACGT-1-3,Ngn3 high EP
GTAGTCAGTCCGCTGA-1-3,Ngn3 high EP
GTAGTCAGTGACGCCT-1-3,Ngn3 high EP
GTAGTCAGTGCCTGTG-1-3,Fev+
GTATCTTAGATAGCAT-1-3,Ngn3 low EP
GTATCTTCATCGATGT-1-3,Ngn3 high EP
GTATCTTGTACTCAAC-1-3,Alpha
GTATCTTGTCGCGGTT-1-3,Ngn3 high EP
GTATCTTTCGTGGACC-1-3,Fev+
GTATCTTTCTTTAGTC-1-3,Alpha
GTATTCTTCACTTACT-1-3,Fev+
GTCAAGTAGTATCGAA-1-3,Alpha
GTCAAGTCACACATGT-1-3,Ngn3 high EP
GTCACAAAGAAACCTA-1-3,Fev+
GTCACAACACGTCTCT-1-3,Ngn3 high EP
GTCACAAGTCGAGTTT-1-3,Ngn3 high EP
GTCACAATCTGTCTAT-1-3,Ngn3 high EP
GTCACGGAGTCCCACG-1-3,Fev+
GTCACGGCACTTCGAA-1-3,Fev+
GTCACGGCATCCGTGG-1-3,Fev+
GTCACGGTCACCGGGT-1-3,Ngn3 high EP
GTCACGGTCTTGCCGT-1-3,Fev+
GTCATTTGTGATGTCT-1-3,Ngn3 high EP
GTCCTCAAGAAGGTGA-1-3,Fev+
GTCCTCAAGTTCGATC-1-3,Alpha
GTCCTCACAAGTAATG-1-3,Ngn3 low EP
GTCCTCACATGACATC-1-3,Fev+
GTCCTCATCATTTGGG-1-3,Ngn3 high EP
GTCCTCATCTGGAGCC-1-3,Ngn3 high EP
GTCGGGTCACGCCAGT-1-3,Alpha
GTCGGGTGTCTGCAAT-1-3,Alpha
GTCGGGTGTGCAACTT-1-3,Alpha
GTCGGGTGTTTGGCGC-1-3,Ngn3 high EP
GTCGTAAAGGTGATTA-1-3,Fev+
GTCGTAAGTGACTCAT-1-3,Ngn3 high EP
GTCGTAATCAGCACAT-1-3,Ngn3 high EP
GTCGTAATCGTTGACA-1-3,Ngn3 high EP
GTCTCGTAGGCTAGAC-1-3,Ngn3 high EP
GTCTCGTCATAGTAAG-1-3,Ngn3 high EP
GTCTCGTCATTCGACA-1-3,Ngn3 low EP
GTCTCGTGTCCCTTGT-1-3,Ngn3 high EP
GTCTCGTTCACTTCAT-1-3,Ngn3 high EP
GTCTCGTTCCTAGGGC-1-3,Alpha
GTCTTCGAGCGTGAGT-1-3,Fev+
GTCTTCGGTCAGAGGT-1-3,Fev+
GTCTTCGGTGACGCCT-1-3,Alpha
GTCTTCGGTTACAGAA-1-3,Alpha
GTCTTCGGTTTAAGCC-1-3,Ngn3 high EP
GTCTTCGTCCGTTGCT-1-3,Alpha
GTCTTCGTCTACCAGA-1-3,Fev+
GTGAAGGTCAGGCCCA-1-3,Fev+
GTGAAGGTCTTAACCT-1-3,Alpha
GTGCAGCAGCTAAGAT-1-3,Alpha
GTGCAGCAGCTATGCT-1-3,Ngn3 high EP
GTGCAGCCACCTTGTC-1-3,Ngn3 high EP
GTGCAGCTCGTTTATC-1-3,Fev+
GTGCAGCTCTAAGCCA-1-3,Fev+
GTGCATAAGAACAATC-1-3,Fev+
GTGCATAGTCTCCATC-1-3,Ngn3 high EP
GTGCATAGTTCAACCA-1-3,Alpha
GTGCATATCTCCCTGA-1-3,Ngn3 low EP
GTGCGGTCAAAGCAAT-1-3,Fev+
GTGCGGTCACCGAATT-1-3,Alpha
GTGCGGTCAGCGTAAG-1-3,Ngn3 high EP
GTGCGGTCATTTGCCC-1-3,Fev+
GTGCGGTGTCATCGGC-1-3,Fev+
GTGCTTCAGAGGGATA-1-3,Alpha
GTGCTTCGTGAGGGTT-1-3,Fev+
GTGCTTCGTTGGTAAA-1-3,Alpha
GTGCTTCTCAGATAAG-1-3,Ngn3 high EP
GTGGGTCCACGAAAGC-1-3,Ngn3 high EP
GTGGGTCGTAAGTGGC-1-3,Fev+
GTGGGTCGTAGGAGTC-1-3,Fev+
GTGGGTCGTCCAGTAT-1-3,Alpha
GTGTGCGGTCTCCACT-1-3,Alpha
GTGTGCGGTGGACGAT-1-3,Alpha
GTGTGCGGTGTAAGTA-1-3,Alpha
GTGTTAGAGAATTGTG-1-3,Ngn3 high EP
GTGTTAGAGACTACAA-1-3,Ngn3 high EP
GTGTTAGAGTTTCCTT-1-3,Fev+
GTGTTAGGTACCGAGA-1-3,Alpha
GTGTTAGGTCTCATCC-1-3,Fev+
GTGTTAGGTGAACCTT-1-3,Fev+
GTGTTAGTCGTAGATC-1-3,Ngn3 low EP
GTTAAGCAGGATTCGG-1-3,Ngn3 high EP
GTTAAGCTCCGCATAA-1-3,Ngn3 high EP
GTTAAGCTCCGCGTTT-1-3,Ngn3 low EP
GTTACAGTCCGATATG-1-3,Ngn3 high EP
GTTCATTAGAAGATTC-1-3,Ngn3 low EP
GTTCATTAGAATGTGT-1-3,Alpha
GTTCATTAGGAGCGTT-1-3,Alpha
GTTCATTAGGCAGTCA-1-3,Fev+
GTTCATTGTCAACATC-1-3,Ngn3 low EP
GTTCATTGTTCCAACA-1-3,Alpha
GTTCATTGTTGTACAC-1-3,Fev+
GTTCGGGAGGCAATTA-1-3,Alpha
GTTCTCGAGAATTCCC-1-3,Alpha
GTTCTCGCAAGAAAGG-1-3,Alpha
GTTCTCGCAAGTCTAC-1-3,Alpha
GTTCTCGCATCACGAT-1-3,Ngn3 high EP
GTTCTCGCATGTAGTC-1-3,Alpha
GTTCTCGGTAAGTGTA-1-3,Fev+
GTTCTCGGTGTAAGTA-1-3,Ngn3 high EP
GTTCTCGGTTTGTGTG-1-3,Fev+
GTTCTCGTCAGTTTGG-1-3,Ngn3 low EP
GTTCTCGTCTACCAGA-1-3,Alpha
GTTTCTAAGATGTGGC-1-3,Ngn3 high EP
GTTTCTAGTATCGCAT-1-3,Alpha
GTTTCTAGTCCTCTTG-1-3,Alpha
GTTTCTATCCAGGGCT-1-3,Alpha
TAAACCGAGGTCGGAT-1-3,Ngn3 high EP
TAAACCGCACACATGT-1-3,Ngn3 high EP
TAAGAGAAGCCAGAAC-1-3,Fev+
TAAGAGAAGCGATTCT-1-3,Alpha
TAAGAGATCTGCGACG-1-3,Fev+
TAAGCGTAGATCGATA-1-3,Ngn3 low EP
TAAGCGTCAATGCCAT-1-3,Ngn3 high EP
TAAGTGCGTCCGTCAG-1-3,Fev+
TACACGAAGATCCCAT-1-3,Alpha
TACACGACATGTAGTC-1-3,Alpha
TACACGAGTGCAACTT-1-3,Ngn3 high EP
TACAGTGCAAACGTGG-1-3,Ngn3 high EP
TACAGTGCAATCTACG-1-3,Ngn3 low EP
TACAGTGCACAGGCCT-1-3,Alpha
TACAGTGCACTCGACG-1-3,Ngn3 low EP
TACAGTGGTAAACGCG-1-3,Fev+
TACAGTGGTCGAATCT-1-3,Fev+
TACAGTGTCCCTAACC-1-3,Fev+
TACAGTGTCGCTGATA-1-3,Ngn3 high EP
TACCTATCATTACGAC-1-3,Fev+
TACCTATGTCGGCTCA-1-3,Fev+
TACCTATGTTAAAGTG-1-3,Ngn3 high EP
TACCTTAAGATGTAAC-1-3,Ngn3 high EP
TACCTTAGTCAGGACA-1-3,Ngn3 low EP
TACCTTATCGGCGCAT-1-3,Ngn3 high EP
TACCTTATCTCGCTTG-1-3,Ngn3 high EP
TACGGATAGGCCCTCA-1-3,Alpha
TACGGATAGTTTAGGA-1-3,Ngn3 low EP
TACGGATTCACGGTTA-1-3,Fev+
TACGGATTCCAAGTAC-1-3,Ngn3 high EP
TACGGGCAGCAAATCA-1-3,Ngn3 high EP
TACGGGCCATATGCTG-1-3,Ngn3 high EP
TACGGTACACGGTAGA-1-3,Ngn3 high EP
TACTCATAGAAACCAT-1-3,Fev+
TACTCATAGACCTTTG-1-3,Fev+
TACTCATAGCCAACAG-1-3,Alpha
TACTCATAGGCCATAG-1-3,Ngn3 low EP
TACTCATAGGTGTTAA-1-3,Fev+
TACTCGCAGTAAGTAC-1-3,Alpha
TACTCGCCAGACAAGC-1-3,Fev+
TACTTACCATGGGACA-1-3,Ngn3 high EP
TACTTACGTGTGGCTC-1-3,Fev+
TACTTACGTTTCCACC-1-3,Fev+
TACTTGTGTGTATGGG-1-3,Alpha
TACTTGTTCGGAGGTA-1-3,Ngn3 high EP
TAGACCAGTATATGGA-1-3,Alpha
TAGACCATCGTTGACA-1-3,Ngn3 low EP
TAGAGCTAGTGCCATT-1-3,Fev+
TAGAGCTTCTCGCTTG-1-3,Alpha
TAGGCATCAAACCCAT-1-3,Alpha
TAGGCATCAGCATGAG-1-3,Alpha
TAGGCATGTATCGCAT-1-3,Ngn3 low EP
TAGGCATGTCTGCAAT-1-3,Fev+
TAGTGGTAGGACACCA-1-3,Ngn3 high EP
TAGTGGTCATTCACTT-1-3,Fev+
TAGTGGTGTAAAGTCA-1-3,Fev+
TAGTGGTGTAGCAAAT-1-3,Alpha
TAGTGGTTCACCTTAT-1-3,Fev+
TAGTGGTTCCTCAACC-1-3,Fev+
TAGTTGGCACGTAAGG-1-3,Ngn3 high EP
TAGTTGGCAGCCTATA-1-3,Ngn3 high EP
TAGTTGGCAGTAACGG-1-3,Fev+
TAGTTGGGTATAGTAG-1-3,Fev+
TATCAGGCACCAGTTA-1-3,Ngn3 high EP
TATCAGGGTTCGAATC-1-3,Fev+
TATCTCAAGTGTACTC-1-3,Fev+
TATCTCACACGCGAAA-1-3,Alpha
TATGCCCAGAACAATC-1-3,Fev+
TATGCCCGTCTAGCCG-1-3,Ngn3 high EP
TATGCCCTCTTCCTTC-1-3,Ngn3 low EP
TATTACCAGATGGGTC-1-3,Alpha
TATTACCCAGTAGAGC-1-3,Fev+
TATTACCGTGGTCCGT-1-3,Ngn3 high EP
TATTACCGTTGAGTTC-1-3,Ngn3 high EP
TATTACCGTTTGGGCC-1-3,Fev+
TATTACCTCGTTGCCT-1-3,Alpha
TCAACGACAAGGTTTC-1-3,Ngn3 high EP
TCAACGAGTAGCGTAG-1-3,Fev+
TCAACGATCAACCATG-1-3,Fev+
TCAATCTCAGTGGGAT-1-3,Fev+
TCAATCTCATCCGCGA-1-3,Ngn3 high EP
TCAATCTTCCCATTTA-1-3,Fev+
TCAATCTTCGAACGGA-1-3,Alpha
TCACAAGAGCATGGCA-1-3,Alpha
TCACAAGCAACGATGG-1-3,Alpha
TCACAAGCACCGAAAG-1-3,Ngn3 high EP
TCACAAGTCGTCGTTC-1-3,Ngn3 high EP
TCACAAGTCTGGTTCC-1-3,Alpha
TCACGAAAGTGGCACA-1-3,Fev+
TCACGAACAGGCGATA-1-3,Alpha
TCACGAAGTCCGAGTC-1-3,Ngn3 high EP
TCACGAATCCTATGTT-1-3,Ngn3 low EP
TCAGATGCACTCGACG-1-3,Fev+
TCAGATGCATATACCG-1-3,Fev+
TCAGCAAAGCGATGAC-1-3,Ngn3 high EP
TCAGCAATCGCCGTGA-1-3,Fev+
TCAGCTCAGTGTGAAT-1-3,Alpha
TCAGGATGTTGGGACA-1-3,Alpha
TCAGGATTCTGTCTAT-1-3,Alpha
TCAGGTAAGACCTAGG-1-3,Alpha
TCAGGTAAGCGTAATA-1-3,Fev+
TCAGGTAAGGCGTACA-1-3,Ngn3 high EP
TCAGGTACAAGGCTCC-1-3,Fev+
TCAGGTACACGGCCAT-1-3,Ngn3 high EP
TCAGGTACAGTCACTA-1-3,Alpha
TCATTACCATGCATGT-1-3,Ngn3 high EP
TCATTACGTTGATTCG-1-3,Fev+
TCATTTGCATTGGCGC-1-3,Fev+
TCCACACCAGGCGATA-1-3,Alpha
TCCACACGTATAGGTA-1-3,Ngn3 high EP
TCCACACTCCCAAGAT-1-3,Fev+
TCCACACTCGGCTTGG-1-3,Alpha
TCCCGATAGGACAGCT-1-3,Fev+
TCCCGATAGTCGTTTG-1-3,Fev+
TCCCGATCAACGATGG-1-3,Ngn3 high EP
TCCCGATCAGCATGAG-1-3,Ngn3 high EP
TCCCGATCATGCTAGT-1-3,Alpha
TCCCGATGTTAAGACA-1-3,Alpha
TCGAGGCAGAACAATC-1-3,Alpha
TCGAGGCAGGCATGGT-1-3,Fev+
TCGAGGCAGTTAACGA-1-3,Alpha
TCGAGGCCAATGGATA-1-3,Fev+
TCGAGGCTCCTTTACA-1-3,Alpha
TCGCGAGAGTACGCGA-1-3,Fev+
TCGCGAGAGTGTACTC-1-3,Alpha
TCGCGAGCACTTCTGC-1-3,Fev+
TCGCGAGTCGACGGAA-1-3,Fev+
TCGCGTTCACAAGTAA-1-3,Ngn3 low EP
TCGCGTTGTCTAACGT-1-3,Ngn3 high EP
TCGCGTTTCGGAATCT-1-3,Ngn3 high EP
TCGCGTTTCTCTGCTG-1-3,Fev+
TCGCGTTTCTGGGCCA-1-3,Fev+
TCGCGTTTCTTGCCGT-1-3,Ngn3 low EP
TCGGGACAGAGAACAG-1-3,Ngn3 high EP
TCGGGACAGATCGATA-1-3,Ngn3 high EP
TCGGGACAGCGTTGCC-1-3,Fev+
TCGGGACGTCATCGGC-1-3,Ngn3 high EP
TCGGGACTCCAGATCA-1-3,Ngn3 low EP
TCGGTAAAGATTACCC-1-3,Ngn3 high EP
TCGGTAACAGGGTACA-1-3,Alpha
TCGGTAAGTGTGAAAT-1-3,Fev+
TCGGTAATCTGTTGAG-1-3,Ngn3 high EP
TCGTACCCACTGCCAG-1-3,Alpha
TCGTACCTCACTTACT-1-3,Alpha
TCGTAGATCTTTACGT-1-3,Fev+
TCTATTGAGAATAGGG-1-3,Fev+
TCTATTGAGAATCTCC-1-3,Fev+
TCTATTGAGGCTACGA-1-3,Alpha
TCTATTGCAATCCAAC-1-3,Alpha
TCTATTGTCGAGAACG-1-3,Ngn3 low EP
TCTATTGTCGTATCAG-1-3,Fev+
TCTATTGTCTAACTCT-1-3,Fev+
TCTCATAAGAATGTGT-1-3,Fev+
TCTCATAAGATGGCGT-1-3,Fev+
TCTCATAAGCAGATCG-1-3,Ngn3 high EP
TCTCATACAACGATGG-1-3,Fev+
TCTCATAGTGGACGAT-1-3,Ngn3 high EP
TCTCATAGTTACCAGT-1-3,Ngn3 high EP
TCTCATATCTAACGGT-1-3,Fev+
TCTCTAAAGACCGGAT-1-3,Ngn3 low EP
TCTCTAACAATCAGAA-1-3,Fev+
TCTCTAACAATCCGAT-1-3,Alpha
TCTCTAATCAAAGACA-1-3,Ngn3 high EP
TCTCTAATCCCAACGG-1-3,Fev+
TCTCTAATCCCTTGCA-1-3,Alpha
TCTCTAATCCTCAACC-1-3,Alpha
TCTGAGACAGCTCGCA-1-3,Ngn3 high EP
TCTGAGAGTACCGTAT-1-3,Ngn3 low EP
TCTGAGATCTGAGTGT-1-3,Ngn3 low EP
TCTGAGATCTTGCAAG-1-3,Ngn3 low EP
TCTGGAAGTTCGTCTC-1-3,Fev+
TCTTCGGGTTATTCTC-1-3,Alpha
TCTTCGGTCTGCTTGC-1-3,Alpha
TCTTTCCAGGATTCGG-1-3,Alpha
TCTTTCCTCGTCTGCT-1-3,Ngn3 low EP
TGAAAGAAGTGAACGC-1-3,Fev+
TGAAAGAGTCTAAAGA-1-3,Alpha
TGAAAGAGTTATCACG-1-3,Ngn3 low EP
TGACAACCATAGGATA-1-3,Ngn3 high EP
TGACAACCATGGTTGT-1-3,Alpha
TGACAACTCGCACTCT-1-3,Fev+
TGACGGCAGTATCTCG-1-3,Alpha
TGACGGCGTCAGGACA-1-3,Fev+
TGACTAGGTGTATGGG-1-3,Ngn3 high EP
TGACTAGTCCTATTCA-1-3,Ngn3 high EP
TGACTTTAGGTCATCT-1-3,Ngn3 low EP
TGACTTTTCTGGCGAC-1-3,Alpha
TGAGAGGAGCCGTCGT-1-3,Ngn3 high EP
TGAGAGGTCATTGCCC-1-3,Alpha
TGAGCATCAAGCCGCT-1-3,Alpha
TGAGCATGTCTGGAGA-1-3,Alpha
TGAGCATGTGTAATGA-1-3,Fev+
TGAGCATGTTAAAGAC-1-3,Ngn3 high EP
TGAGCCGCATGTCTCC-1-3,Ngn3 high EP
TGAGCCGGTACCAGTT-1-3,Fev+
TGAGCCGTCCGCTGTT-1-3,Ngn3 high EP
TGAGCCGTCGTCACGG-1-3,Ngn3 low EP
TGAGCCGTCTCTGAGA-1-3,Fev+
TGAGGGACAGGACCCT-1-3,Alpha
TGAGGGAGTCCGAACC-1-3,Fev+
TGATTTCAGTACGCCC-1-3,Ngn3 high EP
TGATTTCCAAATACAG-1-3,Ngn3 high EP
TGATTTCCACAAGTAA-1-3,Ngn3 high EP
TGCACCTAGAAGAAGC-1-3,Ngn3 low EP
TGCACCTAGATAGTCA-1-3,Fev+
TGCCAAAAGCAATCTC-1-3,Alpha
TGCCAAAAGCGCTTAT-1-3,Fev+
TGCCAAACACGTTGGC-1-3,Alpha
TGCCAAACAGCTTAAC-1-3,Ngn3 low EP
TGCCAAACATGACATC-1-3,Ngn3 high EP
TGCCCATAGAGTAAGG-1-3,Fev+
TGCCCATCACTGTGTA-1-3,Ngn3 low EP
TGCCCATCATTTGCCC-1-3,Fev+
TGCCCATGTCTCCATC-1-3,Alpha
TGCCCTAAGTCCGGTC-1-3,Fev+
TGCCCTACACCCAGTG-1-3,Ngn3 high EP
TGCCCTAGTATCGCAT-1-3,Fev+
TGCCCTATCATAAAGG-1-3,Alpha
TGCCCTATCGTTACAG-1-3,Ngn3 high EP
TGCGCAGGTGCGAAAC-1-3,Ngn3 high EP
TGCGGGTAGACGCACA-1-3,Ngn3 high EP
TGCGGGTAGGGTTCCC-1-3,Alpha
TGCGGGTCAATCGAAA-1-3,Ngn3 high EP
TGCGTGGAGGTAAACT-1-3,Ngn3 low EP
TGCGTGGAGGTTCCTA-1-3,Fev+
TGCGTGGCAGTATAAG-1-3,Alpha
TGCGTGGCATCAGTAC-1-3,Fev+
TGCGTGGGTCCCTTGT-1-3,Fev+
TGCGTGGGTTACTGAC-1-3,Fev+
TGCTACCAGACTAAGT-1-3,Ngn3 high EP
TGCTACCAGTTTCCTT-1-3,Fev+
TGCTACCCAGGGCATA-1-3,Ngn3 low EP
TGCTACCCATAAGACA-1-3,Ngn3 high EP
TGCTACCGTAGTACCT-1-3,Fev+
TGCTACCGTAGTGAAT-1-3,Fev+
TGCTGCTAGGATGCGT-1-3,Ngn3 high EP
TGCTGCTCACAGATTC-1-3,Alpha
TGGACGCAGATTACCC-1-3,Fev+
TGGACGCAGCTGCAAG-1-3,Alpha
TGGACGCGTATTCGTG-1-3,Ngn3 high EP
TGGACGCGTCCGCTGA-1-3,Ngn3 high EP
TGGACGCTCTTGTTTG-1-3,Fev+
TGGCCAGCAATGAAAC-1-3,Fev+
TGGCCAGTCTGCTGCT-1-3,Ngn3 high EP
TGGCTGGCATGGGACA-1-3,Fev+
TGGGAAGCACGTAAGG-1-3,Fev+
TGGGAAGGTCTGATCA-1-3,Alpha
TGGGCGTAGTGAAGTT-1-3,Fev+
TGGGCGTAGTGTGAAT-1-3,Fev+
TGGGCGTGTCCCTACT-1-3,Alpha
TGGGCGTGTGTGCGTC-1-3,Alpha
TGGTTAGAGTAGTGCG-1-3,Ngn3 high EP
TGGTTAGCAATAGAGT-1-3,Alpha
TGGTTAGCAGTCGTGC-1-3,Fev+
TGGTTAGCATGTTCCC-1-3,Fev+
TGGTTAGTCCTTGACC-1-3,Ngn3 high EP
TGGTTCCCAATACGCT-1-3,Alpha
TGGTTCCGTCGAATCT-1-3,Ngn3 low EP
TGGTTCCTCAACCATG-1-3,Alpha
TGTATTCCACCAACCG-1-3,Alpha
TGTATTCGTCGACTAT-1-3,Ngn3 low EP
TGTCCCAAGTTTAGGA-1-3,Ngn3 low EP
TGTCCCACACGGTAGA-1-3,Ngn3 high EP
TGTCCCATCAAAGTAG-1-3,Alpha
TGTGGTAAGAGGTTAT-1-3,Fev+
TGTGGTACAGTAAGCG-1-3,Alpha
TGTGGTACAGTCGATT-1-3,Ngn3 low EP
TGTGGTATCCAGAAGG-1-3,Fev+
TGTGGTATCCAGTAGT-1-3,Ngn3 high EP
TGTGTTTAGCAGGCTA-1-3,Fev+
TGTGTTTGTAGCCTCG-1-3,Ngn3 high EP
TGTGTTTGTATATCCG-1-3,Alpha
TGTGTTTGTATGAATG-1-3,Fev+
TGTGTTTTCATTCACT-1-3,Alpha
TGTGTTTTCCCTCAGT-1-3,Fev+
TGTTCCGGTCAGTGGA-1-3,Alpha
TGTTCCGTCAAACCAC-1-3,Fev+
TGTTCCGTCATCGGAT-1-3,Ngn3 high EP
TTAACTCCACGAGAGT-1-3,Ngn3 high EP
TTAACTCCACGCCAGT-1-3,Fev+
TTAACTCGTAATCGTC-1-3,Fev+
TTAGGACAGATGGGTC-1-3,Alpha
TTAGGACAGGTCATCT-1-3,Alpha
TTAGGACCATCATCCC-1-3,Ngn3 high EP
TTAGGACGTTCAGTAC-1-3,Ngn3 low EP
TTAGGCAAGTATTGGA-1-3,Ngn3 low EP
TTAGGCACAGCTGCTG-1-3,Alpha
TTAGGCACATAGAAAC-1-3,Alpha
TTAGGCAGTGTGAATA-1-3,Ngn3 high EP
TTAGGCAGTTAAGAAC-1-3,Fev+
TTAGGCAGTTCCAACA-1-3,Fev+
TTAGGCAGTTTGTTGG-1-3,Fev+
TTAGGCATCCGGGTGT-1-3,Alpha
TTATGCTTCAACGAAA-1-3,Ngn3 high EP
TTATGCTTCCAGTATG-1-3,Fev+
TTCCCAGAGGATTCGG-1-3,Ngn3 high EP
TTCCCAGAGTTACCCA-1-3,Ngn3 high EP
TTCCCAGCAACACCCG-1-3,Fev+
TTCCCAGCAAGCCTAT-1-3,Alpha
TTCCCAGGTGTTAAGA-1-3,Fev+
TTCCCAGTCATAGCAC-1-3,Fev+
TTCGAAGAGTACGCCC-1-3,Ngn3 high EP
TTCGAAGCATACTACG-1-3,Ngn3 high EP
TTCGAAGTCAACGCTA-1-3,Fev+
TTCGGTCAGCTAGCCC-1-3,Ngn3 high EP
TTCGGTCGTTATGCGT-1-3,Fev+
TTCGGTCTCGACCAGC-1-3,Fev+
TTCGGTCTCTTTAGGG-1-3,Fev+
TTCTACAAGATCGATA-1-3,Ngn3 low EP
TTCTACACAGTCGATT-1-3,Alpha
TTCTACACATAAAGGT-1-3,Fev+
TTCTACAGTGTTGAGG-1-3,Ngn3 low EP
TTCTCAAAGCCTATGT-1-3,Ngn3 high EP
TTCTCAAAGTACGCGA-1-3,Ngn3 high EP
TTCTCAACAATAGAGT-1-3,Ngn3 high EP
TTCTCAAGTGTGAAAT-1-3,Alpha
TTCTCAATCACTCCTG-1-3,Fev+
TTCTCCTAGGGATGGG-1-3,Alpha
TTCTCCTTCTGTTTGT-1-3,Fev+
TTCTTAGAGGCCGAAT-1-3,Ngn3 high EP
TTCTTAGTCCGTTGCT-1-3,Alpha
TTCTTAGTCGCAGGCT-1-3,Ngn3 high EP
TTCTTAGTCGGCGCTA-1-3,Ngn3 high EP
TTGAACGAGGAATCGC-1-3,Alpha
TTGAACGAGGAGTTTA-1-3,Ngn3 high EP
TTGAACGTCTGGTTCC-1-3,Ngn3 high EP
TTGACTTAGGTGCTAG-1-3,Ngn3 high EP
TTGACTTCAATGGACG-1-3,Fev+
TTGACTTGTTCCATGA-1-3,Ngn3 high EP
TTGACTTTCACCGGGT-1-3,Fev+
TTGACTTTCAGCCTAA-1-3,Fev+
TTGACTTTCTAAGCCA-1-3,Ngn3 high EP
TTGACTTTCTGGAGCC-1-3,Alpha
TTGCCGTAGCCAGTTT-1-3,Alpha
TTGCCGTCACCGAATT-1-3,Alpha
TTGCCGTCACGACGAA-1-3,Alpha
TTGCCGTTCGGATGTT-1-3,Fev+
TTGCGTCCACCGATAT-1-3,Ngn3 high EP
TTGCGTCGTATAAACG-1-3,Alpha
TTGGAACAGAAGATTC-1-3,Alpha
TTGGAACAGTAGGCCA-1-3,Fev+
TTGGAACGTCAGTGGA-1-3,Fev+
TTGGAACGTCCGTTAA-1-3,Fev+
TTGGCAAAGAACTGTA-1-3,Fev+
TTGGCAAAGCTTATCG-1-3,Fev+
TTGGCAACACAGCCCA-1-3,Ngn3 high EP
TTGGCAATCGGATGGA-1-3,Alpha
TTGGCAATCTCGTTTA-1-3,Ngn3 high EP
TTGGCAATCTCTGCTG-1-3,Fev+
TTGTAGGCACTGTTAG-1-3,Alpha
TTGTAGGGTTACGGAG-1-3,Fev+
TTGTAGGGTTGTTTGG-1-3,Ngn3 low EP
TTGTAGGTCAAAGTAG-1-3,Ngn3 high EP
TTGTAGGTCCAAATGC-1-3,Fev+
TTTACTGCACGGTAGA-1-3,Ngn3 high EP
TTTACTGCAGCATACT-1-3,Ngn3 high EP
TTTACTGGTTCGTTGA-1-3,Fev+
TTTATGCAGCGTCTAT-1-3,Ngn3 high EP
TTTATGCAGGTTACCT-1-3,Alpha
TTTCCTCGTGGCGAAT-1-3,Fev+
TTTGCGCAGCAACGGT-1-3,Alpha
TTTGCGCTCACTTACT-1-3,Ngn3 high EP
TTTGGTTAGACAGGCT-1-3,Alpha
TTTGGTTCACGAAGCA-1-3,Ngn3 high EP
TTTGTCAAGAATGTGT-1-3,Fev+
TTTGTCAAGTGACATA-1-3,Fev+
TTTGTCATCGAATGCT-1-3,Alpha
