index,UMAP_1,UMAP_2
AAACCTGAGAGGGATA-1-3,-5.9132347,0.48678967
AAACCTGAGGCAATTA-1-3,-7.1610947,-0.8851979
AAACCTGGTAAGTGGC-1-3,-0.70915717,5.111197
AAACCTGTCCCTCTTT-1-3,-6.526795,-4.6902227
AAACGGGGTCGGGTCT-1-3,-8.395704,-6.5273056
AAACGGGTCAAACAAG-1-3,5.045131,3.7302108
AAACGGGTCAGCTCTC-1-3,7.4627867,-2.6866844
AAACGGGTCCGCGCAA-1-3,-3.6333504,-0.45814154
AAAGATGAGAGTACCG-1-3,-7.256127,1.9157484
AAAGATGAGCGCCTCA-1-3,-5.6971593,-1.8137062
AAAGATGAGTACACCT-1-3,-6.1755023,-2.1231723
AAAGATGAGTGAACAT-1-3,6.871081,-3.2224274
AAAGATGTCGGCTTGG-1-3,-7.6057253,-2.7132926
AAAGCAAAGAACAACT-1-3,-5.392955,1.8994317
AAAGCAAAGCTACCTA-1-3,-3.9362915,4.943508
AAAGTAGAGAGTGAGA-1-3,-5.608924,-1.8110677
AAAGTAGCACATGACT-1-3,-8.161951,-5.2425165
AAATGCCCAATGGAAT-1-3,-8.443927,-5.1808085
AAATGCCCACATCTTT-1-3,6.55019,2.5380137
AAATGCCCACCAACCG-1-3,2.143968,5.933322
AAATGCCCATGCTAGT-1-3,-0.15881807,6.419163
AAATGCCGTGATAAGT-1-3,-7.347463,-4.1010413
AACACGTAGTAATCCC-1-3,-3.837027,-0.96910167
AACACGTCAAACGCGA-1-3,-6.583696,-3.2737725
AACACGTCAAATTGCC-1-3,-8.0542965,-4.8321486
AACACGTGTCGACTGC-1-3,-5.2139306,4.22058
AACACGTGTCGATTGT-1-3,-6.9955106,-4.888298
AACACGTGTCGGCTCA-1-3,6.017674,3.316473
AACACGTGTCTTGTCC-1-3,1.2735062,6.0511193
AACACGTGTGACTCAT-1-3,-0.94580716,5.599758
AACACGTTCGGAATCT-1-3,-1.3855658,5.5869665
AACCATGAGAGCCTAG-1-3,6.8054066,2.7661858
AACCATGCACAGGAGT-1-3,6.2182636,3.3964756
AACCATGGTGGGTATG-1-3,-5.9957733,2.4418433
AACCATGGTTCGGCAC-1-3,2.2293472,5.087794
AACCATGGTTGAACTC-1-3,-6.221689,3.3915355
AACCATGTCGTATCAG-1-3,1.729921,4.5859838
AACCGCGAGGATGGTC-1-3,5.812995,3.8681903
AACCGCGCAGCCACCA-1-3,5.10378,3.431106
AACCGCGTCAGTGTTG-1-3,-7.3900657,-4.311982
AACCGCGTCCGCGGTA-1-3,-5.119637,-3.1090727
AACGTTGCAAGTTCTG-1-3,-4.099822,-1.7027727
AACGTTGCATGCCACG-1-3,-8.281805,-6.49003
AACGTTGGTCTTGCGG-1-3,-6.185725,-6.0717616
AACGTTGTCAGTTAGC-1-3,-5.386959,2.1640668
AACTCAGAGAGCTGCA-1-3,7.7561965,-0.9558656
AACTCAGAGGTAGCCA-1-3,-8.4006405,-5.8109994
AACTCAGCATTCCTCG-1-3,6.951696,1.7402506
AACTCAGGTGCCTGTG-1-3,6.2302976,2.2689931
AACTCAGTCAGATAAG-1-3,-2.2821817,4.2079535
AACTCAGTCCCAAGAT-1-3,-8.323108,-6.4077744
AACTCAGTCCGTCAAA-1-3,6.907859,-1.0547848
AACTCAGTCCTCGCAT-1-3,2.3857548,6.2207384
AACTCCCAGAACTCGG-1-3,3.2205744,3.9853158
AACTCCCAGGGAACGG-1-3,-4.020922,-1.4261805
AACTCCCCAGTTCATG-1-3,-6.0384107,-1.3105444
AACTCCCGTCCGAAGA-1-3,7.3950896,-2.963877
AACTCTTAGCTAACAA-1-3,-0.1764866,2.1009257
AACTCTTAGTGAACGC-1-3,-6.917301,-6.1860375
AACTCTTCACTCGACG-1-3,-4.1440043,-0.3782871
AACTGGTCAGTATCTG-1-3,7.445469,-0.7249294
AACTGGTGTCGAGTTT-1-3,-6.375794,3.376399
AACTGGTTCCTACAGA-1-3,-0.87750506,4.8620405
AACTTTCAGCCAACAG-1-3,-2.5925856,3.9523377
AACTTTCCACAGTCGC-1-3,6.991754,2.3406293
AACTTTCTCCAGATCA-1-3,-5.0122676,-2.1835608
AAGACCTAGACCTTTG-1-3,-6.7605753,-6.2748494
AAGACCTAGGTGTGGT-1-3,1.5520208,6.318582
AAGACCTAGTAAGTAC-1-3,-7.3439994,-1.5558888
AAGACCTAGTAGGCCA-1-3,1.0864898,6.0658216
AAGACCTCAGACTCGC-1-3,-6.6017976,-5.931115
AAGCCGCCAATGGACG-1-3,0.77137744,3.9602833
AAGCCGCGTTATCCGA-1-3,-4.4701815,4.0452766
AAGCCGCTCTTGCATT-1-3,-7.076781,-3.2421634
AAGGAGCAGTACATGA-1-3,-4.6325803,-2.554752
AAGGAGCGTTCGTCTC-1-3,3.9975033,3.97099
AAGGAGCTCCCAACGG-1-3,6.7854185,0.9455432
AAGGCAGCAGTACACT-1-3,1.8858515,4.563175
AAGGCAGGTCTAGCCG-1-3,-7.0068183,-6.569561
AAGGCAGTCCGAGCCA-1-3,7.369788,-2.855242
AAGGTTCAGATAGTCA-1-3,-7.046458,0.48826784
AAGGTTCAGCGATTCT-1-3,-3.7501342,4.4502826
AAGGTTCAGGAGCGAG-1-3,-4.6560626,-1.9680313
AAGGTTCGTCAACTGT-1-3,-6.302831,3.4558344
AAGGTTCGTTCCACGG-1-3,-6.376083,-3.0129519
AAGTCTGAGTGAACGC-1-3,6.85187,1.385707
AAGTCTGGTCTCCATC-1-3,-6.467315,3.7390494
AAGTCTGGTGGACGAT-1-3,1.3126137,4.0484614
AAGTCTGTCCGAGCCA-1-3,6.118835,2.8805597
AATCCAGAGGGTTCCC-1-3,-4.7678146,3.4983985
AATCCAGTCAGGTTCA-1-3,-1.8942857,2.0976505
AATCCAGTCGGTCCGA-1-3,-0.13134345,3.0167646
AATCGGTCAAACAACA-1-3,5.842127,1.7904795
AATCGGTCATATGGTC-1-3,2.2201297,4.955163
AATCGGTGTCACACGC-1-3,0.7633387,5.218516
AATCGGTTCCAAACTG-1-3,1.538843,4.7055697
AATCGGTTCGGAGGTA-1-3,2.9764068,3.732483
AATCGGTTCGTATCAG-1-3,-6.052587,-1.9093992
ACACCAAGTATAATGG-1-3,-8.43565,-6.528353
ACACCCTAGGACAGCT-1-3,-0.042391554,6.199786
ACACCCTCAAGGTGTG-1-3,-7.2755976,-4.6601377
ACACCCTCACGTTGGC-1-3,3.2612853,4.9045315
ACACCCTGTCAGATAA-1-3,1.033566,5.040513
ACACCCTTCAGTGTTG-1-3,-0.5104051,3.8457892
ACACCCTTCCCAGGTG-1-3,-4.8816404,2.272217
ACACCCTTCGTGGTCG-1-3,-6.2844796,-1.565382
ACACTGAAGGGTTCCC-1-3,-4.3870916,-0.94049966
ACACTGAGTACGACCC-1-3,2.0444863,6.3964143
ACACTGAGTCCATGAT-1-3,-1.5496105,4.9495387
ACACTGATCCGTCAAA-1-3,3.994018,3.472275
ACAGCCGAGAGAACAG-1-3,-5.6142035,1.829739
ACAGCCGAGAGGTACC-1-3,-7.2398777,-4.466617
ACAGCCGAGCCAACAG-1-3,-7.8138466,-5.2653527
ACAGCCGCAAGTACCT-1-3,-7.9576035,-6.8736143
ACAGCCGTCTGGAGCC-1-3,-8.996138,-5.2842054
ACAGCTATCAAGGCTT-1-3,-7.1130304,-5.9446936
ACAGCTATCGAGCCCA-1-3,-2.5397131,1.5908332
ACATACGAGCTATGCT-1-3,-5.0864105,-2.8553867
ACATACGAGTAGGCCA-1-3,6.4906,-0.7007654
ACATACGCACTTCTGC-1-3,-0.15973513,5.9544477
ACATACGGTCAATACC-1-3,6.674392,-0.67477506
ACATACGGTCCCGACA-1-3,7.53573,-2.3024936
ACATACGGTCTCTCTG-1-3,-3.1753156,4.0970116
ACATACGTCCATGAGT-1-3,-1.7201878,2.231299
ACATCAGAGAGACTTA-1-3,-1.431974,2.4291298
ACATCAGCATCACAAC-1-3,-6.311316,2.5817647
ACATCAGGTAAATGTG-1-3,-0.14765717,3.3595774
ACATCAGTCCGTTGTC-1-3,-6.604678,-0.7665879
ACATCAGTCCTTGGTC-1-3,6.0478935,2.5903966
ACATCAGTCTACCTGC-1-3,-7.198838,0.5402354
ACATGGTCAAGGACTG-1-3,6.83487,-2.9749792
ACATGGTGTCATGCAT-1-3,6.715747,-2.6651587
ACATGGTGTTAGGGTG-1-3,-7.582242,-4.8353963
ACCAGTAAGTGATCGG-1-3,-5.8288856,-2.4321568
ACCAGTACACTACAGT-1-3,-7.0106874,-3.1269243
ACCAGTAGTCATGCCG-1-3,2.2761772,4.9072437
ACCAGTAGTGCGCTTG-1-3,7.246303,-1.8768907
ACCAGTATCGTTTAGG-1-3,6.631443,1.2148631
ACCCACTCATACCATG-1-3,-3.2726133,0.2071123
ACCCACTTCTGAGGGA-1-3,-6.0251136,2.3226516
ACCGTAAGTCTAGTGT-1-3,4.58573,4.8268905
ACCTTTAGTCATATCG-1-3,-2.025602,5.7317357
ACCTTTATCCGCTGTT-1-3,-7.6256876,-1.4213036
ACCTTTATCCTGCAGG-1-3,-5.865038,-3.698144
ACGAGCCAGTTCGCAT-1-3,-5.871225,2.1400752
ACGAGCCCACCTTGTC-1-3,3.9893985,5.131891
ACGAGCCCAGTGGGAT-1-3,-7.054865,-5.9960127
ACGAGCCCATGCAATC-1-3,5.682379,2.406695
ACGAGGAAGTTACCCA-1-3,7.2168226,-3.0136573
ACGAGGACATGGTTGT-1-3,-7.8738313,-5.129854
ACGAGGATCGCCGTGA-1-3,-2.7789161,1.6949672
ACGATACAGATGAGAG-1-3,-6.5858893,-6.117958
ACGATACAGGGTCGAT-1-3,4.7447023,4.3864875
ACGATACGTGAGGGAG-1-3,-0.4335818,5.098552
ACGATACTCGCGCCAA-1-3,-6.829376,-6.340931
ACGATGTGTCACTTCC-1-3,6.4149218,1.255438
ACGATGTTCGCAGGCT-1-3,-7.373303,1.3983778
ACGATGTTCTGCTGCT-1-3,6.3083043,2.1795123
ACGCAGCCAATCCGAT-1-3,-6.596178,-2.6076534
ACGCAGCCATTCTCAT-1-3,-3.161465,0.36619574
ACGCAGCGTAATCACC-1-3,1.7830559,5.1312475
ACGCAGCGTCAACTGT-1-3,-0.3131123,2.5083761
ACGCCAGAGGAACTGC-1-3,-0.35075873,5.880212
ACGCCAGAGTGGACGT-1-3,-4.5417337,3.4962797
ACGCCAGCACCATCCT-1-3,7.268421,-1.3263125
ACGCCAGGTTACAGAA-1-3,-8.580124,-6.4289184
ACGCCAGTCCCAAGTA-1-3,5.2134395,4.5337634
ACGCCGAAGAGGGATA-1-3,7.957767,-0.8538428
ACGCCGAAGCTTCGCG-1-3,-7.5721283,-1.1783187
ACGGCCAAGTGGACGT-1-3,-5.796488,3.0918436
ACGGCCAGTCAAACTC-1-3,7.8518505,-1.966558
ACGGCCAGTTGTCTTT-1-3,0.1623997,4.837318
ACGGGCTAGACTTGAA-1-3,0.13623917,2.971201
ACGGGTCAGATGGCGT-1-3,-5.9887934,3.6388779
ACGGGTCCATGATCCA-1-3,7.0795064,0.089854464
ACGTCAAAGTGTCTCA-1-3,5.725793,4.126141
ACGTCAAGTCTAGCCG-1-3,-4.1879015,0.49188262
ACTATCTGTGTGACCC-1-3,-0.7640952,3.1583745
ACTATCTTCAAGATCC-1-3,-6.10006,1.0683055
ACTGAACAGCGTAATA-1-3,-6.3840256,-3.923776
ACTGAACCACGTTGGC-1-3,-6.825716,1.4083722
ACTGAACCATTCACTT-1-3,-7.568061,-3.0484278
ACTGAGTGTAGCTAAA-1-3,7.950891,-2.7811666
ACTGAGTGTCTTCAAG-1-3,-5.3590007,4.2332816
ACTGAGTTCGCATGAT-1-3,-5.811388,4.2111793
ACTGATGCAAGAGTCG-1-3,3.1441998,4.416881
ACTGATGCACTTGGAT-1-3,-3.8971977,-0.07173601
ACTGATGCATCAGTAC-1-3,2.3945124,4.876286
ACTGATGCATGGTCTA-1-3,-7.627017,-6.245154
ACTGATGCATGTCTCC-1-3,-2.8870897,3.9098794
ACTGATGGTTCCTCCA-1-3,-7.42076,-6.807909
ACTGATGTCCCTAACC-1-3,7.8970714,-3.016836
ACTGATGTCTAGAGTC-1-3,0.17114358,2.6269224
ACTGATGTCTGCGACG-1-3,4.279018,4.6197476
ACTGCTCAGGTGTTAA-1-3,-5.3562045,1.4223928
ACTGCTCAGTCTCCTC-1-3,5.771806,1.9821001
ACTGCTCAGTTACCCA-1-3,-5.8184776,-3.4836476
ACTGCTCCAAGAAGAG-1-3,1.6395061,6.189447
ACTGCTCGTCCTAGCG-1-3,0.2955578,5.6148868
ACTGCTCTCAGAGCTT-1-3,-2.844205,4.1394997
ACTGTCCAGCAATCTC-1-3,-7.3649015,-5.3592205
ACTGTCCAGGACTGGT-1-3,3.6387343,3.7141335
ACTGTCCCACGTAAGG-1-3,-6.444739,1.7900863
ACTGTCCCAGTTTACG-1-3,-2.805989,5.652284
ACTGTCCGTATATGGA-1-3,-3.1420517,0.7857208
ACTGTCCTCGCTAGCG-1-3,4.3047757,4.7858152
ACTTACTAGAGGGCTT-1-3,6.571164,1.4616816
ACTTACTAGCCGGTAA-1-3,7.383227,-2.6905253
ACTTACTCAATACGCT-1-3,6.3915343,2.360764
ACTTACTCAATCAGAA-1-3,6.8269053,2.2665355
ACTTACTGTTTGGGCC-1-3,3.169614,5.096194
ACTTACTTCCAATGGT-1-3,7.4312415,-0.8888799
ACTTGTTTCATATCGG-1-3,5.12822,3.922273
ACTTGTTTCCATGAGT-1-3,-3.0039992,5.3593698
ACTTTCAAGACAAGCC-1-3,-5.84573,-1.1884279
ACTTTCAAGACACTAA-1-3,-6.0069494,-5.703677
ACTTTCAAGGTGATTA-1-3,-4.7657895,-1.826513
ACTTTCACAACTGCTA-1-3,7.024935,-0.1718625
ACTTTCACAGTCACTA-1-3,-5.362868,-0.65627
ACTTTCATCACAAACC-1-3,2.7097964,4.920393
ACTTTCATCAGAGCTT-1-3,-5.900403,-2.4966295
AGAATAGCACGCTTTC-1-3,7.8171334,-1.2864143
AGAATAGGTCCGTTAA-1-3,-5.6442337,1.2297424
AGACGTTAGAGTAAGG-1-3,-5.537065,-3.6808681
AGACGTTAGCCGATTT-1-3,-6.291319,-4.716304
AGACGTTAGCTAGTCT-1-3,-7.839721,-4.0264907
AGACGTTCACCACGTG-1-3,7.146073,-2.2555518
AGACGTTTCGAGCCCA-1-3,5.770818,3.0154207
AGAGCTTAGGTTACCT-1-3,6.457865,3.225725
AGAGCTTTCTTGAGGT-1-3,3.6146235,3.6366692
AGAGTGGCACCTCGGA-1-3,-1.7115126,2.7083335
AGAGTGGGTCACCTAA-1-3,7.317055,-2.7785735
AGAGTGGGTTCTGTTT-1-3,-6.5827594,-1.0379628
AGAGTGGTCATTGCCC-1-3,-6.9839897,-4.524899
AGAGTGGTCGGCATCG-1-3,-0.21790363,4.7920885
AGATCTGCACCAGGTC-1-3,-4.058196,0.5180468
AGATCTGTCCGTCAAA-1-3,-5.3736963,4.349643
AGATTGCAGTTCCACA-1-3,5.5972056,3.8558998
AGATTGCCACAAGCCC-1-3,-4.549832,3.3865914
AGATTGCGTGGTCCGT-1-3,2.4103951,5.933147
AGATTGCTCCAGTAGT-1-3,-6.8654604,2.1191165
AGCAGCCGTCAACATC-1-3,2.5491748,6.0983534
AGCAGCCGTCGAACAG-1-3,5.3970265,3.9968207
AGCAGCCGTCGCATCG-1-3,-0.20137015,6.2434177
AGCAGCCGTGTAACGG-1-3,0.7020988,5.369608
AGCATACCAATGCCAT-1-3,5.4068747,4.192055
AGCATACGTGAAATCA-1-3,-6.680655,0.2824891
AGCATACTCGTAGGTT-1-3,3.0796542,5.08257
AGCCTAAGTTCCATGA-1-3,-5.642214,4.219601
AGCGGTCCATAACCTG-1-3,3.7263024,4.7012043
AGCGGTCGTACCGAGA-1-3,7.437536,-0.12465595
AGCGGTCGTCGAATCT-1-3,6.227274,2.5470905
AGCGGTCTCAAAGACA-1-3,-7.675528,-3.0409632
AGCGGTCTCTAACTCT-1-3,3.170798,4.750421
AGCGTATCACGAGGTA-1-3,-7.744991,-5.3421674
AGCGTATCATCTCCCA-1-3,7.299371,1.5275356
AGCGTATTCGTCTGCT-1-3,-0.15086031,2.2885036
AGCGTATTCTGCTGTC-1-3,-5.197142,0.9474805
AGCGTCGCACAGGCCT-1-3,4.929917,4.744926
AGCTCCTCAGTTTACG-1-3,-0.05140261,2.2771537
AGCTCCTGTAGAGTGC-1-3,6.70995,-1.8410488
AGCTCCTTCAATACCG-1-3,0.23636082,5.663541
AGCTCCTTCATGTCCC-1-3,-9.110392,-5.3520956
AGCTCCTTCGCCCTTA-1-3,-0.22565073,2.41507
AGCTCTCAGACATAAC-1-3,-6.828782,1.5250987
AGCTCTCAGCGTGAGT-1-3,-5.426505,2.4621077
AGCTCTCGTCGCTTCT-1-3,-6.2447743,-4.975685
AGCTCTCTCCTGCTTG-1-3,2.6662169,5.600522
AGCTTGAAGACACGAC-1-3,-0.17740174,5.113984
AGCTTGACAATAGAGT-1-3,6.9264326,-2.828631
AGCTTGAGTCAAAGAT-1-3,0.94180924,6.0304937
AGCTTGATCAACACGT-1-3,3.2721226,4.9536715
AGGCCACCAACTGCGC-1-3,-6.765637,-2.9185677
AGGCCACCACCACGTG-1-3,-6.5025015,-5.568142
AGGCCACCATGTCTCC-1-3,1.5121071,3.7968898
AGGCCGTGTACTCGCG-1-3,-1.10951,4.8816843
AGGGAGTAGAGGTAGA-1-3,6.437783,-2.76175
AGGGAGTAGCTAGCCC-1-3,-6.9032006,1.9996836
AGGGAGTAGGTCATCT-1-3,-6.4338565,-5.499241
AGGGAGTCACCGAATT-1-3,7.278591,-2.6703887
AGGGAGTCATGGTAGG-1-3,6.7696795,-0.11523062
AGGGAGTGTAATAGCA-1-3,-6.086249,-5.896785
AGGGAGTGTCTTCTCG-1-3,-4.290682,5.0419197
AGGGAGTGTGTAAGTA-1-3,1.4721459,5.1013637
AGGGAGTTCGGAGGTA-1-3,-6.8150835,-4.062584
AGGGATGAGCGTGAGT-1-3,-6.21392,4.072723
AGGGATGGTCGACTGC-1-3,-7.256707,-0.8264603
AGGGATGGTTAGGGTG-1-3,5.8945837,4.0957303
AGGGATGTCGCATGGC-1-3,-0.15381584,6.02809
AGGGTGACAGCGTTCG-1-3,-5.0674224,3.1315038
AGGGTGAGTCGCATAT-1-3,-5.993849,4.031157
AGGGTGATCCGCGGTA-1-3,5.433467,2.8565974
AGGTCATCACTTCTGC-1-3,-6.693828,-3.2285066
AGGTCATGTCCAGTAT-1-3,1.6692725,5.3833356
AGGTCATGTCTCCCTA-1-3,-5.5563116,-3.054177
AGGTCATGTGCACTTA-1-3,-3.3282557,5.0190864
AGGTCATGTTTAGGAA-1-3,-3.8614852,5.3121476
AGGTCCGAGTTACCCA-1-3,6.2561407,3.7984476
AGTAGTCAGCGTTCCG-1-3,6.668213,1.3259892
AGTAGTCCACATGACT-1-3,7.5013623,-2.1881392
AGTAGTCGTATCAGTC-1-3,-5.489135,3.4438927
AGTAGTCGTCAGTGGA-1-3,-4.97469,2.1819606
AGTAGTCGTCGCGTGT-1-3,-6.8810163,-2.4206393
AGTCTTTAGTCTCGGC-1-3,-7.126414,0.49340904
AGTCTTTCAAGCGCTC-1-3,-5.8379617,-1.1786087
AGTCTTTCACGGACAA-1-3,-5.0664215,-3.2578578
AGTCTTTGTCTAAACC-1-3,-2.0490813,5.7297964
AGTCTTTGTCTCGTTC-1-3,-8.118934,-5.433099
AGTCTTTGTTCGAATC-1-3,6.3869467,3.04636
AGTCTTTGTTTAGGAA-1-3,1.578498,4.4428625
AGTCTTTTCGTACGGC-1-3,6.224841,0.92779976
AGTGAGGAGGGAAACA-1-3,2.1634607,5.2355943
AGTGAGGGTGGCGAAT-1-3,6.1768584,1.9560795
AGTGAGGGTTATTCTC-1-3,-5.8569345,-1.6062773
AGTGAGGTCTGTTGAG-1-3,-6.8861794,0.6966698
AGTGGGAAGTAGGCCA-1-3,-6.445936,-5.004851
AGTGGGACAGTATCTG-1-3,-6.852025,2.889566
AGTGGGAGTGGCAAAC-1-3,-4.265822,-1.1907747
AGTGGGAGTGGTCCGT-1-3,6.2844005,-2.5342672
AGTGGGATCAACTCTT-1-3,1.7987558,4.5054274
AGTGTCACACCAGGTC-1-3,-2.2460482,5.2162194
AGTGTCATCCCTTGTG-1-3,-6.269717,1.3214748
AGTGTCATCGCCGTGA-1-3,-0.99312705,4.148495
AGTTGGTAGAGCCTAG-1-3,-6.9940424,-6.2732496
AGTTGGTAGCGCCTCA-1-3,-7.0401907,2.6453776
AGTTGGTAGGAACTGC-1-3,-8.36648,-5.416745
AGTTGGTCAAACAACA-1-3,7.870399,-2.936924
AGTTGGTGTCGCATCG-1-3,-0.049013715,5.3258705
AGTTGGTGTTGTCGCG-1-3,-0.9920728,3.1823595
AGTTGGTTCACATAGC-1-3,1.4026985,4.267015
ATAACGCCAAGGTTCT-1-3,-6.478814,-6.210918
ATAACGCCACCGCTAG-1-3,0.07765166,4.8507924
ATAACGCTCGCCAAAT-1-3,-2.1480806,4.0035686
ATAACGCTCGGAGGTA-1-3,-5.809277,1.2577289
ATAAGAGCAGTCTTCC-1-3,-5.453195,1.0646867
ATAAGAGGTGCTAGCC-1-3,-3.0240357,4.8838754
ATAGACCAGCGTGTCC-1-3,-6.709827,-1.8233248
ATAGACCAGTGATCGG-1-3,-7.3581915,-3.8520396
ATAGACCTCCGTAGTA-1-3,1.7155356,4.771311
ATAGACCTCTGATACG-1-3,-6.255546,3.4573367
ATAGACCTCTTGAGAC-1-3,-9.159458,-5.37498
ATCACGACAAGTACCT-1-3,2.7642612,4.642285
ATCACGACAGCCTATA-1-3,-1.4303478,5.6228228
ATCATCTAGATCCTGT-1-3,-6.433669,-6.4824023
ATCATCTAGGCCCTTG-1-3,-0.43563145,5.5089736
ATCATCTCAGCATGAG-1-3,-7.566245,-5.665095
ATCATCTTCAGTCCCT-1-3,-4.283659,4.2053456
ATCATGGAGAGTAAGG-1-3,-7.6043,0.71453696
ATCATGGAGGAATGGA-1-3,-4.982077,-3.0744994
ATCATGGCAATAGCAA-1-3,-5.093318,3.9568756
ATCATGGGTATTCGTG-1-3,-8.367265,-4.4240913
ATCATGGGTCCGCTGA-1-3,2.2957428,3.9046113
ATCATGGGTGATGTGG-1-3,3.5968108,4.7967024
ATCATGGGTTCTCATT-1-3,-7.776264,-6.361626
ATCCACCCAGTCTTCC-1-3,6.097197,2.4060533
ATCCACCTCATGCAAC-1-3,-7.978089,-4.547826
ATCCGAAAGATGTAAC-1-3,-7.195354,2.0334268
ATCCGAAGTACACCGC-1-3,-3.4562547,4.149995
ATCCGAAGTGTGCGTC-1-3,-8.142138,-5.6465197
ATCCGAATCAACTCTT-1-3,-2.8154576,5.3723
ATCGAGTTCTACTTAC-1-3,3.9182265,3.442248
ATCTACTCAGGGAGAG-1-3,4.041126,3.891349
ATCTACTGTGAACCTT-1-3,4.4394736,5.044856
ATCTGCCCACGTCTCT-1-3,7.80623,-0.38378426
ATCTGCCGTATTAGCC-1-3,7.954371,-2.9917986
ATCTGCCGTCAGAAGC-1-3,-7.07152,-5.466422
ATCTGCCGTCATATGC-1-3,-6.0136814,1.3363853
ATCTGCCTCACGCGGT-1-3,-4.6167984,4.8287816
ATCTGCCTCCACGAAT-1-3,-7.4400296,-3.19515
ATCTGCCTCCCTGACT-1-3,-8.406536,-6.14841
ATGAGGGGTTACGCGC-1-3,-5.370571,0.7768469
ATGAGGGGTTCTGGTA-1-3,2.323539,4.374991
ATGAGGGTCTTGACGA-1-3,-6.74965,2.9255376
ATGCGATAGAAACGAG-1-3,-1.8659458,5.419753
ATGCGATAGACCACGA-1-3,-6.484909,1.6372015
ATGCGATTCGCGTAGC-1-3,-7.60012,-3.1042185
ATGGGAGAGGATGCGT-1-3,2.2093756,4.5921364
ATGGGAGCAGCCTTGG-1-3,-5.574177,0.7071929
ATGGGAGCAGCGATCC-1-3,-4.8493705,4.363004
ATGGGAGCATGGATGG-1-3,1.5800961,3.790169
ATGTGTGAGCTTTGGT-1-3,-5.9978037,-5.1502366
ATGTGTGAGTACGCGA-1-3,-8.1563835,-5.684123
ATGTGTGAGTTTGCGT-1-3,-5.649516,4.095058
ATGTGTGCACAAGTAA-1-3,5.656051,3.3959715
ATGTGTGCACCGGAAA-1-3,0.20181262,3.0618565
ATGTGTGCATGGGACA-1-3,-5.307454,-2.7789915
ATGTGTGTCAAAGACA-1-3,4.620737,3.6059668
ATTACTCAGATGGGTC-1-3,0.85221577,6.1957774
ATTACTCTCTGCCAGG-1-3,-6.1637683,-5.5900536
ATTATCCAGAAACCTA-1-3,6.6280413,0.10076379
ATTATCCAGACCCACC-1-3,6.821428,-0.23912509
ATTATCCAGAGATGAG-1-3,-4.0435386,4.006754
ATTATCCCAACTGCTA-1-3,-0.7281552,5.377232
ATTATCCGTATAAACG-1-3,-6.366594,-0.53176355
ATTATCCTCCTTTACA-1-3,6.3954215,2.2190642
ATTCTACCACGGTAAG-1-3,7.2088847,0.4706729
ATTGGACAGGCCCGTT-1-3,4.9183764,3.847074
ATTGGACAGTAATCCC-1-3,6.69642,-2.8452566
ATTGGACGTTACGACT-1-3,-5.7217345,3.4123528
ATTGGTGAGAGCTGCA-1-3,0.4681454,3.3525906
ATTGGTGCAGCGAACA-1-3,-4.3707933,5.1228147
ATTGGTGGTCTTCTCG-1-3,-7.1958756,0.78667337
ATTTCTGAGAAGATTC-1-3,-3.4255724,0.7679053
ATTTCTGCACTTCGAA-1-3,-7.3548083,1.0154938
ATTTCTGTCCCTGACT-1-3,-7.262756,-0.33648694
ATTTCTGTCCGGGTGT-1-3,3.7297328,4.9274063
ATTTCTGTCGGCGCTA-1-3,-0.102882504,5.4044657
CAACCAAAGCGTTCCG-1-3,-5.9108453,3.8563676
CAACCAACACCTCGTT-1-3,3.2496555,5.9263325
CAACCTCAGCGTGAAC-1-3,2.3956885,5.638989
CAACCTCGTCTAAACC-1-3,-3.9143898,1.0172784
CAACCTCTCTCTGTCG-1-3,-6.548228,-3.4881833
CAACTAGCAAGCCGTC-1-3,6.6474004,2.6004748
CAAGAAAAGACTAAGT-1-3,-6.5369306,-5.549584
CAAGAAAAGAGTACCG-1-3,-0.20687227,4.697479
CAAGAAACACTAGTAC-1-3,0.22494756,5.9491544
CAAGATCCATCGATTG-1-3,-6.733024,-3.5803883
CAAGATCTCTCAAGTG-1-3,-6.867975,1.720942
CAAGGCCAGACGACGT-1-3,-4.1178713,-1.8540283
CAAGGCCTCAGTGCAT-1-3,-6.6881166,-6.3711
CAAGGCCTCTCAACTT-1-3,-3.518218,4.448486
CAAGTTGAGCAGATCG-1-3,-7.5789437,0.5963141
CAAGTTGAGGCCATAG-1-3,1.7727209,6.328485
CAAGTTGAGTACGATA-1-3,-7.8297515,-4.9597554
CAAGTTGCAAGACGTG-1-3,7.058743,-0.07068062
CAAGTTGGTGTGCCTG-1-3,-5.0463347,1.2084644
CAAGTTGTCAACACGT-1-3,-7.0892963,-5.3644514
CAAGTTGTCGTCCGTT-1-3,-1.4146581,4.141785
CAAGTTGTCTAACTGG-1-3,-1.7946019,2.23293
CAAGTTGTCTGGTTCC-1-3,-7.6179924,-6.297465
CACAAACAGTAGCGGT-1-3,2.2747185,6.0762544
CACACAAAGCTCCCAG-1-3,6.564252,-2.504754
CACACAAGTTAAGAAC-1-3,0.5111856,6.1432734
CACACCTCACGGATAG-1-3,-6.924769,-0.013682914
CACACCTCACTGCCAG-1-3,-8.16095,-6.353857
CACACCTCATTGTGCA-1-3,-0.803944,5.093315
CACACCTGTCGCTTTC-1-3,6.6015143,-0.09014209
CACACCTGTTATCCGA-1-3,-4.799602,2.9543712
CACACCTTCTGGCGTG-1-3,4.139152,4.2855077
CACACTCCATCTATGG-1-3,-3.7933109,-0.2553454
CACACTCGTAGGGTAC-1-3,5.9404254,2.148937
CACAGGCCAAGGCTCC-1-3,-1.7170246,4.101905
CACAGGCCACGTCAGC-1-3,-7.919253,-4.6027083
CACAGTAGTGCACTTA-1-3,-5.5258884,-3.7241786
CACATAGAGGGAAACA-1-3,-7.275166,-0.07949766
CACATAGTCCATTCTA-1-3,-6.535414,-2.7350752
CACATAGTCCCTAACC-1-3,6.60129,2.50322
CACATTTAGATTACCC-1-3,-5.948528,1.238971
CACATTTCAATCCGAT-1-3,-5.726639,4.380314
CACATTTGTATAGTAG-1-3,0.39087823,5.4204636
CACCACTCAATCTACG-1-3,-5.381276,-3.5481553
CACCACTCACCTCGTT-1-3,-5.4038525,2.0279891
CACCACTCACGAAATA-1-3,-7.4278994,-6.223931
CACCACTGTGTGTGCC-1-3,-2.6078284,5.1141324
CACCAGGAGTGTTGAA-1-3,6.335485,3.1927745
CACCAGGCATAAAGGT-1-3,-3.0144327,5.5359898
CACCTTGTCGTGGTCG-1-3,6.188747,3.8230598
CACTCCACATCGTCGG-1-3,-6.9146204,-5.9426274
CACTCCATCCACGCAG-1-3,-2.214499,4.579022
CACTCCATCGCAAGCC-1-3,-0.1078632,4.9309187
CAGAATCCATCCCACT-1-3,-7.3156595,1.3894747
CAGAATCCATTGGGCC-1-3,-8.440282,-5.0078874
CAGAATCGTCATTAGC-1-3,6.9683433,1.0232363
CAGAATCGTCGGCTCA-1-3,3.7738576,5.4250636
CAGAATCGTGTAAGTA-1-3,7.5357666,-3.109783
CAGAGAGGTACCGTTA-1-3,-2.183166,1.898929
CAGCAGCAGAGGTACC-1-3,3.2406025,4.7317576
CAGCAGCAGCCCTAAT-1-3,-4.4548116,4.947738
CAGCATAAGACGACGT-1-3,-1.9701706,2.4053614
CAGCATAAGCCAACAG-1-3,-6.217824,-5.5287247
CAGCATACACGAGGTA-1-3,-1.7403418,5.629862
CAGCATAGTAATAGCA-1-3,-2.248124,5.4920826
CAGCATATCAAGATCC-1-3,-6.6686187,2.1304772
CAGCATATCTTAACCT-1-3,-5.736003,2.752043
CAGCCGAAGAATGTTG-1-3,-6.775006,-5.3975163
CAGCCGAAGCAATATG-1-3,2.8037574,6.0013022
CAGCCGAGTAGCCTAT-1-3,4.226,3.5926983
CAGCCGAGTGGTCCGT-1-3,6.913921,-1.9676272
CAGCCGATCCTATTCA-1-3,1.1084479,6.2830167
CAGCCGATCGTTTATC-1-3,0.74021286,4.7140417
CAGCGACCACCGTTGG-1-3,4.8949285,4.4779787
CAGCGACCATATGGTC-1-3,4.696711,4.0654435
CAGCGACTCATGCAAC-1-3,6.391636,-2.4431567
CAGCGACTCCGCGCAA-1-3,7.216659,-3.0524561
CAGCTAAAGAGTACAT-1-3,-2.9957905,3.7126026
CAGCTAAAGCGCTTAT-1-3,6.3289137,2.7855084
CAGCTAAAGTTTCCTT-1-3,4.289991,5.212042
CAGCTAACAGCTTAAC-1-3,-6.96993,2.4274983
CAGCTAACATGCCTAA-1-3,-3.4727366,4.9083924
CAGCTAAGTACCGAGA-1-3,2.1326659,4.27778
CAGCTAAGTACGCACC-1-3,-7.8338356,-5.5047417
CAGCTGGCAAGTTGTC-1-3,-3.908646,0.8052383
CAGCTGGGTCTAACGT-1-3,-3.181749,2.4798615
CAGCTGGTCGCCGTGA-1-3,-6.2196827,1.7023969
CAGGTGCCATCAGTCA-1-3,0.976275,3.0646684
CAGGTGCTCCGCAGTG-1-3,-6.0508037,2.2911391
CAGTAACAGCTTCGCG-1-3,6.9292502,-1.9077106
CAGTAACAGTGGAGTC-1-3,6.9971704,2.4329395
CAGTAACCAGGTCGTC-1-3,6.936831,-2.0277832
CAGTAACGTCGCCATG-1-3,-4.4585094,-0.69283015
CAGTAACGTCTGATCA-1-3,-2.3680677,5.693034
CAGTCCTAGCCGATTT-1-3,-4.59673,4.527446
CAGTCCTAGGTGGGTT-1-3,-7.029752,-2.4388998
CAGTCCTAGTCGTACT-1-3,-6.3154116,-5.309751
CAGTCCTCAGGGCATA-1-3,-4.7721334,-2.9479585
CAGTCCTGTCGTGGCT-1-3,-7.2430344,-3.3665838
CATATGGAGGCCCGTT-1-3,-2.9335167,4.110999
CATATGGGTGAAAGAG-1-3,2.4841957,4.0309095
CATATGGTCACAGTAC-1-3,-2.9019809,5.2540784
CATATTCGTTTGTGTG-1-3,4.431849,3.4226084
CATATTCTCCTGTAGA-1-3,-6.3788877,-1.2303356
CATCAAGAGCTCCTTC-1-3,2.387849,3.960713
CATCAAGAGGGTATCG-1-3,-3.7862976,3.652191
CATCAAGAGGTAGCTG-1-3,-5.98956,3.127065
CATCAAGGTTCGGCAC-1-3,-5.723441,-2.5236318
CATCAAGTCCGAAGAG-1-3,-0.47455359,4.909245
CATCAGAAGAGGTTGC-1-3,6.4986653,0.21080156
CATCAGAAGGCGATAC-1-3,-6.6955333,1.0800906
CATCAGAAGTGGTAAT-1-3,-5.9002037,1.4486235
CATCAGAGTCTCTTTA-1-3,-6.2765284,0.54926294
CATCAGAGTTCGCTAA-1-3,-8.299938,-5.9339128
CATCAGATCATCGCTC-1-3,-3.592172,0.59761727
CATCCACCAGATGGGT-1-3,-7.7711725,-4.6632605
CATCCACGTACTCAAC-1-3,1.3500209,3.5674071
CATCCACGTGAAGGCT-1-3,-7.399198,-1.41919
CATCGAAAGACAAGCC-1-3,-7.792048,-2.374063
CATCGAACACTACAGT-1-3,7.6757107,-2.404303
CATCGAAGTTAAGACA-1-3,-6.184564,-2.7685072
CATCGAAGTTTCCACC-1-3,-0.85461086,3.9828174
CATCGAATCGCCAGCA-1-3,-4.694184,3.5166228
CATCGGGAGGCCCTTG-1-3,-7.180144,-4.8897953
CATCGGGTCATTTGGG-1-3,-7.7715645,-6.659017
CATCGGGTCTTCGGTC-1-3,3.9511218,3.8981736
CATGACACAAAGTCAA-1-3,-4.9537015,-2.5352886
CATGACACAACAACCT-1-3,7.132509,-1.1033875
CATGACACACGTAAGG-1-3,-7.3491263,0.8720046
CATGACACATCGATTG-1-3,6.8575377,1.8475344
CATGACAGTAGCTTGT-1-3,8.01424,-2.629734
CATGACAGTCATGCAT-1-3,-5.9386945,3.2695935
CATGACAGTTAAAGTG-1-3,2.770001,4.983206
CATGACATCATGCATG-1-3,-6.6407576,-0.20866647
CATGCCTAGTGGTAGC-1-3,6.15868,3.6503606
CATGCCTCACCCATTC-1-3,-7.651804,-0.047977664
CATGCCTCACTTGGAT-1-3,6.3595467,-1.3667994
CATGCCTCAGTATGCT-1-3,4.6069255,4.1707816
CATGCCTTCCTGCAGG-1-3,6.2130127,3.0340748
CATGCCTTCGCACTCT-1-3,5.522904,3.9385452
CATGGCGAGAAGGCCT-1-3,7.042599,-0.2954481
CATGGCGGTAGCACGA-1-3,-4.9867783,-1.708296
CATGGCGGTGACTCAT-1-3,-7.438927,1.2836674
CATGGCGTCGACCAGC-1-3,-0.29462427,4.8268547
CATGGCGTCTTGTCAT-1-3,-2.1680236,4.334615
CATTATCAGGCTCAGA-1-3,1.907883,3.9150608
CATTATCGTCATATCG-1-3,-5.4475374,4.6037703
CATTATCGTGATAAGT-1-3,3.122468,5.820374
CATTATCTCTGAAAGA-1-3,-5.4096947,3.8626263
CATTCGCAGTCAATAG-1-3,0.97802335,4.664417
CATTCGCCATCACAAC-1-3,6.919062,1.3569663
CATTCGCTCGCCTGAG-1-3,-6.9834642,-0.7462208
CATTCGCTCGCTTGTC-1-3,-8.054564,-5.826358
CATTCGCTCTGCTGCT-1-3,-7.532634,-4.6755958
CCAATCCAGAGACTTA-1-3,-2.0432177,4.656749
CCAATCCAGTCTTGCA-1-3,-7.4490514,0.37700295
CCACCTAAGACTTGAA-1-3,-8.250086,-5.958745
CCACCTACACATGGGA-1-3,-1.930521,4.0388827
CCACCTACACTGAAGG-1-3,-8.047019,-6.217808
CCACCTATCGGAAACG-1-3,-8.248072,-6.1375384
CCACCTATCTAAGCCA-1-3,-9.204079,-5.619897
CCACGGAAGATCCTGT-1-3,-6.9372864,0.017539708
CCACGGAAGTCTCCTC-1-3,-5.390163,1.8033149
CCACGGAGTGACTCAT-1-3,6.1422124,1.8928671
CCACGGATCAGTTGAC-1-3,6.770527,-3.0066545
CCACTACAGAGCTGGT-1-3,-6.4799466,3.7011907
CCACTACAGTGTTTGC-1-3,-3.3114097,4.4493957
CCACTACCAACGCACC-1-3,-4.2610993,-2.392711
CCACTACCACAAGTAA-1-3,1.0438589,5.1621895
CCACTACCATGTTGAC-1-3,3.2023587,5.639358
CCACTACGTTAAGAAC-1-3,-7.3883157,-0.5307428
CCACTACTCAGCTCGG-1-3,6.747882,2.0619211
CCACTACTCTTTAGTC-1-3,-5.6877985,-2.0518842
CCAGCGAAGTGTTGAA-1-3,1.8582355,4.537656
CCAGCGACAGACGTAG-1-3,0.3271586,3.2822309
CCAGCGAGTACCGTAT-1-3,-6.9766026,-5.006324
CCATGTCGTCGGCTCA-1-3,2.5859716,4.2856655
CCATGTCGTTTGCATG-1-3,3.102843,4.5924926
CCATGTCTCCGCATAA-1-3,1.018888,3.7109253
CCATGTCTCTCACATT-1-3,-4.024906,4.5903034
CCATTCGCAAGAAGAG-1-3,-7.5969996,-4.199602
CCATTCGCAGATCCAT-1-3,2.1945052,3.9776196
CCATTCGCAGGCAGTA-1-3,-4.035778,-1.496612
CCATTCGGTAGTAGTA-1-3,7.7470837,-1.6614326
CCATTCGGTGCTAGCC-1-3,-7.6978755,-5.730022
CCATTCGGTTCCGTCT-1-3,-7.2830887,-6.4625697
CCCAATCCAACTGGCC-1-3,-7.6500416,-1.9161862
CCCAATCCATTGGCGC-1-3,-7.6467357,0.15104699
CCCAATCGTTCCACGG-1-3,4.9503636,3.9966307
CCCAATCTCATCGGAT-1-3,-6.637432,-2.159217
CCCAGTTGTCTGCGGT-1-3,-6.5103526,-1.2274072
CCCATACCAGATTGCT-1-3,-6.9799685,1.6937401
CCCATACTCGTGGACC-1-3,-2.2460215,3.8089466
CCCTCCTAGACCCACC-1-3,6.7811117,0.7709237
CCCTCCTTCGCATGAT-1-3,-2.2522576,4.025612
CCGGGATAGATCTGAA-1-3,0.05977524,5.9054317
CCGGGATCAATCCGAT-1-3,-3.4767528,4.7592816
CCGGGATGTGTCAATC-1-3,1.0790657,6.1265874
CCGGGATTCCGCGTTT-1-3,-7.1443386,2.1878316
CCGGGATTCGACAGCC-1-3,-6.8600206,-3.637536
CCGGTAGAGCTAACTC-1-3,-8.148217,-4.6878777
CCGGTAGGTTGTCGCG-1-3,-7.4269814,0.82745874
CCGGTAGTCAGGATCT-1-3,5.9748535,1.1831559
CCGGTAGTCTCTAGGA-1-3,-6.203636,0.65990543
CCGTACTAGGAGTACC-1-3,5.3296657,4.4126754
CCGTACTGTACTTAGC-1-3,-4.697544,3.1303153
CCGTACTGTCAGAAGC-1-3,-0.22143069,2.2189884
CCGTACTTCCTTGGTC-1-3,4.5084124,4.7571263
CCGTACTTCTAACCGA-1-3,3.2686434,4.1515718
CCGTGGACACGAAGCA-1-3,1.3383785,3.7247248
CCGTGGATCTTAGAGC-1-3,-0.8435497,4.985019
CCGTTCAAGCTAAACA-1-3,-5.757794,-3.0827389
CCGTTCAAGGACCACA-1-3,0.58663887,5.0282893
CCGTTCACACATGACT-1-3,7.4057493,-1.3443244
CCGTTCACAGCTGGCT-1-3,-7.2293363,-2.9718354
CCGTTCACAGTAGAGC-1-3,-6.7517843,0.30082473
CCTAAAGGTGACGCCT-1-3,4.3580594,4.5217533
CCTACACAGATCCGAG-1-3,7.0946507,-1.6010251
CCTACACAGTACGTTC-1-3,-6.0138855,-1.0702038
CCTACACCATTATCTC-1-3,1.1742041,4.1951084
CCTACACTCTTTACAC-1-3,-6.833277,-5.2592273
CCTACCACACGGACAA-1-3,6.4270926,-0.9762679
CCTACCACACGTAAGG-1-3,-6.1216764,-4.6636343
CCTACCACATCGATTG-1-3,1.7207276,3.8209708
CCTACCAGTTGCTCCT-1-3,0.6284861,3.1393082
CCTAGCTAGGACATTA-1-3,-7.3505754,-5.860472
CCTAGCTCAGGTGCCT-1-3,-2.7076538,4.6295705
CCTAGCTCATATGAGA-1-3,-5.412225,-2.8136446
CCTAGCTTCGCAAGCC-1-3,-1.1644615,2.5268936
CCTATTATCATCGCTC-1-3,1.5010947,4.8193793
CCTCAGTAGCGTAATA-1-3,-6.1834464,3.148234
CCTCAGTAGTGCGATG-1-3,-5.7826962,2.988893
CCTCAGTGTTACCAGT-1-3,7.570307,-0.35728693
CCTCAGTTCGCCATAA-1-3,-7.5888453,-0.56256545
CCTCTGACATCGGTTA-1-3,2.282288,4.178145
CCTTACGCAAGGTGTG-1-3,6.710369,-2.6059341
CCTTACGCAATGAAAC-1-3,3.9012027,4.7042704
CCTTACGCACAACGCC-1-3,-6.393816,3.744673
CCTTACGCACGTTGGC-1-3,-2.8213453,4.631739
CCTTCCCGTGATGCCC-1-3,-6.986694,-2.5861564
CCTTCCCTCGTCGTTC-1-3,-4.1866374,4.8128996
CCTTCGAAGTACATGA-1-3,-5.2454305,2.2700472
CCTTTCTGTTTGTTTC-1-3,5.22881,3.643009
CCTTTCTTCTTCGAGA-1-3,-5.5403705,3.8982236
CGAACATAGATCTGAA-1-3,-6.4827785,-5.862297
CGAACATCAAGCGAGT-1-3,7.112551,-1.1726053
CGAACATGTCCAGTGC-1-3,-5.2364674,2.8153718
CGAACATTCTCTTATG-1-3,-5.490728,4.5300207
CGAATGTGTCTGGAGA-1-3,-7.1812396,2.091498
CGAATGTGTTGTTTGG-1-3,-6.350989,2.552106
CGAATGTTCACCGGGT-1-3,-4.350405,-2.347401
CGACCTTAGCTATGCT-1-3,-0.52736914,2.8564415
CGACCTTGTAGAAAGG-1-3,-6.397862,1.4095348
CGACTTCAGGGTTTCT-1-3,-6.190722,1.6908406
CGACTTCCAGCTGCAC-1-3,-4.9444723,2.4261582
CGACTTCGTCTGCCAG-1-3,-7.282199,-5.0258245
CGACTTCGTGTGGTTT-1-3,-4.9851246,-1.8930323
CGACTTCTCACGCGGT-1-3,-7.52609,-5.4856377
CGAGAAGGTCCGTCAG-1-3,-7.7011046,-6.097346
CGAGAAGTCGTTACAG-1-3,-4.155328,-2.232138
CGAGAAGTCTATCGCC-1-3,-6.563766,3.369619
CGAGCACAGGCAGGTT-1-3,-5.1719165,3.807103
CGAGCACGTAGTAGTA-1-3,-5.4265456,0.7028443
CGAGCACGTGATAAGT-1-3,6.7587576,0.20396821
CGAGCACTCGTTACAG-1-3,-6.669399,2.8434613
CGAGCACTCTAACTCT-1-3,-5.2145033,0.7646476
CGAGCACTCTTCGAGA-1-3,8.0468445,-2.1582723
CGAGCACTCTTGCATT-1-3,-7.466893,1.7218769
CGAGCCAAGGCATGTG-1-3,-5.5392675,3.5871456
CGAGCCAGTTCTCATT-1-3,-2.2339246,4.0116544
CGATCGGAGCTGCAAG-1-3,-5.779119,0.68584704
CGATCGGCACGCCAGT-1-3,7.2440233,-0.46146142
CGATCGGCATCACCCT-1-3,-6.4176383,2.5517113
CGATCGGCATTGCGGC-1-3,-7.956208,-4.5709023
CGATGGCTCAGTGTTG-1-3,-6.9059606,-4.418393
CGATGTAAGTTTAGGA-1-3,-5.936929,-1.8745329
CGATGTACAGATCCAT-1-3,-7.36476,-6.4944816
CGATGTAGTACTCTCC-1-3,1.4950255,5.0064473
CGATTGAAGTCAAGGC-1-3,-1.8589199,5.9103684
CGATTGAAGTTAGCGG-1-3,-5.0982246,3.3668163
CGATTGAGTGATGTCT-1-3,2.6863983,4.8931403
CGCCAAGCAAAGTCAA-1-3,0.58789694,5.678839
CGCCAAGGTTATTCTC-1-3,-6.400053,-0.08251426
CGCGGTACATTAGGCT-1-3,-7.214,-5.6200275
CGCGTTTGTATTACCG-1-3,-3.780127,3.3710327
CGCTATCTCGTTTAGG-1-3,-2.7571197,1.0062369
CGCTGGACACGGTAAG-1-3,6.6065216,-1.7764908
CGCTGGACATATGGTC-1-3,-8.188458,-4.75436
CGCTGGAGTAATTGGA-1-3,7.589726,-2.5185483
CGCTGGAGTTATTCTC-1-3,2.0241687,6.1785135
CGCTGGAGTTGTGGCC-1-3,-0.3754622,5.487154
CGCTGGATCGATGAGG-1-3,-2.4588356,4.6511393
CGCTTCACAGACGCTC-1-3,-3.4275813,0.30922303
CGCTTCACAGATCGGA-1-3,-2.19764,5.4674973
CGCTTCAGTTCACGGC-1-3,5.846629,3.495719
CGCTTCATCTCTGTCG-1-3,-6.984801,-2.423096
CGGACACAGACTCGGA-1-3,6.488107,1.0844766
CGGACGTAGACAGACC-1-3,-3.8023171,3.8284118
CGGACGTAGGCATGGT-1-3,-7.386633,-5.934536
CGGACGTGTAGATTAG-1-3,-0.644411,3.4728198
CGGACTGAGTTAGCGG-1-3,-4.1060357,4.0922184
CGGACTGGTTTAGCTG-1-3,6.8162665,3.1937172
CGGACTGTCACTCCTG-1-3,5.134232,3.3227894
CGGACTGTCCAACCAA-1-3,-5.650141,2.6978478
CGGACTGTCGGACAAG-1-3,-6.002595,3.5677693
CGGAGCTGTACATCCA-1-3,3.6701622,3.5333407
CGGAGCTGTTACGGAG-1-3,-6.6533065,-4.656708
CGGAGTCAGTTTAGGA-1-3,-7.7877436,-6.631763
CGGAGTCCACAGCCCA-1-3,-5.5576544,-2.5031333
CGGAGTCCAGCTCCGA-1-3,-0.14880009,2.814122
CGGAGTCCATAACCTG-1-3,-6.126605,-5.9934063
CGGAGTCGTCGAAAGC-1-3,-3.2191083,1.3362685
CGGCTAGCAGAAGCAC-1-3,-7.8634415,-5.596681
CGGCTAGGTACTCGCG-1-3,2.485361,5.711523
CGGCTAGGTGAAATCA-1-3,-0.4612804,2.802944
CGGCTAGTCTTGACGA-1-3,-7.524164,-6.164329
CGGGTCAAGGCGATAC-1-3,-6.8000507,-0.9633719
CGGGTCAGTGTGCCTG-1-3,2.473004,5.254436
CGGGTCATCGGCTACG-1-3,-7.5260763,-4.5170283
CGGTTAAAGAATTCCC-1-3,5.415407,3.2553315
CGGTTAAAGACAAGCC-1-3,2.6919165,5.9458127
CGGTTAAAGACAGGCT-1-3,-4.9346337,-2.7864094
CGGTTAAGTCTAGCCG-1-3,4.7150803,4.3125143
CGGTTAATCACCGGGT-1-3,-5.626999,3.6583781
CGTAGCGAGACTGTAA-1-3,-7.224058,1.3178066
CGTAGCGAGATATGGT-1-3,1.5632256,5.9337144
CGTAGCGAGCTCCTTC-1-3,-6.626731,-1.7105858
CGTAGCGAGGCTCATT-1-3,-7.578991,-6.6902423
CGTAGCGCACTGCCAG-1-3,2.9978008,4.202656
CGTAGCGTCGGAAATA-1-3,-6.3456035,2.129046
CGTAGGCCAACACCCG-1-3,-4.928717,-2.7181277
CGTAGGCCAGTACACT-1-3,-0.2275739,4.9445066
CGTCACTCACGAAATA-1-3,7.951222,-1.6685616
CGTCACTCAGTATAAG-1-3,-1.6705017,4.116985
CGTCACTCATAGTAAG-1-3,6.3755713,-2.130892
CGTCACTCATGCCCGA-1-3,4.8067045,4.633545
CGTCACTTCACTTATC-1-3,-3.803252,5.3152523
CGTCAGGCAAACGCGA-1-3,-5.934139,-5.636478
CGTCAGGCATGGGAAC-1-3,6.51773,-2.3267856
CGTCAGGTCGTTTGCC-1-3,-6.6987414,-4.8345313
CGTCCATTCGCGCCAA-1-3,1.5000497,4.581915
CGTCTACAGGGAGTAA-1-3,-4.6838045,-2.2914436
CGTCTACCATGCTGGC-1-3,-0.2491838,6.1320157
CGTCTACGTGTGCCTG-1-3,-6.3608713,2.6646876
CGTCTACTCAGTCCCT-1-3,-7.3721538,2.1488743
CGTCTACTCGATAGAA-1-3,-7.8500905,-4.6437526
CGTCTACTCTCGATGA-1-3,-8.048163,-5.690676
CGTGAGCAGGTGCTTT-1-3,3.2453296,5.7086573
CGTGAGCTCAGCGATT-1-3,2.7018638,5.740173
CGTGAGCTCGATCCCT-1-3,-7.3218236,-4.7531157
CGTGAGCTCTTCTGGC-1-3,-7.9033217,-6.1326694
CGTGTAAAGGGTCGAT-1-3,2.758607,4.8913684
CGTGTAAAGTACGTTC-1-3,6.0771523,3.3709345
CGTGTAAGTCTTGATG-1-3,7.152104,-1.1005304
CGTGTAAGTTAAGATG-1-3,-8.925316,-5.038269
CGTGTAATCATTATCC-1-3,5.912857,3.328016
CGTGTAATCGTTGACA-1-3,-6.31491,-3.133294
CGTGTCTCAGAAGCAC-1-3,-7.5403886,-0.55450374
CGTGTCTCATACTCTT-1-3,-6.7487054,1.6338122
CGTGTCTGTAGCGTCC-1-3,-6.2895784,-2.9468136
CGTGTCTGTGACGCCT-1-3,-3.2371309,0.26805773
CGTGTCTTCACCGGGT-1-3,2.2026193,5.1626883
CGTTAGAGTAGGCTGA-1-3,-3.6459117,4.8496614
CGTTAGAGTCTACCTC-1-3,4.857702,4.1059585
CGTTAGATCAGTCAGT-1-3,7.4691763,0.32679677
CGTTCTGAGAGCAATT-1-3,0.64515835,6.26973
CGTTCTGAGGACGAAA-1-3,-5.2290235,-1.0788387
CGTTCTGGTAGGACAC-1-3,-8.373686,-6.0142465
CGTTCTGTCACAATGC-1-3,1.0119933,5.312487
CGTTCTGTCGTACCGG-1-3,-6.077001,4.0024624
CGTTCTGTCTGGAGCC-1-3,-5.6810274,2.9853091
CGTTGGGCAGGCGATA-1-3,-6.2084107,3.6935773
CGTTGGGCATACCATG-1-3,7.1994133,-2.2660232
CGTTGGGCATGCTAGT-1-3,7.376381,-1.6899333
CGTTGGGGTTTAAGCC-1-3,-5.738159,0.139943
CGTTGGGTCGCAGGCT-1-3,-8.474483,-4.4627104
CGTTGGGTCGTACCGG-1-3,-5.583424,3.9448352
CTAACTTAGAGGTACC-1-3,-6.921914,-2.9922435
CTAACTTAGCAGGCTA-1-3,-5.3008227,0.7269357
CTAACTTCATCTGGTA-1-3,-7.973337,-4.9882746
CTAACTTGTAGGAGTC-1-3,-7.663103,-4.363202
CTAACTTGTCGTCTTC-1-3,5.659656,3.7679508
CTAAGACAGACAAAGG-1-3,6.430813,1.7460154
CTAAGACAGCCACGCT-1-3,6.2771797,-2.1188877
CTAAGACAGGAGTTTA-1-3,-7.277694,-1.9865766
CTAAGACAGGCGCTCT-1-3,2.0448492,4.6950383
CTAAGACGTATCAGTC-1-3,-7.229419,-6.285092
CTAAGACTCACTCCTG-1-3,4.0141025,4.142786
CTAATGGAGCCGGTAA-1-3,6.8502536,-0.81537193
CTAATGGCATGGTTGT-1-3,-5.1758432,3.6150947
CTACATTAGCACAGGT-1-3,4.5916386,4.6737895
CTACATTCACCGTTGG-1-3,-3.576493,3.9648497
CTACATTGTAGGCATG-1-3,-7.0981708,1.280168
CTACATTGTCATGCAT-1-3,3.1910167,5.7889104
CTACATTGTTACTGAC-1-3,-5.122935,4.5221567
CTACGTCAGCACACAG-1-3,-3.9206026,0.6469002
CTACGTCAGCTAGCCC-1-3,1.1860617,5.8500547
CTACGTCAGCTAGGCA-1-3,-3.8682091,-1.415669
CTACGTCAGTTGAGAT-1-3,-7.295583,-2.5525453
CTACGTCGTTGATTCG-1-3,7.367047,1.416333
CTAGAGTAGACTGGGT-1-3,-3.2692587,0.43774226
CTAGAGTAGGTAGCCA-1-3,0.4410592,6.1336703
CTAGAGTGTCCGAACC-1-3,-5.2427554,3.2403107
CTAGCCTAGGAATGGA-1-3,7.6180844,0.4314805
CTAGCCTAGTGAACGC-1-3,-7.0597267,-1.6653754
CTAGTGACATTGAGCT-1-3,4.482963,3.236267
CTAGTGAGTTTGGCGC-1-3,-1.8938208,4.629325
CTCACACGTCACACGC-1-3,2.6356232,5.9837193
CTCACACTCTGCTGTC-1-3,-6.976201,2.3837218
CTCAGAACACTAGTAC-1-3,6.6983356,0.79173416
CTCAGAAGTACAGTTC-1-3,6.399612,0.4152004
CTCAGAATCAGGTTCA-1-3,6.2346525,-2.3447242
CTCATTAAGAGCTGCA-1-3,-7.162151,2.6070135
CTCATTACAAGGCTCC-1-3,-6.3186255,-4.693419
CTCCTAGAGACGCAAC-1-3,-5.799072,2.5684843
CTCCTAGAGAGTGACC-1-3,-5.9627357,1.1850321
CTCCTAGAGCGTCTAT-1-3,-7.4013076,2.182968
CTCCTAGCACAACGTT-1-3,-5.609957,1.6464969
CTCGAAACAAGGTTCT-1-3,-5.7452674,2.5493765
CTCGAAAGTAAGAGGA-1-3,7.158206,1.7841743
CTCGAAAGTGGTGTAG-1-3,-7.524307,0.3083693
CTCGAAATCGCAAACT-1-3,-6.339964,-0.76900536
CTCGAGGAGTGGAGAA-1-3,6.919356,2.5167394
CTCGAGGCAAGTCTGT-1-3,-7.3055654,-3.303885
CTCGAGGTCCCTTGCA-1-3,-5.576502,2.5281441
CTCGAGGTCTGTTGAG-1-3,6.8720646,0.3472203
CTCGGAGAGAATGTGT-1-3,4.229609,3.6015031
CTCGGAGAGTCCCACG-1-3,-5.410982,-3.4188821
CTCGGAGGTCATTAGC-1-3,-0.15109213,2.2901626
CTCGGAGGTGAAGGCT-1-3,-5.022356,4.142873
CTCGGAGGTTGGACCC-1-3,3.0231955,5.181272
CTCGGGACATTGAGCT-1-3,6.209351,3.6133356
CTCGGGAGTATTACCG-1-3,-4.45463,-1.394026
CTCGTACCAGCCAGAA-1-3,-5.9186845,-1.6546738
CTCGTACGTTGGTTTG-1-3,-7.1029015,-0.965024
CTCGTACTCATGCATG-1-3,-8.967398,-6.174533
CTCGTACTCTGCGTAA-1-3,-3.2924333,0.52927136
CTCGTACTCTTTAGTC-1-3,-6.352993,-4.0651402
CTCGTCACACATTTCT-1-3,-7.983635,-6.227851
CTCGTCACACTACAGT-1-3,-3.7220404,0.21818963
CTCGTCAGTCACAAGG-1-3,0.24691333,5.062203
CTCTAATAGCGTTGCC-1-3,7.279357,0.6438496
CTCTAATAGCTAGCCC-1-3,4.274899,4.3851023
CTCTAATAGTTATCGC-1-3,-6.4565916,-1.9719007
CTCTAATCATTGGCGC-1-3,-3.2092657,4.2722993
CTCTAATTCACCATAG-1-3,-4.646407,4.445229
CTCTAATTCAGCGACC-1-3,7.054406,2.3377256
CTCTACGCACTAAGTC-1-3,-6.5458074,0.5034769
CTCTGGTAGCAATCTC-1-3,3.8034916,4.578879
CTCTGGTCAAGTTGTC-1-3,-6.2093906,1.7709688
CTCTGGTCAGGTCGTC-1-3,-7.060808,-2.958379
CTCTGGTCAGTTCATG-1-3,6.7306137,-2.7129643
CTCTGGTGTCATCGGC-1-3,-6.82335,-0.49896187
CTCTGGTGTTCAGCGC-1-3,4.450532,4.9959073
CTGAAACAGGAGTAGA-1-3,-8.358703,-6.5544796
CTGAAACAGTATCGAA-1-3,-7.6214843,-0.2693674
CTGAAACGTAAAGGAG-1-3,6.194089,-2.352546
CTGAAACTCAAACCAC-1-3,-4.374474,3.7620573
CTGAAACTCACGGTTA-1-3,2.7875907,4.8279223
CTGAAACTCGATAGAA-1-3,5.1531773,3.9537797
CTGAAACTCTGTTTGT-1-3,4.919948,4.245624
CTGAAGTCAATGTAAG-1-3,-3.7964642,3.6261194
CTGAAGTCAGCTGGCT-1-3,-2.68937,4.2026424
CTGAAGTGTTTGGGCC-1-3,-7.8329406,-5.5072293
CTGAAGTTCATGTGGT-1-3,1.0193967,4.867446
CTGAAGTTCTGCGGCA-1-3,-7.089669,2.1755617
CTGATAGAGCTGATAA-1-3,-2.6234858,3.770695
CTGATCCCATGCTAGT-1-3,-8.175448,-6.0812593
CTGATCCGTAGTACCT-1-3,-2.8731275,4.709025
CTGATCCGTCGACTAT-1-3,-8.407079,-6.317298
CTGCGGAAGTGAATTG-1-3,-5.29039,-3.0247118
CTGCGGACAGACTCGC-1-3,1.8731487,5.2492886
CTGCGGACATTAGCCA-1-3,-3.346372,5.556811
CTGCGGATCCCTAACC-1-3,7.26869,-3.3124528
CTGCGGATCTGGTTCC-1-3,-5.090613,3.925569
CTGCTGTAGACTGGGT-1-3,-3.3386896,0.8975988
CTGCTGTCACGAAACG-1-3,-8.639229,-6.347237
CTGCTGTGTTATCACG-1-3,5.903498,2.7313807
CTGCTGTGTTGTGGCC-1-3,1.7403942,5.820931
CTGGTCTAGGATTCGG-1-3,-5.9948835,2.495843
CTGGTCTTCGTTACAG-1-3,-6.0611115,4.028471
CTGTGCTAGAAGATTC-1-3,-6.4969463,-4.8836436
CTGTGCTAGAGTCTGG-1-3,-0.5032895,5.94717
CTGTGCTAGTTGAGAT-1-3,-7.3289948,-4.053998
CTGTGCTCAGCTCCGA-1-3,-6.9936438,1.6373394
CTGTGCTCATTACCTT-1-3,6.265456,1.0387996
CTGTGCTGTCGCATAT-1-3,-5.912714,3.2038312
CTGTGCTTCCGTAGGC-1-3,-6.431313,2.439866
CTGTGCTTCGGATGGA-1-3,4.4749727,3.935211
CTTAACTAGTTAACGA-1-3,7.1024017,-0.8962195
CTTAACTCACACCGAC-1-3,-6.5725822,0.8395565
CTTAACTGTCCGCTGA-1-3,7.3097806,0.18331286
CTTAACTTCAGCTTAG-1-3,-4.9997215,4.005324
CTTACCGAGACATAAC-1-3,6.1599617,0.9224109
CTTACCGTCTTTAGGG-1-3,-5.903976,-0.5518153
CTTAGGACACTCTGTC-1-3,6.750341,-2.8127854
CTTAGGACATCTATGG-1-3,6.2857075,1.4819777
CTTAGGATCACTCTTA-1-3,2.9683392,4.3170567
CTTAGGATCCAGTAGT-1-3,-6.9829316,-4.2374763
CTTCTCTAGTACTTGC-1-3,-7.0038314,2.0257618
CTTCTCTAGTCCGTAT-1-3,-4.2598963,-1.9753909
CTTCTCTCATGCGCAC-1-3,-6.3022046,-5.530181
CTTGGCTCAAAGGAAG-1-3,-6.3516283,3.70273
CTTGGCTCAGCCACCA-1-3,3.5693567,5.356175
CTTTGCGAGACCACGA-1-3,-5.2147627,1.5173855
CTTTGCGAGATCACGG-1-3,0.0905484,4.8268647
CTTTGCGAGGAATGGA-1-3,7.6144266,-2.417112
CTTTGCGTCCAGAAGG-1-3,6.9899487,-2.5250666
GAAACTCAGGACAGCT-1-3,7.860274,-2.631195
GAAACTCAGTGGGATC-1-3,-6.8905773,-2.5837722
GAAATGACATCTACGA-1-3,-7.750213,-5.069819
GAAATGATCGTCCGTT-1-3,-6.2738457,-3.1865685
GAACATCAGCAATATG-1-3,0.18505341,4.5866537
GAACATCCACATGTGT-1-3,-7.4009233,2.3426666
GAACATCTCACAAACC-1-3,2.6609347,6.201574
GAACATCTCTTAACCT-1-3,6.927299,-1.6858351
GAACCTAAGGGTGTTG-1-3,-7.319334,0.8571188
GAACCTAAGGTGCACA-1-3,5.9102087,1.8749373
GAACCTAAGTAGATGT-1-3,-7.155153,-0.025421124
GAACCTACAGCGATCC-1-3,-6.751197,-5.231053
GAACGGAAGACGCTTT-1-3,-4.0293226,5.002247
GAACGGAAGGTGGGTT-1-3,-4.6236672,-0.174473
GAACGGAAGTCAAGCG-1-3,-6.8326597,-2.835872
GAACGGAGTAACGACG-1-3,-4.3105516,4.750144
GAACGGATCTGCGGCA-1-3,-6.318973,1.9665496
GAAGCAGGTCGCGAAA-1-3,-4.819727,3.9203844
GAAGCAGTCTGCTTGC-1-3,1.2037987,6.2595387
GAATAAGTCATGCATG-1-3,-6.9576597,-4.337155
GAATAAGTCCTAGGGC-1-3,-6.544155,-0.8374365
GAATGAAAGAATGTGT-1-3,0.95791703,5.8717704
GACACGCAGTATGACA-1-3,3.536477,3.6827674
GACACGCCAATCGAAA-1-3,0.7142638,4.6549044
GACACGCGTCTCGTTC-1-3,-4.742237,3.486615
GACACGCTCTGGTATG-1-3,-7.9962306,-5.5183687
GACAGAGCAGTCAGAG-1-3,1.4916562,5.4450274
GACAGAGGTTGCGCAC-1-3,-8.045739,-4.698219
GACAGAGTCTCTAGGA-1-3,-4.0154314,3.73446
GACCAATCAGACGCCT-1-3,-4.0503387,-1.843085
GACCAATGTAAGAGAG-1-3,-7.1475677,-6.2189684
GACCAATGTTACCGAT-1-3,-9.102866,-5.509837
GACCAATGTTATCCGA-1-3,-8.167323,-6.608589
GACCAATTCAACGGCC-1-3,3.9662652,4.811853
GACCAATTCTTGCAAG-1-3,6.161217,3.3396342
GACCTGGAGCGTGAAC-1-3,-7.014778,-6.155868
GACCTGGGTAGAGCTG-1-3,-6.3452554,-5.861669
GACCTGGGTTCGTGAT-1-3,-7.4287915,-3.9260118
GACGCGTAGACGCACA-1-3,-5.418308,-2.997612
GACGGCTCACCAGTTA-1-3,-7.2745275,1.2478155
GACGGCTCATCATCCC-1-3,2.7048302,4.14011
GACGGCTTCAACTCTT-1-3,-2.5886846,1.5290971
GACGTGCAGAGAGCTC-1-3,-6.5644197,0.037934568
GACGTGCAGCTGATAA-1-3,-6.8682632,1.9183044
GACGTGCGTCACCTAA-1-3,-4.1560197,-1.1152096
GACGTGCTCCGGCACA-1-3,-7.215661,-4.918753
GACGTGCTCTCGATGA-1-3,-3.7959802,4.995014
GACGTTAAGACGCTTT-1-3,4.1026826,4.5916176
GACGTTACACGCCAGT-1-3,4.907032,3.8374522
GACGTTAGTGTGAATA-1-3,-4.0281825,3.9722486
GACGTTATCGGAGCAA-1-3,-3.1982245,5.214616
GACTAACCAGGATTGG-1-3,-6.347657,2.5912037
GACTAACCATGAGCGA-1-3,-8.750602,-4.9943914
GACTAACGTCATCCCT-1-3,-0.43192548,6.004267
GACTACAAGCGAGAAA-1-3,-6.3336334,0.40569496
GACTACAAGCGTGTCC-1-3,-2.3793015,4.799394
GACTACAAGGACGAAA-1-3,-4.2142444,-1.9976465
GACTACAAGTTCGCGC-1-3,0.3089281,6.123266
GACTACAGTAGCACGA-1-3,-5.986761,2.3339164
GACTGCGAGAATCTCC-1-3,-0.35113218,5.0180817
GAGCAGAAGCCAGTTT-1-3,-3.2912836,0.36881325
GAGCAGAAGTGGAGTC-1-3,-2.4990795,1.2539321
GAGCAGACAGCTTAAC-1-3,-7.2451606,-3.8893127
GAGCAGACATCGGTTA-1-3,-7.4259715,-5.349955
GAGCAGATCAACTCTT-1-3,-6.7602143,1.6106032
GAGCAGATCCGTTGCT-1-3,6.7417765,-0.0015405884
GAGGTGAGTATGGTTC-1-3,4.0482855,4.19151
GAGGTGAGTCCGCTGA-1-3,-3.08119,0.21588069
GAGGTGAGTGCGGTAA-1-3,-0.050174214,2.5942922
GAGTCCGAGCGATGAC-1-3,4.1195073,4.4823184
GAGTCCGAGTACGACG-1-3,1.8357658,6.0680385
GAGTCCGCATAAGACA-1-3,-0.5725002,2.9769955
GAGTCCGGTCCTCTTG-1-3,-5.019314,1.0502559
GATCAGTAGGATGCGT-1-3,2.1527698,6.1351666
GATCAGTCACAGGAGT-1-3,-5.5758295,3.317296
GATCAGTCACCTTGTC-1-3,0.5229349,3.2141216
GATCAGTGTAACGACG-1-3,-0.20860165,5.3525667
GATCAGTTCCCGGATG-1-3,4.0011406,5.4786673
GATCAGTTCGGCGCAT-1-3,6.952856,-1.5163786
GATCGATAGAAAGTGG-1-3,-1.1578059,5.116372
GATCGATAGGATGGTC-1-3,-6.7946725,-5.7386417
GATCGATCAGTCGATT-1-3,-8.078171,-6.7992744
GATCGATCAGTGGGAT-1-3,0.30069166,4.993017
GATCGATGTGCAACTT-1-3,-5.9294558,1.1508797
GATCGATGTTGTTTGG-1-3,-6.5377154,-2.3013268
GATCGATTCAAGATCC-1-3,7.337691,-2.4671755
GATCGATTCAGGCAAG-1-3,0.38168576,5.7159433
GATCGCGCACCAGGCT-1-3,-5.7909,3.8370008
GATCGCGTCTTTACGT-1-3,-3.9256065,-1.8384244
GATCGTAAGTAGGTGC-1-3,-2.638423,5.4901524
GATCGTACAGGCGATA-1-3,-6.810909,1.5721135
GATCGTAGTGATGTGG-1-3,-4.846321,3.2576902
GATCTAGAGTCGCCGT-1-3,-4.1652055,-1.7656039
GATCTAGCATCACCCT-1-3,3.8897731,3.6109397
GATCTAGGTCCAGTGC-1-3,-2.4226758,4.7690854
GATCTAGGTTAGTGGG-1-3,2.107188,5.213544
GATCTAGGTTGAGTTC-1-3,-4.2276955,3.3663568
GATCTAGTCCTGTAGA-1-3,-6.9818034,-6.034198
GATGAAAAGCTGCGAA-1-3,-7.3411736,-1.0896611
GATGAAACAGGCTGAA-1-3,-5.425259,-1.4401512
GATGCTAGTGTTAAGA-1-3,-6.2763577,2.5900235
GATGCTATCATATCGG-1-3,-6.301255,3.6044893
GATGCTATCCCTCTTT-1-3,-2.4569983,5.2262535
GATTCAGAGCGATGAC-1-3,-3.4649503,-0.071897484
GATTCAGAGTACGTTC-1-3,-7.9619627,-6.4535546
GATTCAGCAGGTTTCA-1-3,3.0839908,3.710945
GATTCAGCATTGAGCT-1-3,5.1899633,2.9061964
GATTCAGGTCCGACGT-1-3,-6.1616955,2.9103484
GATTCAGTCGCCAGCA-1-3,-6.630993,1.2960495
GCAAACTTCGGAATCT-1-3,-6.375967,-3.3388433
GCAAACTTCGGCTACG-1-3,-7.549891,-2.9155614
GCAATCAAGATGTTAG-1-3,0.08028906,6.0923004
GCAATCACAGATTGCT-1-3,-3.8194978,3.3893242
GCAATCACAGCTGCTG-1-3,-7.2053595,0.3744152
GCAATCAGTGTTAAGA-1-3,-5.175031,2.9967384
GCACATACATTACGAC-1-3,6.016621,1.671539
GCACATACATTGGTAC-1-3,-6.9321246,-2.932904
GCACATATCACGGTTA-1-3,7.3992314,-2.6711733
GCACTCTTCCGGCACA-1-3,6.648747,-1.5385517
GCAGCCAAGCGGATCA-1-3,-3.8138933,-0.9903318
GCAGCCACAGCGTTCG-1-3,6.665749,-0.3378249
GCAGCCATCGACCAGC-1-3,7.230693,-2.9581137
GCAGTTACATTTCACT-1-3,-3.3657176,3.4451728
GCAGTTATCTTATCTG-1-3,-6.4383817,-0.19385996
GCATACAGTAAGTTCC-1-3,-1.9835649,4.8903995
GCATACAGTATCTGCA-1-3,-7.029649,1.8054003
GCATGATAGCCTTGAT-1-3,7.428056,-0.2889232
GCATGATGTCACTGGC-1-3,-6.1375875,0.27844027
GCATGATTCAGCACAT-1-3,-8.293238,-5.1156735
GCATGCGAGGAACTGC-1-3,-0.1529042,2.202276
GCATGCGCACTAGTAC-1-3,-7.5025544,-2.408538
GCATGCGGTAAGTGGC-1-3,5.8604097,2.451843
GCATGCGGTACAGACG-1-3,6.5199213,-0.34041274
GCATGTAAGCTGTCTA-1-3,7.1491675,0.4191845
GCATGTACACTGCCAG-1-3,-6.055313,-3.2900248
GCATGTACACTTACGA-1-3,-6.7127843,2.2300012
GCATGTAGTTGCGCAC-1-3,-6.309784,-4.3336515
GCATGTATCACGATGT-1-3,-2.9235165,4.702272
GCATGTATCGCCAGCA-1-3,-0.07360966,2.3285997
GCATGTATCGTGGACC-1-3,-5.8316627,-1.8591205
GCCAAATCATTTGCTT-1-3,-4.1429386,4.4389124
GCCAAATGTAAACACA-1-3,-2.7455988,1.3284776
GCCTCTAAGGCAATTA-1-3,-7.2017136,1.0691441
GCCTCTAAGTCCGGTC-1-3,6.62654,0.40317315
GCCTCTAGTGACTACT-1-3,-4.262498,3.6011071
GCGACCACACGTTGGC-1-3,-7.3984246,-3.1093798
GCGACCATCACCAGGC-1-3,-6.486651,-3.0743253
GCGAGAACACCTATCC-1-3,-7.9304967,-5.9132676
GCGAGAAGTGGGTATG-1-3,-8.814203,-5.334921
GCGAGAATCCGAATGT-1-3,6.1264496,3.5720706
GCGCAACAGTGTACCT-1-3,-4.521529,3.678256
GCGCAACCAACACCTA-1-3,3.8112404,5.4939404
GCGCAACCACCAGCAC-1-3,-5.6680484,3.5396032
GCGCAACGTCGAAAGC-1-3,7.647035,-2.2922828
GCGCAGTCACGAAACG-1-3,-3.0912676,3.160268
GCGCAGTCATCCGTGG-1-3,7.6116095,-0.03399669
GCGCAGTGTGCTAGCC-1-3,-6.884696,1.7599263
GCGCAGTTCACCGGGT-1-3,-6.84099,-4.730917
GCGCCAAAGCTCCTTC-1-3,-8.535513,-6.1650476
GCGCCAACAATCAGAA-1-3,-0.49929237,6.134056
GCGCCAAGTGCACGAA-1-3,-7.115574,2.6043577
GCGCCAATCTTATCTG-1-3,-1.4999009,2.4741647
GCGCGATCAAATTGCC-1-3,6.662709,3.1499643
GCGCGATGTGGCGAAT-1-3,4.4912014,3.472831
GCGCGATTCAAACCAC-1-3,-2.6856816,4.276374
GCGCGATTCGCGTAGC-1-3,7.7262483,-3.0725393
GCGGGTTAGACTTGAA-1-3,7.22552,1.0540713
GCGGGTTCAAGTAATG-1-3,-7.3104553,-5.6729903
GCGGGTTGTCAGTGGA-1-3,-5.3020115,3.482096
GCTCCTAAGAGTACCG-1-3,-7.30013,-2.8603232
GCTCCTAGTGGTGTAG-1-3,6.615555,-2.0604682
GCTCTGTAGCCACCTG-1-3,-6.156493,2.3592386
GCTCTGTAGCGTGAGT-1-3,0.1057123,3.8068533
GCTCTGTAGTGTACGG-1-3,3.61999,3.6760511
GCTCTGTGTCCATGAT-1-3,-5.5144577,2.5495427
GCTGCAGAGAAGAAGC-1-3,2.0440168,6.449479
GCTGCAGCATTCTCAT-1-3,3.399169,3.878482
GCTGCAGTCGAGCCCA-1-3,-2.8739405,4.124912
GCTGCGAAGAACAACT-1-3,-4.959366,-2.6233933
GCTGCGAAGCTAGCCC-1-3,7.1778073,-0.56405634
GCTGCGAAGTATTGGA-1-3,2.266305,6.3557663
GCTGCGAGTCGTCTTC-1-3,2.5586917,4.5602045
GCTGCGATCCCGGATG-1-3,-3.8027456,5.0724425
GCTGCTTAGATCTGCT-1-3,-3.586811,3.6143665
GCTGCTTAGTATCGAA-1-3,-8.688814,-5.6758995
GCTGCTTGTCACTTCC-1-3,-5.145504,1.8976164
GCTGCTTTCCTCGCAT-1-3,7.491194,-1.7529384
GCTGGGTCACGAGGTA-1-3,7.6052623,-2.7817285
GCTGGGTGTCTAGAGG-1-3,5.7186975,2.8406255
GCTGGGTTCACATGCA-1-3,6.1598506,2.8824556
GCTTCCAAGACATAAC-1-3,-8.05876,-5.932693
GCTTCCAAGTTAAGTG-1-3,-7.647865,-1.6675005
GCTTCCAGTAGCGTAG-1-3,-7.0588536,-0.16176997
GCTTGAACATTTGCTT-1-3,-7.6000204,-2.5295749
GCTTGAAGTATCACCA-1-3,-3.801875,-1.3514054
GCTTGAAGTCTAAAGA-1-3,-1.764061,5.16266
GCTTGAATCCCTCAGT-1-3,2.2843182,4.619387
GGAAAGCCAATGTAAG-1-3,-3.7403367,0.27541214
GGAACTTAGGTTACCT-1-3,7.5455523,-1.4446808
GGAATAAAGAGGGATA-1-3,-5.0690904,1.5372052
GGAATAAAGCTGCGAA-1-3,-6.817636,-1.9564787
GGAATAACATCCTAGA-1-3,0.03724144,2.8527482
GGAATAAGTAGCTAAA-1-3,7.253869,-3.001934
GGAATAAGTGAGGCTA-1-3,5.777444,2.406958
GGACAAGAGTCCGGTC-1-3,-7.7602777,-5.0042105
GGACAAGCAAGTTAAG-1-3,1.2012285,4.555371
GGACAAGCAATAAGCA-1-3,1.5427164,3.907133
GGACAAGTCAAAGACA-1-3,-0.1765739,5.19484
GGACAAGTCATAACCG-1-3,-6.960977,2.0825813
GGACAAGTCCGCGGTA-1-3,-3.1762764,4.726513
GGACAGACAATCCAAC-1-3,-6.421454,1.7477221
GGACAGAGTCAGCTAT-1-3,-8.651957,-5.1700354
GGACAGATCAGCATGT-1-3,2.521557,4.355477
GGACAGATCCTTTCGG-1-3,2.7004538,3.8635986
GGACATTGTGCGGTAA-1-3,7.2408667,-3.1101823
GGACGTCAGGGTGTTG-1-3,-6.8342395,1.5201716
GGACGTCCACGCATCG-1-3,7.960359,-2.7904391
GGACGTCCATGGATGG-1-3,1.4478521,5.0850487
GGACGTCGTCAGAAGC-1-3,-3.718458,5.0908937
GGACGTCGTCTTGTCC-1-3,0.26819843,2.9356601
GGAGCAACAGTCACTA-1-3,7.9457426,-3.018617
GGAGCAACATCGATTG-1-3,-4.5971656,3.345695
GGAGCAAGTATCACCA-1-3,-6.7107873,3.0786228
GGATGTTAGCTCTCGG-1-3,-1.8543675,2.9192789
GGATGTTAGTAAGTAC-1-3,-6.4239306,-6.0376515
GGATGTTGTTACGCGC-1-3,-6.1039205,-2.8348677
GGATGTTTCAGAGGTG-1-3,-5.9500833,-2.5111783
GGATGTTTCTGGCGAC-1-3,6.72523,1.130782
GGATTACAGACATAAC-1-3,1.6591539,4.8032265
GGATTACAGACTACAA-1-3,-8.234887,-6.7390647
GGATTACAGGTCGGAT-1-3,-2.656447,1.8003865
GGATTACGTATCTGCA-1-3,-6.7295537,2.7007916
GGCAATTAGACTAGGC-1-3,1.9369676,6.1830277
GGCAATTCACGGCTAC-1-3,-6.5494614,-3.2479684
GGCAATTCAGACTCGC-1-3,-7.2262034,-2.0399518
GGCAATTCATCTCCCA-1-3,1.5290971,4.912436
GGCAATTGTCCATCCT-1-3,-6.4645276,-4.9743657
GGCAATTTCCGAATGT-1-3,7.1343126,0.38336354
GGCCGATGTCAAACTC-1-3,2.0966487,6.2521076
GGCCGATTCACTCTTA-1-3,7.366518,-3.0674586
GGCCGATTCAGAGACG-1-3,4.02377,3.6556876
GGCGACTTCCACGAAT-1-3,-5.8640895,1.8321897
GGCGTGTCAACTGCTA-1-3,-6.2567387,-2.8272455
GGCGTGTCACCAGGTC-1-3,-0.19440828,6.1055236
GGCGTGTCACCGATAT-1-3,-2.8431432,4.8466425
GGCGTGTCAGGAATCG-1-3,-2.2731237,4.6370935
GGCGTGTGTCCGACGT-1-3,7.0307517,-2.3222117
GGCGTGTTCAGCTTAG-1-3,-6.6483397,-4.115238
GGCGTGTTCGAGAGCA-1-3,-6.3020115,1.8584384
GGCGTGTTCGTGGGAA-1-3,-2.653732,4.499376
GGCTCGAAGATCACGG-1-3,-1.645765,4.3420963
GGCTCGAGTCACCTAA-1-3,3.234772,4.6715646
GGCTCGAGTCGCTTCT-1-3,-3.1538014,5.492788
GGCTCGATCATCGATG-1-3,-5.2994375,2.8567052
GGCTGGTAGTCACGCC-1-3,1.3915161,4.824386
GGCTGGTCAAGGTGTG-1-3,-6.79368,-5.193952
GGCTGGTGTGCTCTTC-1-3,-5.1409936,2.730678
GGCTGGTTCATGCATG-1-3,1.213446,4.320217
GGGAATGAGGAGCGAG-1-3,-2.6950471,3.2228663
GGGAATGCAAGACGTG-1-3,-7.5081344,-2.1595616
GGGAATGGTCGGCTCA-1-3,7.7653832,-1.1497663
GGGAATGTCACAAACC-1-3,1.8932823,6.096722
GGGAATGTCAGCATGT-1-3,6.1793923,1.2360978
GGGAATGTCGACCAGC-1-3,4.070482,4.3130574
GGGACCTAGCTGCCCA-1-3,4.783277,4.9576263
GGGACCTCACAGAGGT-1-3,-7.321565,2.681207
GGGACCTCACGCCAGT-1-3,5.740354,2.7074192
GGGACCTCACTGTCGG-1-3,-6.9755273,-0.3613471
GGGACCTGTATGAAAC-1-3,0.30724803,6.2370605
GGGACCTGTCAGCTAT-1-3,-7.7791467,-4.2743816
GGGAGATGTCTTCTCG-1-3,6.836165,0.56961006
GGGAGATGTTTGTGTG-1-3,-5.017328,2.01777
GGGATGAAGGGCATGT-1-3,-7.2453403,-5.0159774
GGGATGAGTTGTGGAG-1-3,6.0465546,3.4129362
GGGCACTAGGAGTTGC-1-3,1.5203868,5.4942017
GGGCACTCAATGAAAC-1-3,6.65366,1.605672
GGGCACTGTCTCCATC-1-3,-2.770165,4.8626075
GGGCACTTCACGAAGG-1-3,7.1176577,-1.4090137
GGGCACTTCTGTCTCG-1-3,-5.1467595,0.8854274
GGGCATCCATTTCAGG-1-3,-8.440278,-6.219211
GGGCATCGTGGTCTCG-1-3,5.9435554,1.5763648
GGGTCTGAGATGTTAG-1-3,-5.0948005,0.8930318
GGGTCTGCACAGGCCT-1-3,6.6735015,0.8958345
GGGTCTGCATGAAGTA-1-3,6.320634,-0.7654836
GGGTCTGTCATGTGGT-1-3,-1.4165992,4.889318
GGGTTGCGTACAAGTA-1-3,-8.1067,-5.8897896
GGGTTGCTCCCAGGTG-1-3,-5.568079,0.39901167
GGTATTGGTACTCGCG-1-3,6.01709,1.168569
GGTATTGGTTGATTGC-1-3,-5.8813334,2.272403
GGTATTGTCAGGTTCA-1-3,-7.1891656,-0.44288063
GGTGAAGAGCAGGTCA-1-3,-4.9857435,2.5931273
GGTGAAGAGGTAAACT-1-3,2.8044715,4.4985137
GGTGCGTAGCGTCAAG-1-3,-8.0446615,-6.1197753
GGTGCGTTCACAGTAC-1-3,-8.220963,-5.6325703
GGTGCGTTCACCGTAA-1-3,-5.106708,4.3774657
GGTGCGTTCTTGCAAG-1-3,5.153217,4.47395
GGTGTTAAGAGCCCAA-1-3,-3.982692,4.9862976
GTAACGTCATCGGAAG-1-3,1.6980033,4.821729
GTAACGTGTACCGGCT-1-3,-7.408955,-6.019378
GTAACGTGTGCCTGCA-1-3,7.094507,0.3929337
GTAACGTTCAATCTCT-1-3,-5.917952,2.7525063
GTAACGTTCCAGAGGA-1-3,-3.4605918,5.334541
GTAACTGAGGTGCTTT-1-3,-6.0426507,-4.140802
GTAACTGAGTGCTGCC-1-3,-0.48619723,2.2825577
GTAACTGGTCACTGGC-1-3,-0.09722979,3.046791
GTACGTAAGTCCCACG-1-3,5.174447,3.6547678
GTACGTACATCGATGT-1-3,-0.4112519,6.106467
GTACGTATCATATCGG-1-3,-3.8301466,4.0657153
GTACTCCCACAGGTTT-1-3,-0.614246,2.6727834
GTACTCCCACGTCTCT-1-3,7.0831933,-2.10822
GTACTCCCACTACAGT-1-3,-6.874923,-4.4687796
GTACTCCGTTAAGAAC-1-3,-1.47943,4.9775996
GTACTCCTCCAACCAA-1-3,6.1549916,3.2176645
GTACTCCTCTCTTATG-1-3,-7.5943704,-5.4275374
GTACTTTAGATATGCA-1-3,-3.915153,-0.7839734
GTACTTTCAACGATCT-1-3,3.5248466,5.562646
GTACTTTCATGCATGT-1-3,-7.362404,-3.5040817
GTACTTTCATGCCCGA-1-3,-3.0014968,1.0398253
GTACTTTCATGGTCAT-1-3,5.115282,3.4840634
GTACTTTTCCCTAATT-1-3,6.977636,2.0661154
GTACTTTTCGGCGCAT-1-3,6.847117,-0.8074026
GTAGGCCAGCTAACAA-1-3,-7.4649177,2.4897013
GTAGGCCGTCAATGTC-1-3,2.790591,3.958527
GTAGTCAAGCACGCCT-1-3,7.4796443,-1.5934004
GTAGTCACATCGATGT-1-3,1.9479319,6.3873096
GTAGTCAGTACTCAAC-1-3,-2.9459915,1.0458821
GTAGTCAGTCCGACGT-1-3,1.1702561,4.4309177
GTAGTCAGTCCGCTGA-1-3,6.401451,1.8528621
GTAGTCAGTGACGCCT-1-3,5.743223,3.3763368
GTAGTCAGTGCCTGTG-1-3,-5.5918145,2.9005551
GTATCTTAGATAGCAT-1-3,6.4407,-2.6713474
GTATCTTCATCGATGT-1-3,6.801962,1.0270842
GTATCTTGTACTCAAC-1-3,-8.221229,-5.394926
GTATCTTGTCGCGGTT-1-3,4.976344,3.005057
GTATCTTTCGTGGACC-1-3,-4.6903663,3.5145626
GTATCTTTCTTTAGTC-1-3,-6.04572,-3.3365629
GTATTCTTCACTTACT-1-3,-5.0499697,3.602168
GTCAAGTAGTATCGAA-1-3,-7.4880075,-6.006487
GTCAAGTCACACATGT-1-3,2.2363098,6.193145
GTCACAAAGAAACCTA-1-3,-2.4841096,5.5096517
GTCACAACACGTCTCT-1-3,2.671463,5.8973556
GTCACAAGTCGAGTTT-1-3,7.133405,-0.20252733
GTCACAATCTGTCTAT-1-3,7.1948514,0.8942005
GTCACGGAGTCCCACG-1-3,-3.8417296,-0.5037039
GTCACGGCACTTCGAA-1-3,-3.076875,1.5291884
GTCACGGCATCCGTGG-1-3,-3.446664,0.890047
GTCACGGTCACCGGGT-1-3,1.4645103,6.2092276
GTCACGGTCTTGCCGT-1-3,-4.3899612,1.080769
GTCATTTGTGATGTCT-1-3,0.75376624,6.2645926
GTCCTCAAGAAGGTGA-1-3,-5.592934,3.7612123
GTCCTCAAGTTCGATC-1-3,-7.8973,-4.5522275
GTCCTCACAAGTAATG-1-3,6.3809385,-1.8879035
GTCCTCACATGACATC-1-3,-3.088343,0.82660514
GTCCTCATCATTTGGG-1-3,7.511791,-0.4111312
GTCCTCATCTGGAGCC-1-3,6.0422153,2.2021947
GTCGGGTCACGCCAGT-1-3,-7.197533,-5.63199
GTCGGGTGTCTGCAAT-1-3,-4.3389544,-2.7132282
GTCGGGTGTGCAACTT-1-3,-7.0534787,-1.2346544
GTCGGGTGTTTGGCGC-1-3,0.3554123,4.930429
GTCGTAAAGGTGATTA-1-3,-7.083235,2.9315212
GTCGTAAGTGACTCAT-1-3,-0.7303641,5.8654017
GTCGTAATCAGCACAT-1-3,0.2819439,4.779599
GTCGTAATCGTTGACA-1-3,1.4115636,6.0683565
GTCTCGTAGGCTAGAC-1-3,7.2374763,-0.4444837
GTCTCGTCATAGTAAG-1-3,5.5298166,2.6916988
GTCTCGTCATTCGACA-1-3,7.2704396,-1.3159707
GTCTCGTGTCCCTTGT-1-3,0.42702514,4.795733
GTCTCGTTCACTTCAT-1-3,3.9416947,4.6766434
GTCTCGTTCCTAGGGC-1-3,-8.299079,-4.392424
GTCTTCGAGCGTGAGT-1-3,-2.7008765,4.5986395
GTCTTCGGTCAGAGGT-1-3,-0.6464335,2.4872584
GTCTTCGGTGACGCCT-1-3,-6.893662,-1.3640656
GTCTTCGGTTACAGAA-1-3,-8.736353,-6.3577485
GTCTTCGGTTTAAGCC-1-3,1.8940023,4.479564
GTCTTCGTCCGTTGCT-1-3,-6.894225,-5.190465
GTCTTCGTCTACCAGA-1-3,-2.3594944,1.5514693
GTGAAGGTCAGGCCCA-1-3,-2.5120575,4.7154746
GTGAAGGTCTTAACCT-1-3,-5.942416,-4.5085196
GTGCAGCAGCTAAGAT-1-3,-8.473328,-5.5339637
GTGCAGCAGCTATGCT-1-3,2.2568667,4.858411
GTGCAGCCACCTTGTC-1-3,1.4521493,4.8074107
GTGCAGCTCGTTTATC-1-3,-4.7392793,4.672887
GTGCAGCTCTAAGCCA-1-3,-1.8089297,4.632897
GTGCATAAGAACAATC-1-3,-6.8640275,3.1545131
GTGCATAGTCTCCATC-1-3,1.1570395,4.3307276
GTGCATAGTTCAACCA-1-3,-6.786305,-1.8122736
GTGCATATCTCCCTGA-1-3,7.6709733,-2.9955604
GTGCGGTCAAAGCAAT-1-3,-5.088976,4.1516485
GTGCGGTCACCGAATT-1-3,-7.812473,-6.4662066
GTGCGGTCAGCGTAAG-1-3,6.5512896,3.101153
GTGCGGTCATTTGCCC-1-3,-4.6920214,4.564654
GTGCGGTGTCATCGGC-1-3,-6.793336,3.1138597
GTGCTTCAGAGGGATA-1-3,-6.645216,-2.614331
GTGCTTCGTGAGGGTT-1-3,-5.453648,3.4887464
GTGCTTCGTTGGTAAA-1-3,-8.481612,-6.3345585
GTGCTTCTCAGATAAG-1-3,3.9115644,4.058381
GTGGGTCCACGAAAGC-1-3,2.6966116,6.221964
GTGGGTCGTAAGTGGC-1-3,-6.0578475,2.4409385
GTGGGTCGTAGGAGTC-1-3,-4.1211123,-0.17016113
GTGGGTCGTCCAGTAT-1-3,-4.6080604,-2.3911145
GTGTGCGGTCTCCACT-1-3,-7.0779705,-6.496774
GTGTGCGGTGGACGAT-1-3,-8.360931,-4.774612
GTGTGCGGTGTAAGTA-1-3,-7.599099,-6.7828107
GTGTTAGAGAATTGTG-1-3,3.0032005,4.148908
GTGTTAGAGACTACAA-1-3,5.4215765,4.236986
GTGTTAGAGTTTCCTT-1-3,-5.225159,3.3190858
GTGTTAGGTACCGAGA-1-3,-6.289427,-6.167921
GTGTTAGGTCTCATCC-1-3,-5.0428634,4.035162
GTGTTAGGTGAACCTT-1-3,-6.4157805,2.9242747
GTGTTAGTCGTAGATC-1-3,6.6756725,-1.6330014
GTTAAGCAGGATTCGG-1-3,1.3097018,5.2618175
GTTAAGCTCCGCATAA-1-3,6.7473993,2.7539597
GTTAAGCTCCGCGTTT-1-3,7.067877,-1.202137
GTTACAGTCCGATATG-1-3,0.61678916,3.5261986
GTTCATTAGAAGATTC-1-3,6.846415,-2.836049
GTTCATTAGAATGTGT-1-3,-8.636103,-5.354191
GTTCATTAGGAGCGTT-1-3,-7.464501,-5.2922525
GTTCATTAGGCAGTCA-1-3,-0.13098954,2.6663353
GTTCATTGTCAACATC-1-3,7.1665344,-0.90227383
GTTCATTGTTCCAACA-1-3,-7.4745846,-6.438538
GTTCATTGTTGTACAC-1-3,-5.757266,1.3983973
GTTCGGGAGGCAATTA-1-3,-7.1349473,-2.3293145
GTTCTCGAGAATTCCC-1-3,-5.0223165,-2.4068956
GTTCTCGCAAGAAAGG-1-3,-7.6372747,-6.0860534
GTTCTCGCAAGTCTAC-1-3,-7.7298985,-3.5163069
GTTCTCGCATCACGAT-1-3,3.1175988,5.027424
GTTCTCGCATGTAGTC-1-3,-5.7108574,-3.201152
GTTCTCGGTAAGTGTA-1-3,-4.8496456,4.2654514
GTTCTCGGTGTAAGTA-1-3,3.8194594,4.7908034
GTTCTCGGTTTGTGTG-1-3,-1.2329828,2.505563
GTTCTCGTCAGTTTGG-1-3,8.087619,-2.0502272
GTTCTCGTCTACCAGA-1-3,-6.6383367,-3.9449332
GTTTCTAAGATGTGGC-1-3,6.07512,1.9750173
GTTTCTAGTATCGCAT-1-3,-8.180813,-5.596377
GTTTCTAGTCCTCTTG-1-3,-7.393291,-6.7244267
GTTTCTATCCAGGGCT-1-3,-6.25322,-3.7173345
TAAACCGAGGTCGGAT-1-3,0.88713115,5.0743666
TAAACCGCACACATGT-1-3,2.1307487,6.247059
TAAGAGAAGCCAGAAC-1-3,-7.2768493,2.111299
TAAGAGAAGCGATTCT-1-3,-7.042351,0.21325457
TAAGAGATCTGCGACG-1-3,-5.4187922,2.9469378
TAAGCGTAGATCGATA-1-3,6.6629696,-3.1489158
TAAGCGTCAATGCCAT-1-3,-0.15655728,6.313088
TAAGTGCGTCCGTCAG-1-3,-4.9842186,2.1025815
TACACGAAGATCCCAT-1-3,-7.6506085,-6.4337864
TACACGACATGTAGTC-1-3,-7.5668883,-5.231165
TACACGAGTGCAACTT-1-3,-0.2189356,6.3251476
TACAGTGCAAACGTGG-1-3,4.9916058,4.323964
TACAGTGCAATCTACG-1-3,7.799579,-2.7307994
TACAGTGCACAGGCCT-1-3,-8.544643,-5.7074623
TACAGTGCACTCGACG-1-3,7.101994,-0.9831397
TACAGTGGTAAACGCG-1-3,-2.586837,5.4959407
TACAGTGGTCGAATCT-1-3,-6.8504524,1.7276573
TACAGTGTCCCTAACC-1-3,-2.4452007,4.8029213
TACAGTGTCGCTGATA-1-3,6.518117,-0.23600045
TACCTATCATTACGAC-1-3,-6.0733232,1.4154485
TACCTATGTCGGCTCA-1-3,-0.22337404,2.1843023
TACCTATGTTAAAGTG-1-3,-0.1755277,6.0756283
TACCTTAAGATGTAAC-1-3,0.79180837,5.095382
TACCTTAGTCAGGACA-1-3,7.925223,-1.8145088
TACCTTATCGGCGCAT-1-3,-0.2396158,5.5728703
TACCTTATCTCGCTTG-1-3,3.334252,5.133723
TACGGATAGGCCCTCA-1-3,-6.892592,-5.759336
TACGGATAGTTTAGGA-1-3,7.4097466,-3.1059017
TACGGATTCACGGTTA-1-3,-1.7269671,5.031975
TACGGATTCCAAGTAC-1-3,3.5968392,4.6847973
TACGGGCAGCAAATCA-1-3,5.097882,4.558729
TACGGGCCATATGCTG-1-3,3.4378905,3.6606894
TACGGTACACGGTAGA-1-3,2.2061365,4.794213
TACTCATAGAAACCAT-1-3,-5.353784,2.3966534
TACTCATAGACCTTTG-1-3,0.016538788,2.6730468
TACTCATAGCCAACAG-1-3,-7.3212,-4.9661427
TACTCATAGGCCATAG-1-3,7.6382046,-1.1020044
TACTCATAGGTGTTAA-1-3,-5.458856,3.967297
TACTCGCAGTAAGTAC-1-3,-6.582114,-4.6763515
TACTCGCCAGACAAGC-1-3,-2.216643,4.8900957
TACTTACCATGGGACA-1-3,3.0069594,3.7138047
TACTTACGTGTGGCTC-1-3,-1.8209158,5.1454654
TACTTACGTTTCCACC-1-3,-6.722235,1.9795755
TACTTGTGTGTATGGG-1-3,-6.808094,-5.4934554
TACTTGTTCGGAGGTA-1-3,0.19910488,6.249299
TAGACCAGTATATGGA-1-3,-7.5090446,-1.2187831
TAGACCATCGTTGACA-1-3,6.5234957,-1.7755418
TAGAGCTAGTGCCATT-1-3,-3.9947705,-0.42445752
TAGAGCTTCTCGCTTG-1-3,-6.7133284,-2.1486664
TAGGCATCAAACCCAT-1-3,-6.294009,-4.1641026
TAGGCATCAGCATGAG-1-3,-6.6464014,0.32194507
TAGGCATGTATCGCAT-1-3,6.684852,-1.8214319
TAGGCATGTCTGCAAT-1-3,-5.915558,1.17228
TAGTGGTAGGACACCA-1-3,0.551775,4.342874
TAGTGGTCATTCACTT-1-3,-6.0443335,2.6725688
TAGTGGTGTAAAGTCA-1-3,-6.3836117,0.6886853
TAGTGGTGTAGCAAAT-1-3,-8.109543,-5.2351856
TAGTGGTTCACCTTAT-1-3,-6.6923375,2.8965385
TAGTGGTTCCTCAACC-1-3,-4.00491,4.158249
TAGTTGGCACGTAAGG-1-3,1.3586304,4.61957
TAGTTGGCAGCCTATA-1-3,0.7579272,5.2044196
TAGTTGGCAGTAACGG-1-3,-6.0946546,3.6772897
TAGTTGGGTATAGTAG-1-3,-0.6896691,3.2484298
TATCAGGCACCAGTTA-1-3,4.373999,4.4387
TATCAGGGTTCGAATC-1-3,-4.4121046,4.435335
TATCTCAAGTGTACTC-1-3,-6.154446,2.0481408
TATCTCACACGCGAAA-1-3,-4.7995358,-2.3508422
TATGCCCAGAACAATC-1-3,-4.0452,-0.94157153
TATGCCCGTCTAGCCG-1-3,5.8264036,1.5457971
TATGCCCTCTTCCTTC-1-3,7.7708836,-2.8967245
TATTACCAGATGGGTC-1-3,-6.16202,-4.929947
TATTACCCAGTAGAGC-1-3,-7.40862,2.4321268
TATTACCGTGGTCCGT-1-3,2.4680586,5.7551394
TATTACCGTTGAGTTC-1-3,1.847967,4.9628153
TATTACCGTTTGGGCC-1-3,-6.034045,0.8697005
TATTACCTCGTTGCCT-1-3,-6.8121314,-3.3855076
TCAACGACAAGGTTTC-1-3,3.4806142,3.872478
TCAACGAGTAGCGTAG-1-3,-5.980942,2.6957295
TCAACGATCAACCATG-1-3,-0.8305495,5.7470565
TCAATCTCAGTGGGAT-1-3,-1.455529,5.0485897
TCAATCTCATCCGCGA-1-3,-1.2494726,5.364448
TCAATCTTCCCATTTA-1-3,-3.950115,3.9351184
TCAATCTTCGAACGGA-1-3,-7.064623,-0.3982598
TCACAAGAGCATGGCA-1-3,-6.0221505,-4.39407
TCACAAGCAACGATGG-1-3,-5.343178,-2.9010124
TCACAAGCACCGAAAG-1-3,5.712765,2.3785164
TCACAAGTCGTCGTTC-1-3,7.358475,1.4723917
TCACAAGTCTGGTTCC-1-3,-8.765426,-5.2417684
TCACGAAAGTGGCACA-1-3,-5.6569176,1.1005248
TCACGAACAGGCGATA-1-3,-6.491144,-3.105392
TCACGAAGTCCGAGTC-1-3,1.2901225,4.7079263
TCACGAATCCTATGTT-1-3,6.4127874,-1.3729321
TCAGATGCACTCGACG-1-3,-3.2971148,5.1151605
TCAGATGCATATACCG-1-3,-4.4299464,3.7126598
TCAGCAAAGCGATGAC-1-3,6.822834,0.26333922
TCAGCAATCGCCGTGA-1-3,-5.155947,4.129424
TCAGCTCAGTGTGAAT-1-3,-5.495871,-2.8385732
TCAGGATGTTGGGACA-1-3,-8.329824,-5.054985
TCAGGATTCTGTCTAT-1-3,-7.4407115,-0.12092562
TCAGGTAAGACCTAGG-1-3,-4.6994705,-2.2371743
TCAGGTAAGCGTAATA-1-3,-6.8697605,2.5841985
TCAGGTAAGGCGTACA-1-3,0.57364655,5.125342
TCAGGTACAAGGCTCC-1-3,-6.6714907,1.7336433
TCAGGTACACGGCCAT-1-3,-0.85263175,5.3368077
TCAGGTACAGTCACTA-1-3,-7.7452636,-6.5291314
TCATTACCATGCATGT-1-3,4.9815884,3.1162724
TCATTACGTTGATTCG-1-3,-3.7251122,5.0174007
TCATTTGCATTGGCGC-1-3,0.24147864,2.902475
TCCACACCAGGCGATA-1-3,-7.537733,-5.4703283
TCCACACGTATAGGTA-1-3,4.2804866,5.149889
TCCACACTCCCAAGAT-1-3,-7.118503,1.2326334
TCCACACTCGGCTTGG-1-3,-7.4495397,-0.3058132
TCCCGATAGGACAGCT-1-3,-3.3107977,3.8908317
TCCCGATAGTCGTTTG-1-3,-2.4298677,1.7009946
TCCCGATCAACGATGG-1-3,1.9490355,4.967253
TCCCGATCAGCATGAG-1-3,-0.6995964,5.976662
TCCCGATCATGCTAGT-1-3,-7.7853785,-4.9969916
TCCCGATGTTAAGACA-1-3,-5.8537993,-5.961904
TCGAGGCAGAACAATC-1-3,-5.9657683,-1.4882356
TCGAGGCAGGCATGGT-1-3,-5.927538,2.2078326
TCGAGGCAGTTAACGA-1-3,-6.280051,-4.366461
TCGAGGCCAATGGATA-1-3,-4.0408974,3.809033
TCGAGGCTCCTTTACA-1-3,-6.769975,-3.578725
TCGCGAGAGTACGCGA-1-3,-1.7104249,4.5821924
TCGCGAGAGTGTACTC-1-3,-5.3670425,-2.7130048
TCGCGAGCACTTCTGC-1-3,-6.195552,1.1283373
TCGCGAGTCGACGGAA-1-3,-6.0300307,1.1681395
TCGCGTTCACAAGTAA-1-3,6.79429,-0.5679882
TCGCGTTGTCTAACGT-1-3,6.78133,0.44326127
TCGCGTTTCGGAATCT-1-3,6.414364,1.6474746
TCGCGTTTCTCTGCTG-1-3,-2.9968953,4.1719894
TCGCGTTTCTGGGCCA-1-3,-7.0184174,2.480683
TCGCGTTTCTTGCCGT-1-3,7.5773807,-1.5798917
TCGGGACAGAGAACAG-1-3,6.6494813,0.42708507
TCGGGACAGATCGATA-1-3,2.907628,6.018798
TCGGGACAGCGTTGCC-1-3,-5.1337614,1.8096579
TCGGGACGTCATCGGC-1-3,1.8558213,3.573341
TCGGGACTCCAGATCA-1-3,7.796548,-1.9745746
TCGGTAAAGATTACCC-1-3,3.6683686,4.870253
TCGGTAACAGGGTACA-1-3,-6.337143,-2.9066873
TCGGTAAGTGTGAAAT-1-3,-3.0179362,1.0170221
TCGGTAATCTGTTGAG-1-3,6.031622,2.085594
TCGTACCCACTGCCAG-1-3,-6.023977,-4.6980834
TCGTACCTCACTTACT-1-3,-6.270061,-1.3861314
TCGTAGATCTTTACGT-1-3,-4.775622,4.7171288
TCTATTGAGAATAGGG-1-3,-1.807441,5.2711163
TCTATTGAGAATCTCC-1-3,-2.5158627,1.4040788
TCTATTGAGGCTACGA-1-3,-7.333419,-0.5874894
TCTATTGCAATCCAAC-1-3,-7.631543,0.015441215
TCTATTGTCGAGAACG-1-3,7.0484786,-1.6612813
TCTATTGTCGTATCAG-1-3,-1.659883,5.6679835
TCTATTGTCTAACTCT-1-3,-1.4357111,5.2366986
TCTCATAAGAATGTGT-1-3,-5.093214,4.304684
TCTCATAAGATGGCGT-1-3,-0.34433076,2.6084166
TCTCATAAGCAGATCG-1-3,2.0425656,5.003422
TCTCATACAACGATGG-1-3,-5.880175,2.8198764
TCTCATAGTGGACGAT-1-3,3.6328042,5.292509
TCTCATAGTTACCAGT-1-3,6.3686113,0.3357125
TCTCATATCTAACGGT-1-3,-4.687526,-2.1733184
TCTCTAAAGACCGGAT-1-3,7.713688,-1.0147157
TCTCTAACAATCAGAA-1-3,-5.03566,4.5764117
TCTCTAACAATCCGAT-1-3,-8.9711,-5.0405126
TCTCTAATCAAAGACA-1-3,2.4815426,4.728741
TCTCTAATCCCAACGG-1-3,-2.129024,5.279744
TCTCTAATCCCTTGCA-1-3,-7.5640907,-6.563316
TCTCTAATCCTCAACC-1-3,-5.7697425,-3.3065102
TCTGAGACAGCTCGCA-1-3,-0.99886745,4.862118
TCTGAGAGTACCGTAT-1-3,7.036366,-2.8970888
TCTGAGATCTGAGTGT-1-3,6.842549,-2.312102
TCTGAGATCTTGCAAG-1-3,6.5559664,-1.2071959
TCTGGAAGTTCGTCTC-1-3,-3.520408,5.0930934
TCTTCGGGTTATTCTC-1-3,-7.1598473,-1.6381332
TCTTCGGTCTGCTTGC-1-3,-7.8813105,-3.3522794
TCTTTCCAGGATTCGG-1-3,-5.223342,-2.4934916
TCTTTCCTCGTCTGCT-1-3,7.1591725,-1.8234106
TGAAAGAAGTGAACGC-1-3,-4.0095844,-1.9441884
TGAAAGAGTCTAAAGA-1-3,-7.1527367,-4.588875
TGAAAGAGTTATCACG-1-3,7.7328887,-1.7731653
TGACAACCATAGGATA-1-3,4.2438188,4.891959
TGACAACCATGGTTGT-1-3,-8.549827,-6.3459954
TGACAACTCGCACTCT-1-3,-6.1555543,2.3945208
TGACGGCAGTATCTCG-1-3,-6.2369895,-5.2325735
TGACGGCGTCAGGACA-1-3,-4.494575,4.875423
TGACTAGGTGTATGGG-1-3,5.270078,3.5548403
TGACTAGTCCTATTCA-1-3,6.265983,2.2586741
TGACTTTAGGTCATCT-1-3,7.1709733,-1.0523075
TGACTTTTCTGGCGAC-1-3,-6.5955777,-5.4191556
TGAGAGGAGCCGTCGT-1-3,3.441569,4.8935595
TGAGAGGTCATTGCCC-1-3,-5.614189,-2.657367
TGAGCATCAAGCCGCT-1-3,-4.8862705,-2.5248387
TGAGCATGTCTGGAGA-1-3,-8.374745,-4.9113398
TGAGCATGTGTAATGA-1-3,-4.8662806,-1.9437144
TGAGCATGTTAAAGAC-1-3,6.6332746,2.857908
TGAGCCGCATGTCTCC-1-3,1.3861088,3.4930625
TGAGCCGGTACCAGTT-1-3,-3.4105763,5.235681
TGAGCCGTCCGCTGTT-1-3,-0.98610026,5.3115687
TGAGCCGTCGTCACGG-1-3,6.742442,-1.989982
TGAGCCGTCTCTGAGA-1-3,-4.689317,2.7312706
TGAGGGACAGGACCCT-1-3,-7.400983,-1.6084442
TGAGGGAGTCCGAACC-1-3,-5.1761975,1.3184167
TGATTTCAGTACGCCC-1-3,6.8475065,-0.63315505
TGATTTCCAAATACAG-1-3,5.177065,3.7145727
TGATTTCCACAAGTAA-1-3,2.5678434,4.3045387
TGCACCTAGAAGAAGC-1-3,7.348274,-0.6270781
TGCACCTAGATAGTCA-1-3,-5.988287,0.0435074
TGCCAAAAGCAATCTC-1-3,-4.8123,-3.2761238
TGCCAAAAGCGCTTAT-1-3,-4.200551,4.857153
TGCCAAACACGTTGGC-1-3,-6.5544353,-0.972721
TGCCAAACAGCTTAAC-1-3,7.7247896,-2.6050813
TGCCAAACATGACATC-1-3,4.834345,2.9536073
TGCCCATAGAGTAAGG-1-3,-7.3783016,2.6263988
TGCCCATCACTGTGTA-1-3,7.431175,-2.4566092
TGCCCATCATTTGCCC-1-3,-0.65291166,3.1913385
TGCCCATGTCTCCATC-1-3,-8.228861,-6.0311146
TGCCCTAAGTCCGGTC-1-3,-1.8414102,4.2058535
TGCCCTACACCCAGTG-1-3,6.1639867,3.0668933
TGCCCTAGTATCGCAT-1-3,-3.583251,0.50235194
TGCCCTATCATAAAGG-1-3,-6.8297653,-4.686101
TGCCCTATCGTTACAG-1-3,2.8384037,5.0955977
TGCGCAGGTGCGAAAC-1-3,2.079906,5.752026
TGCGGGTAGACGCACA-1-3,-0.9848449,5.1480646
TGCGGGTAGGGTTCCC-1-3,-6.464224,-5.749893
TGCGGGTCAATCGAAA-1-3,0.34106776,5.334902
TGCGTGGAGGTAAACT-1-3,7.718196,-2.829665
TGCGTGGAGGTTCCTA-1-3,-6.404924,1.2764878
TGCGTGGCAGTATAAG-1-3,-8.937883,-5.5458884
TGCGTGGCATCAGTAC-1-3,0.04636733,3.2416627
TGCGTGGGTCCCTTGT-1-3,-6.935332,2.5001223
TGCGTGGGTTACTGAC-1-3,-3.8864336,-1.364245
TGCTACCAGACTAAGT-1-3,3.0734022,3.7795913
TGCTACCAGTTTCCTT-1-3,-5.5274534,3.1636145
TGCTACCCAGGGCATA-1-3,6.709704,-3.124363
TGCTACCCATAAGACA-1-3,0.10820893,5.206925
TGCTACCGTAGTACCT-1-3,-4.5271235,-1.0978407
TGCTACCGTAGTGAAT-1-3,-5.5472794,2.890908
TGCTGCTAGGATGCGT-1-3,6.0219536,1.8270003
TGCTGCTCACAGATTC-1-3,-6.264175,-1.5956043
TGGACGCAGATTACCC-1-3,-5.591825,2.935842
TGGACGCAGCTGCAAG-1-3,-5.413197,-3.5641067
TGGACGCGTATTCGTG-1-3,7.237432,1.0719403
TGGACGCGTCCGCTGA-1-3,5.7843375,2.175258
TGGACGCTCTTGTTTG-1-3,-2.6328487,5.1421824
TGGCCAGCAATGAAAC-1-3,-5.5820456,3.3808386
TGGCCAGTCTGCTGCT-1-3,5.239749,3.3100233
TGGCTGGCATGGGACA-1-3,-1.6714039,4.5315237
TGGGAAGCACGTAAGG-1-3,-4.97042,4.229901
TGGGAAGGTCTGATCA-1-3,-8.0978985,-6.878016
TGGGCGTAGTGAAGTT-1-3,-6.8061056,1.7400261
TGGGCGTAGTGTGAAT-1-3,-3.8665702,4.580374
TGGGCGTGTCCCTACT-1-3,-6.4362106,-5.7493577
TGGGCGTGTGTGCGTC-1-3,-7.164949,-6.298561
TGGTTAGAGTAGTGCG-1-3,0.000399507,6.2070727
TGGTTAGCAATAGAGT-1-3,-6.109324,-6.14047
TGGTTAGCAGTCGTGC-1-3,-6.2401953,2.4732723
TGGTTAGCATGTTCCC-1-3,-4.178767,3.2827175
TGGTTAGTCCTTGACC-1-3,2.5448477,6.192446
TGGTTCCCAATACGCT-1-3,-7.1819534,-4.178205
TGGTTCCGTCGAATCT-1-3,7.5449696,-3.274909
TGGTTCCTCAACCATG-1-3,-7.753624,-4.6686625
TGTATTCCACCAACCG-1-3,-8.506165,-4.5876555
TGTATTCGTCGACTAT-1-3,6.657615,-2.461125
TGTCCCAAGTTTAGGA-1-3,7.448822,-2.3972564
TGTCCCACACGGTAGA-1-3,6.7580953,0.5351375
TGTCCCATCAAAGTAG-1-3,-6.824427,-1.9757744
TGTGGTAAGAGGTTAT-1-3,-5.6343412,1.0985388
TGTGGTACAGTAAGCG-1-3,-6.492704,-4.7876315
TGTGGTACAGTCGATT-1-3,6.215248,-2.0728426
TGTGGTATCCAGAAGG-1-3,-7.137912,2.4906068
TGTGGTATCCAGTAGT-1-3,6.5775814,1.4022169
TGTGTTTAGCAGGCTA-1-3,-2.7867856,5.0678453
TGTGTTTGTAGCCTCG-1-3,2.3135366,6.287363
TGTGTTTGTATATCCG-1-3,-7.5542884,-0.8081376
TGTGTTTGTATGAATG-1-3,-2.3032088,5.7096276
TGTGTTTTCATTCACT-1-3,-6.0767465,-1.3707902
TGTGTTTTCCCTCAGT-1-3,-2.5458345,5.2385697
TGTTCCGGTCAGTGGA-1-3,-6.3951735,-3.554718
TGTTCCGTCAAACCAC-1-3,-2.3323536,4.640437
TGTTCCGTCATCGGAT-1-3,6.876657,1.3819758
TTAACTCCACGAGAGT-1-3,6.877734,1.7375653
TTAACTCCACGCCAGT-1-3,-4.4577465,3.798038
TTAACTCGTAATCGTC-1-3,-4.076223,3.9777708
TTAGGACAGATGGGTC-1-3,-9.008953,-4.940796
TTAGGACAGGTCATCT-1-3,-8.332898,-5.4600825
TTAGGACCATCATCCC-1-3,1.6287501,4.82056
TTAGGACGTTCAGTAC-1-3,7.618829,-1.3313663
TTAGGCAAGTATTGGA-1-3,7.515053,-0.69926524
TTAGGCACAGCTGCTG-1-3,-5.2438874,-2.330366
TTAGGCACATAGAAAC-1-3,-6.34404,-3.2323241
TTAGGCAGTGTGAATA-1-3,0.6379158,3.8525634
TTAGGCAGTTAAGAAC-1-3,-6.3774724,2.1955423
TTAGGCAGTTCCAACA-1-3,-2.0033505,5.256837
TTAGGCAGTTTGTTGG-1-3,-4.676143,4.3477483
TTAGGCATCCGGGTGT-1-3,-6.3815184,-5.1130385
TTATGCTTCAACGAAA-1-3,1.1317809,5.0547657
TTATGCTTCCAGTATG-1-3,-3.6024616,5.263629
TTCCCAGAGGATTCGG-1-3,1.9859974,5.1963015
TTCCCAGAGTTACCCA-1-3,6.367109,-0.6348111
TTCCCAGCAACACCCG-1-3,-5.0607576,1.5590416
TTCCCAGCAAGCCTAT-1-3,-7.098016,-2.908211
TTCCCAGGTGTTAAGA-1-3,-4.135792,4.4685035
TTCCCAGTCATAGCAC-1-3,-2.530323,4.419553
TTCGAAGAGTACGCCC-1-3,7.2462177,0.22986183
TTCGAAGCATACTACG-1-3,6.4036956,-0.14943634
TTCGAAGTCAACGCTA-1-3,-1.6505932,4.6585965
TTCGGTCAGCTAGCCC-1-3,2.0265446,5.1209235
TTCGGTCGTTATGCGT-1-3,-7.4704137,2.0853777
TTCGGTCTCGACCAGC-1-3,-5.6643167,3.3373444
TTCGGTCTCTTTAGGG-1-3,-2.6372905,1.372608
TTCTACAAGATCGATA-1-3,7.1830006,-1.9025902
TTCTACACAGTCGATT-1-3,-6.9347,-4.537607
TTCTACACATAAAGGT-1-3,-6.4827394,1.6015726
TTCTACAGTGTTGAGG-1-3,7.274847,-3.0605853
TTCTCAAAGCCTATGT-1-3,6.8209696,0.8289029
TTCTCAAAGTACGCGA-1-3,5.282515,3.9597669
TTCTCAACAATAGAGT-1-3,1.8242989,5.828816
TTCTCAAGTGTGAAAT-1-3,-6.829102,-5.896689
TTCTCAATCACTCCTG-1-3,-7.215125,0.67748004
TTCTCCTAGGGATGGG-1-3,-6.1744065,-5.9624443
TTCTCCTTCTGTTTGT-1-3,-5.498766,1.427076
TTCTTAGAGGCCGAAT-1-3,3.8157816,3.9867294
TTCTTAGTCCGTTGCT-1-3,-6.368237,-2.3970287
TTCTTAGTCGCAGGCT-1-3,-0.24575998,5.948707
TTCTTAGTCGGCGCTA-1-3,4.297102,3.0299885
TTGAACGAGGAATCGC-1-3,-6.3661127,-1.4232059
TTGAACGAGGAGTTTA-1-3,5.138531,3.677033
TTGAACGTCTGGTTCC-1-3,6.913394,2.260133
TTGACTTAGGTGCTAG-1-3,0.98314786,5.395241
TTGACTTCAATGGACG-1-3,-0.25699052,5.7077117
TTGACTTGTTCCATGA-1-3,1.1043103,6.3613353
TTGACTTTCACCGGGT-1-3,-5.9772654,3.1856353
TTGACTTTCAGCCTAA-1-3,-2.4908054,4.201017
TTGACTTTCTAAGCCA-1-3,5.5934772,3.4974942
TTGACTTTCTGGAGCC-1-3,-8.8880205,-5.5822463
TTGCCGTAGCCAGTTT-1-3,-7.5240498,-6.1744566
TTGCCGTCACCGAATT-1-3,-4.329114,-2.1370223
TTGCCGTCACGACGAA-1-3,-6.0296926,-1.385287
TTGCCGTTCGGATGTT-1-3,-6.6373034,1.1515895
TTGCGTCCACCGATAT-1-3,1.8854108,5.041283
TTGCGTCGTATAAACG-1-3,-6.6878176,-1.3713638
TTGGAACAGAAGATTC-1-3,-6.252963,-1.3789248
TTGGAACAGTAGGCCA-1-3,-4.2361746,4.8595843
TTGGAACGTCAGTGGA-1-3,-2.3897364,4.032114
TTGGAACGTCCGTTAA-1-3,-6.5723944,2.8140674
TTGGCAAAGAACTGTA-1-3,-5.970488,4.3025513
TTGGCAAAGCTTATCG-1-3,-5.377083,1.3385605
TTGGCAACACAGCCCA-1-3,1.8511623,5.913315
TTGGCAATCGGATGGA-1-3,-5.947398,-1.7041811
TTGGCAATCTCGTTTA-1-3,2.644697,5.06686
TTGGCAATCTCTGCTG-1-3,-5.531931,2.8039992
TTGTAGGCACTGTTAG-1-3,-7.419444,-5.9945703
TTGTAGGGTTACGGAG-1-3,-4.927797,1.0403681
TTGTAGGGTTGTTTGG-1-3,6.872472,-1.2911888
TTGTAGGTCAAAGTAG-1-3,-0.49084225,6.0593634
TTGTAGGTCCAAATGC-1-3,-3.3882487,4.2514486
TTTACTGCACGGTAGA-1-3,0.009423705,4.682367
TTTACTGCAGCATACT-1-3,6.318171,1.4395641
TTTACTGGTTCGTTGA-1-3,-5.9009037,1.8406876
TTTATGCAGCGTCTAT-1-3,7.084841,1.253544
TTTATGCAGGTTACCT-1-3,-7.392336,-3.2431226
TTTCCTCGTGGCGAAT-1-3,-4.339624,3.2623038
TTTGCGCAGCAACGGT-1-3,-5.8273797,-3.1130846
TTTGCGCTCACTTACT-1-3,5.603479,2.5918126
TTTGGTTAGACAGGCT-1-3,-7.8646417,-6.927202
TTTGGTTCACGAAGCA-1-3,2.7203758,4.2057858
TTTGTCAAGAATGTGT-1-3,-5.9202323,1.1295707
TTTGTCAAGTGACATA-1-3,-5.301244,1.8887576
TTTGTCATCGAATGCT-1-3,-6.300959,-5.290963
