,Clusters
10X84_2:AAATGCCAGGTGCTAGx,8
10X84_2:AAACCTGAGTTGAGTAx,3
10X84_2:AACACGTGTTATCGGTx,3
10X84_2:AAAGTAGAGCTCAACTx,4
10X84_2:AAACCTGTCCTTTACAx,5
10X84_2:AAACCTGGTCGCTTCTx,6
10X84_2:AAAGCAAGTCTTCTCGx,3
10X84_2:AAAGTAGTCTTACCGCx,9
10X84_2:AAAGCAAGTCAGATAAx,5
10X84_2:AAAGTAGTCACGCATAx,4
10X84_2:AAAGATGCAGCTTAACx,4
10X84_2:AAAGCAAGTAGTAGTAx,4
10X84_2:AAATGCCAGTTACGGGx,5
10X84_2:AAACCTGCACCAGTTAx,4
10X84_2:AAACGGGAGCAGATCGx,4
10X84_2:AAACGGGTCTCCAGGGx,5
10X84_2:AAAGATGTCCACTGGGx,3
10X84_2:AAACCTGAGGATCGCAx,4
10X84_2:AAACCTGCACCTCGTTx,7
10X84_2:AAATGCCAGTGAATTGx,4
10X84_2:AACCATGAGAGACGAAx,7
10X84_2:AACACGTCACTGTGTAx,3
10X84_2:AAAGTAGGTGTGAAATx,7
10X84_2:AAAGATGCAGTGACAGx,4
10X84_2:AAAGATGAGTCAAGGCx,4
10X84_2:AAACGGGTCCACGACGx,7
10X84_2:AAATGCCCACGACTCGx,6
10X84_2:AAAGTAGAGATGTGGCx,5
10X84_2:AAAGTAGTCCAGTAGTx,9
10X84_2:AAACCTGCAACGCACCx,7
10X84_2:AAAGTAGAGTGAATTGx,5
10X84_2:AACCATGCATAAAGGTx,9
10X84_2:AAAGATGGTACAGACGx,3
10X84_2:AAACCTGTCGAGAACGx,4
10X84_2:AAACGGGCACGAAGCAx,8
10X84_2:AAAGATGAGGTAAACTx,5
10X84_2:AAATGCCCACAGTCGCx,7
10X84_2:AAACCTGTCGTCGTTCx,9
10X84_2:AAAGATGCATTCACTTx,3
10X84_2:AAAGATGTCCACGTTCx,3
10X84_2:AAAGATGAGGTCATCTx,3
10X84_2:AAAGATGTCTCATTCAx,5
10X84_2:AACACGTCATTTCACTx,6
10X84_2:AAACGGGTCACGCGGTx,9
10X84_2:AACTGGTCACCTTGTCx,3
10X84_2:AACGTTGCACCAGTTAx,5
10X84_2:AACCGCGTCTGAGTGTx,7
10X84_2:AACCGCGGTATGGTTCx,6
10X84_2:AACCGCGTCCGCATAAx,9
10X84_2:AACCGCGAGTCCGGTCx,5
10X84_2:AACCATGTCATCGGATx,6
10X84_2:AACTCTTGTTCCGGCAx,5
10X84_2:AACTCTTCACTAAGTCx,5
10X84_2:AACCATGTCTCCCTGAx,7
10X84_2:AACGTTGGTTCGCTAAx,3
10X84_2:AACTCTTTCAGCTGGCx,7
10X84_2:AACGTTGTCGCTGATAx,9
10X84_2:AACTCCCGTCAGCTATx,5
10X84_2:AACTCCCGTATTCGTGx,5
10X84_2:AACGTTGAGGTAGCTGx,5
10X84_2:AACTCTTGTCTGCCAGx,3
10X84_2:AACCGCGAGACTTTCGx,4
10X84_2:AACTCCCGTTGTGGAGx,5
10X84_2:AACTCTTTCGAATGGGx,3
10X84_2:AACCATGGTAATAGCAx,6
10X84_2:AACTCTTGTAAATGTGx,3
10X84_2:AACTCTTGTCTAAACCx,4
10X84_2:AACTCTTGTTGTCTTTx,5
10X84_2:AACTCTTGTACATGTCx,9
10X84_2:AACCATGCATTCCTGCx,7
10X84_2:AACCGCGAGAGAACAGx,6
10X84_2:AACGTTGTCATGTGGTx,8
10X84_2:AACCGCGCACATCCAAx,5
10X84_2:AACGTTGGTCATACTGx,9
10X84_2:AACGTTGAGAGCTGGTx,5
10X84_2:AACTCCCGTCGGCTCAx,3
10X84_2:AACTCCCAGAAACCATx,3
10X84_2:AACTCCCGTTCAGCGCx,3
10X84_2:AACTCAGCAAGCCATTx,5
10X84_2:AACTCCCAGTACGTTCx,3
10X84_2:AACTCCCCATCGGTTAx,4
10X84_2:AACGTTGCATCACGTAx,5
10X84_2:AACCGCGAGTCCGTATx,7
10X84_2:AACGTTGCACTGTGTAx,5
10X84_2:AACGTTGTCTCTGAGAx,4
10X84_2:AACCATGGTCCCTACTx,5
10X84_2:AACTCCCCATCAGTCAx,4
10X84_2:AACTCAGGTCCGAAGAx,9
10X84_2:AACTCCCAGTGGCACAx,3
10X84_2:AACGTTGGTTGGTGGAx,8
10X84_2:AACTCAGGTGTTTGGTx,7
10X84_2:AACTCTTAGGCTAGCAx,5
10X84_2:AACCGCGTCCAAGTACx,5
10X84_2:AACTCCCGTAAACACAx,8
10X84_2:AACTCAGTCTACCTGCx,4
10X84_2:AACTCTTGTGAAAGAGx,4
10X84_2:AACTCAGGTTGATTCGx,3
10X84_2:AAGGCAGTCAGTTCGAx,3
10X84_2:AAGGCAGGTTTGCATGx,4
10X84_2:AAGTCTGTCCTAGTGAx,5
10X84_2:AACTGGTGTGATGTCTx,5
10X84_2:AAGCCGCTCAACACCAx,9
10X84_2:AAGGTTCAGATGGGTCx,4
10X84_2:AACTTTCTCCACTGGGx,5
10X84_2:AAGTCTGAGAACAACTx,3
10X84_2:AAGGAGCGTTCGCTAAx,4
10X84_2:AAGGTTCAGTCGTTTGx,6
10X84_2:AACTGGTGTGAACCTTx,5
10X84_2:AACTGGTCAGATAATGx,3
10X84_2:AAGACCTGTCAGATAAx,4
10X84_2:AAGGAGCTCACCGGGTx,5
10X84_2:AAGCCGCGTGGCTCCAx,7
10X84_2:AAGGAGCCAGATAATGx,5
10X84_2:AAGGAGCAGGCTACGAx,4
10X84_2:AAGACCTAGAAACCATx,5
10X84_2:AAGGTTCGTCGAACAGx,5
10X84_2:AAGGCAGAGCGCTCCAx,4
10X84_2:AAGCCGCCACTGAAGGx,4
10X84_2:AAGGCAGTCGGTCTAAx,5
10X84_2:AAGGTTCCATTGTGCAx,5
10X84_2:AACTTTCTCAGCTTAGx,7
10X84_2:AAGGCAGTCCGTTGCTx,9
10X84_2:AAGTCTGCACGAAGCAx,4
10X84_2:AAGGAGCTCACTCTTAx,8
10X84_2:AAGCCGCCATGACGGAx,5
10X84_2:AAGGCAGCAGTTCCCTx,4
10X84_2:AAGGTTCAGTTACGGGx,5
10X84_2:AAGACCTTCGCAGGCTx,3
10X84_2:AAGGCAGTCCAAACACx,3
10X84_2:AAGCCGCTCCGGGTGTx,9
10X84_2:AACTTTCTCGGAAATAx,9
10X84_2:AAGACCTCACTCTGTCx,5
10X84_2:AAGGAGCGTCTCCACTx,5
10X84_2:AAGCCGCGTGGGTATGx,3
10X84_2:AAGGAGCAGGGATACCx,3
10X84_2:AAGGTTCAGAGGTAGAx,7
10X84_2:AAGGTTCAGACCTTTGx,5
10X84_2:AAGACCTAGCGTTGCCx,5
10X84_2:AAGTCTGGTTCAGGCCx,7
10X84_2:AACTTTCCATTTGCCCx,5
10X84_2:AAGCCGCTCATTGCCCx,5
10X84_2:AAGGAGCCAGATGGCAx,7
10X84_2:AAGTCTGGTCGCTTTCx,7
10X84_2:AAGACCTTCAGAGCTTx,6
10X84_2:AATCCAGTCCTAGGGCx,5
10X84_2:ACACCCTGTCGGCTCAx,3
10X84_2:ACACCAACACACTGCGx,3
10X84_2:ACACTGAAGGCAATTAx,9
10X84_2:ACACCAAGTACCGGCTx,3
10X84_2:ACAGCCGAGCCCAATTx,9
10X84_2:ACACCGGCACCAACCGx,9
10X84_2:AATCGGTTCTCTTGATx,3
10X84_2:AATCCAGCACCTATCCx,7
10X84_2:ACAGCCGAGGTGTGGTx,3
10X84_2:ACACTGATCTGTTTGTx,3
10X84_2:ACACCAAGTCAGGACAx,3
10X84_2:AATCCAGTCGAGAACGx,5
10X84_2:AATCCAGAGGGATACCx,5
10X84_2:ACACCGGAGATATGCAx,9
10X84_2:ACACCGGTCTCATTCAx,6
10X84_2:ACACCGGAGGCGATACx,7
10X84_2:ACACTGATCCTCATTAx,4
10X84_2:ACAGCCGCAGTCAGAGx,6
10X84_2:ACAGCCGGTAGGAGTCx,5
10X84_2:AATCGGTCAGACGTAGx,4
10X84_2:AATCCAGAGCCACTATx,7
10X84_2:AATCCAGGTCTGCGGTx,4
10X84_2:ACACCCTAGGTTCCTAx,3
10X84_2:ACAGCCGAGTTGTAGAx,3
10X84_2:ACACTGATCTTGACGAx,5
10X84_2:ACACTGAAGGAATTACx,5
10X84_2:ACACCCTGTTGGTGGAx,8
10X84_2:ACACCAAGTGTAAGTAx,3
10X84_2:ACACCCTTCGCAAGCCx,9
10X84_2:ACACCCTCAATGCCATx,7
10X84_2:AAGTCTGTCCTGTACCx,8
10X84_2:ACACTGACATCGATTGx,4
10X84_2:ACACCCTTCGTCGTTCx,5
10X84_2:ACACCAATCATACGGTx,5
10X84_2:ACACCCTCATCAGTCAx,9
10X84_2:AATCCAGCAAGACACGx,3
10X84_2:ACAGCCGAGGTTCCTAx,3
10X84_2:ACACCAAGTGCAACTTx,4
10X84_2:ACACCAAGTGACTACTx,9
10X84_2:ACACTGAAGGGATGGGx,8
10X84_2:AATCCAGCACATAACCx,8
10X84_2:ACACCAATCGACCAGCx,7
10X84_2:ACACTGACAGAGTGTGx,3
10X84_2:ACACTGAAGTGGGATCx,3
10X84_2:ACACTGAGTCTTTCATx,3
10X84_2:ACACCCTAGTATCTCGx,5
10X84_2:AATCGGTTCCGCATAAx,4
10X84_2:ACACCAAAGCAAATCAx,9
10X84_2:ACACCAAGTTCTGTTTx,4
10X84_2:AATCCAGCAGCCTTTCx,7
10X84_2:ACACCAACAGTTCCCTx,3
10X84_2:AATCCAGAGGTGACCAx,8
10X84_2:AATCCAGCACCAGGCTx,9
10X84_2:ACATACGAGGCATGTGx,5
10X84_2:ACAGCTATCGAATGGGx,9
10X84_2:ACAGCCGGTCTGCGGTx,8
10X84_2:ACCCACTAGACCACGAx,9
10X84_2:ACATGGTCACCTGGTGx,5
10X84_2:ACAGCCGGTATTACCGx,3
10X84_2:ACCAGTAAGTACGATAx,8
10X84_2:ACAGCTACATCTGGTAx,9
10X84_2:ACCAGTATCTCGATGAx,8
10X84_2:ACAGCTAGTTAAGATGx,5
10X84_2:ACATACGGTCGCGGTTx,5
10X84_2:ACATACGAGAGCCTAGx,3
10X84_2:ACCAGTATCTATCGCCx,5
10X84_2:ACATCAGTCATCTGTTx,6
10X84_2:ACATCAGAGGACGAAAx,3
10X84_2:ACAGCTATCACCCGAGx,3
10X84_2:ACAGCTATCAAAGACAx,4
10X84_2:ACCAGTAGTGAAATCAx,3
10X84_2:ACATGGTTCACCCGAGx,3
10X84_2:ACAGCTAAGAGACTATx,7
10X84_2:ACATCAGAGGCATTGGx,4
10X84_2:ACCAGTATCGTACGGCx,4
10X84_2:ACATGGTTCCCAAGATx,3
10X84_2:ACCCACTGTGAACCTTx,4
10X84_2:ACATCAGGTTCGGCACx,3
10X84_2:ACATCAGCACCAGTTAx,8
10X84_2:ACCCACTGTGACCAAGx,8
10X84_2:ACAGCCGGTTATCGGTx,4
10X84_2:ACAGCTACAGATAATGx,5
10X84_2:ACATGGTCAGTATAAGx,5
10X84_2:ACCAGTACAGGTTTCAx,7
10X84_2:ACATCAGCACCAGGTCx,3
10X84_2:ACATACGGTGTGGTTTx,5
10X84_2:ACATACGAGTCTCCTCx,5
10X84_2:ACAGCTAGTCTTGCGGx,5
10X84_2:ACCAGTATCTAACTTCx,4
10X84_2:ACATCAGCATACTACGx,3
10X84_2:ACATGGTGTGCGCTTGx,5
10X84_2:ACATCAGCACGTAAGGx,3
10X84_2:ACATCAGTCCAGAAGGx,3
10X84_2:ACATACGTCACAATGCx,4
10X84_2:ACCCACTGTAAATGACx,3
10X84_2:ACCCACTGTTAGTGGGx,5
10X84_2:ACAGCCGTCCCATTTAx,5
10X84_2:ACCCACTGTCAGAAGCx,7
10X84_2:ACATACGGTTGGTAAAx,3
10X84_2:ACATGGTAGAAGGCCTx,3
10X84_2:ACATCAGAGACTGTAAx,5
10X84_2:ACATACGGTGAAGGCTx,3
10X84_2:ACGATGTTCTGAAAGAx,5
10X84_2:ACCCACTTCGTCTGAAx,5
10X84_2:ACCTTTACACAGGTTTx,5
10X84_2:ACGAGGAGTAGGACACx,5
10X84_2:ACCGTAACAGACAAATx,7
10X84_2:ACCGTAAGTTGCGTTAx,5
10X84_2:ACGAGCCCACGGCTACx,9
10X84_2:ACCGTAATCGGTCTAAx,5
10X84_2:ACCTTTAGTCTAGTCAx,5
10X84_2:ACGCAGCCAGGCGATAx,4
10X84_2:ACGAGGAAGGATGTATx,7
10X84_2:ACGCAGCAGGCGCTCTx,7
10X84_2:ACGATGTGTCTCCCTAx,3
10X84_2:ACCTTTATCTCGGACGx,9
10X84_2:ACGAGGATCCGTTGCTx,5
10X84_2:ACGAGGAGTAGAGGAAx,5
10X84_2:ACGATACCACTTACGAx,9
10X84_2:ACGCAGCCAGTCAGAGx,5
10X84_2:ACGATACCAACACCTAx,5
10X84_2:ACGAGGATCCCAACGGx,5
10X84_2:ACCGTAACAATGGTCTx,5
10X84_2:ACCCACTTCCCTTGTGx,5
10X84_2:ACCTTTACATTTCAGGx,5
10X84_2:ACCTTTACAGCTGCACx,5
10X84_2:ACGAGCCAGGTTCCTAx,3
10X84_2:ACCTTTATCATCGGATx,5
10X84_2:ACGATACCACGAAGCAx,8
10X84_2:ACGCAGCAGACAGGCTx,4
10X84_2:ACGCAGCCACTGTCGGx,7
10X84_2:ACGAGCCGTAGCGTCCx,3
10X84_2:ACCTTTACAGTCACTAx,5
10X84_2:ACCGTAATCACCACCTx,3
10X84_2:ACCGTAAAGGCTCATTx,5
10X84_2:ACCGTAAAGATCCTGTx,5
10X84_2:ACGCAGCAGCGCTCCAx,3
10X84_2:ACGATGTCACCGCTAGx,3
10X84_2:ACCGTAAAGCTACCGCx,9
10X84_2:ACCCACTTCAGTCAGTx,4
10X84_2:ACCTTTAAGCGGCTTCx,4
10X84_2:ACCTTTATCAACCATGx,4
10X84_2:ACGATGTCAGCAGTTTx,3
10X84_2:ACGATACAGGCGTACAx,3
10X84_2:ACCTTTAAGTATCGAAx,9
10X84_2:ACGATGTTCCGTCATCx,4
10X84_2:ACGATGTCAATGGATAx,4
10X84_2:ACGATACTCACTGGGCx,3
10X84_2:ACCGTAATCAGAGGTGx,4
10X84_2:ACGGCCATCCCTTGTGx,4
10X84_2:ACGCCAGGTCTTTCATx,3
10X84_2:ACGGGCTCATAGACTCx,8
10X84_2:ACGGGTCCATATACCGx,7
10X84_2:ACGCCGACAGATTGCTx,5
10X84_2:ACGCCGATCGTCACGGx,4
10X84_2:ACGGCCACAAAGTCAAx,4
10X84_2:ACGGCCACAATTCCTTx,3
10X84_2:ACGCCGAGTGGACGATx,8
10X84_2:ACGGGCTAGTGGGATCx,5
10X84_2:ACGCCAGAGTGCAAGCx,6
10X84_2:ACGCCAGAGATAGCATx,7
10X84_2:ACGGGTCCACTTCTGCx,6
10X84_2:ACGGGCTTCAAGAAGTx,5
10X84_2:ACGTCAACAGTCAGAGx,8
10X84_2:ACGCCAGTCATTTGGGx,5
10X84_2:ACGCCAGTCTGCCCTAx,3
10X84_2:ACGGGCTAGGGTCTCCx,4
10X84_2:ACGGAGATCTTCGAGAx,3
10X84_2:ACGGGCTGTGTTCTTTx,4
10X84_2:ACGCCGACAATGGAATx,8
10X84_2:ACGGGCTTCTGGCGTGx,4
10X84_2:ACGCCAGTCACAACGTx,9
10X84_2:ACGGCCATCGTCGTTCx,6
10X84_2:ACGGAGATCTAACTGGx,5
10X84_2:ACGCCAGCATATACCGx,5
10X84_2:ACGGCCATCTTAACCTx,4
10X84_2:ACGGGTCAGCGGATCAx,4
10X84_2:ACGGGTCCACAGGAGTx,9
10X84_2:ACGGAGATCACGAAGGx,4
10X84_2:ACGGAGAAGCACCGTCx,5
10X84_2:ACGGGCTCATGAGCGAx,8
10X84_2:ACGGGCTAGCTCCTCTx,3
10X84_2:ACGCCGATCAAAGTAGx,5
10X84_2:ACGGAGAAGGGATCTGx,8
10X84_2:ACGGGCTTCTCCAACCx,3
10X84_2:ACGGGTCCACGACTCGx,4
10X84_2:ACGGGTCTCACCTCGTx,4
10X84_2:ACGGCCACAGCCACCAx,5
10X84_2:ACGTCAAAGTCGTACTx,6
10X84_2:ACGCCAGGTGAAATCAx,5
10X84_2:ACGTCAAAGTTACGGGx,7
10X84_2:ACGGGTCCAAAGCGGTx,3
10X84_2:ACGGGTCGTACATCCAx,3
10X84_2:ACTATCTCATGGGACAx,3
10X84_2:ACGTCAATCGAACTGTx,5
10X84_2:ACTGCTCGTCCATCCTx,7
10X84_2:ACTGATGTCATTATCCx,6
10X84_2:ACTGAACAGCTAACAAx,3
10X84_2:ACTGATGTCTCAAACGx,5
10X84_2:ACTATCTAGCTCCTTCx,5
10X84_2:ACTGAGTTCACGAAGGx,8
10X84_2:ACTGCTCGTTCTGGTAx,5
10X84_2:ACTGTCCGTCTACCTCx,3
10X84_2:ACTGAACGTGCAGGTAx,3
10X84_2:ACTGATGCAGTTCATGx,4
10X84_2:ACTGCTCAGCGAGAAAx,4
10X84_2:ACTGAACAGGATGGAAx,3
10X84_2:ACTATCTGTCATTAGCx,6
10X84_2:ACTGAACAGCAGACTGx,7
10X84_2:ACTGAGTGTCCAGTTAx,4
10X84_2:ACGTCAATCTTGGGTAx,4
10X84_2:ACTGAGTTCATTGCGAx,8
10X84_2:ACTGCTCTCTACCTGCx,5
10X84_2:ACGTCAACATACCATGx,5
10X84_2:ACTGAGTTCTGCTTGCx,9
10X84_2:ACTGATGGTAGAGGAAx,3
10X84_2:ACTATCTTCGGTGTCGx,3
10X84_2:ACTGATGCACTGTCGGx,5
10X84_2:ACGTCAATCACTTCATx,3
10X84_2:ACTGATGGTGCCTGCAx,3
10X84_2:ACTATCTAGACAGAGAx,5
10X84_2:ACTGAACTCATGTCTTx,5
10X84_2:ACTGATGCATAACCTGx,5
10X84_2:ACTGTCCAGTGTTGAAx,4
10X84_2:ACGTCAACATGGTAGGx,7
10X84_2:ACTATCTCAACGATCTx,5
10X84_2:ACTGTCCGTGCCTGCAx,4
10X84_2:ACTGAACCACGTTGGCx,3
10X84_2:ACTGCTCAGGATGGTCx,7
10X84_2:ACTATCTAGACTACAAx,5
10X84_2:ACTTACTCAAGTAGTAx,5
10X84_2:ACTTGTTAGTGAATTGx,6
10X84_2:AGAGCTTCAATGGATAx,5
10X84_2:AGAGCTTGTGGAAAGAx,7
10X84_2:ACTTACTTCATGCATGx,5
10X84_2:AGAGCGATCTGCGGCAx,7
10X84_2:ACTTACTTCGTGGTCGx,4
10X84_2:ACTTTCATCCCTTGCAx,7
10X84_2:AGAGTGGCAGCCAATTx,3
10X84_2:AGAGTGGGTTAAGGGCx,8
10X84_2:ACTTGTTCACTGTTAGx,7
10X84_2:AGACGTTCATGGTCATx,3
10X84_2:AGACGTTAGGGCTTCCx,3
10X84_2:ACTTGTTGTCTTGATGx,4
10X84_2:ACTTGTTCAACGATCTx,3
10X84_2:AGAGTGGTCACGAAGGx,7
10X84_2:AGAGCGAAGCACACAGx,4
10X84_2:AGAATAGTCCCAGGTGx,3
10X84_2:AGAGCGACACACCGACx,5
10X84_2:AGAGCTTTCGCAAGCCx,5
10X84_2:ACTTGTTGTACCCAATx,9
10X84_2:AGACGTTGTCCAAGTTx,4
10X84_2:AGAGCGAAGACCCACCx,4
10X84_2:ACTTGTTCAGGAACGTx,5
10X84_2:AGACGTTCACAAGACGx,4
10X84_2:AGAGTGGGTTACGGAGx,7
10X84_2:AGAGTGGAGACCCACCx,5
10X84_2:AGAATAGAGTTCGCGCx,6
10X84_2:AGAGCTTCAGACACTTx,5
10X84_2:AGAATAGCACAACGCCx,3
10X84_2:ACTTGTTTCTTTCCTCx,3
10X84_2:AGAGCTTCAATGCCATx,7
10X84_2:ACTTTCAGTTCAGTACx,3
10X84_2:AGAGCGAGTACATGTCx,5
10X84_2:AGAGTGGGTCTGGTCGx,6
10X84_2:AGATCTGAGTGACATAx,4
10X84_2:AGCGGTCGTTCGCTAAx,3
10X84_2:AGAGTGGTCTTAACCTx,5
10X84_2:AGCATACTCTGTCCGTx,4
10X84_2:AGCGGTCAGAACTCGGx,9
10X84_2:AGCATACAGGGTGTTGx,7
10X84_2:AGCGGTCAGGTCATCTx,3
10X84_2:AGAGTGGTCCGTCATCx,3
10X84_2:AGCATACAGGCAAAGAx,5
10X84_2:AGATTGCAGCCAGGATx,4
10X84_2:AGCCTAACACCGCTAGx,7
10X84_2:AGATTGCTCGTCCGTTx,4
10X84_2:AGCCTAATCTAACGGTx,3
10X84_2:AGATCTGCATCCCACTx,8
10X84_2:AGATCTGCATCCGTGGx,4
10X84_2:AGCCTAACACGAAGCAx,4
10X84_2:AGATCTGGTGAGTGACx,6
10X84_2:AGATCTGAGTTGTCGTx,7
10X84_2:AGCCTAAAGTCCTCCTx,8
10X84_2:AGATCTGTCAGCACATx,5
10X84_2:AGCGGTCCAAGAGTCGx,6
10X84_2:AGATTGCGTACCGAGAx,9
10X84_2:AGCATACGTAATAGCAx,5
10X84_2:AGATCTGCAGGTGGATx,5
10X84_2:AGATCTGTCTTGTATCx,7
10X84_2:AGCAGCCAGATCTGAAx,7
10X84_2:AGATTGCGTAACGACGx,9
10X84_2:AGATCTGAGTGTCCCGx,6
10X84_2:AGCGGTCCATGTAAGAx,7
10X84_2:AGCGGTCCACCTATCCx,8
10X84_2:AGCAGCCTCCGGGTGTx,5
10X84_2:AGATCTGGTGAGCGATx,8
10X84_2:AGAGTGGTCCTATTCAx,3
10X84_2:AGATTGCTCGTCGTTCx,3
10X84_2:AGCAGCCTCACGCATAx,8
10X84_2:AGCAGCCGTCGGATCCx,4
10X84_2:AGCGGTCGTCAATACCx,5
10X84_2:AGCAGCCCACGACGAAx,6
10X84_2:AGCCTAATCTCGCTTGx,6
10X84_2:AGCATACCACAACGTTx,3
10X84_2:AGCCTAATCGGAAACGx,7
10X84_2:AGCGGTCGTGACCAAGx,6
10X84_2:AGCCTAAGTACCTACAx,8
10X84_2:AGCGGTCGTCGACTGCx,7
10X84_2:AGCCTAATCGAGAACGx,5
10X84_2:AGATTGCTCAAGGCTTx,5
10X84_2:AGCAGCCAGTCGTTTGx,3
10X84_2:AGCGTATCAGACTCGCx,7
10X84_2:AGCTTGAAGCTAGTCTx,7
10X84_2:AGCTCCTTCGATGAGGx,3
10X84_2:AGGCCACGTTGTGGAGx,5
10X84_2:AGCTCTCGTGAAAGAGx,5
10X84_2:AGGCCACCAAGTAGTAx,7
10X84_2:AGCTCCTGTTGAGGTGx,3
10X84_2:AGCGGTCTCCCAACGGx,7
10X84_2:AGCTCTCCAGCCTTGGx,5
10X84_2:AGCTTGATCACTCTTAx,5
10X84_2:AGCGTATGTCCATCCTx,3
10X84_2:AGCGTATCACGAAAGCx,9
10X84_2:AGCTCTCAGATGTGGCx,7
10X84_2:AGCTTGACACGAAATAx,3
10X84_2:AGCTCCTAGCGACGTAx,4
10X84_2:AGCTCTCAGTGAATTGx,5
10X84_2:AGCTCTCAGTCTTGCAx,5
10X84_2:AGCTCCTCATGACATCx,5
10X84_2:AGGCCACGTAGAGCTGx,9
10X84_2:AGCTCTCAGCTGCCCAx,7
10X84_2:AGCTCCTGTCTAGTGTx,5
10X84_2:AGCTCTCTCCTAGGGCx,3
10X84_2:AGCGTCGGTGATAAACx,7
10X84_2:AGCTCCTTCTCGTATTx,3
10X84_2:AGCGTATTCCTAGAACx,6
10X84_2:AGCGTCGGTCGTTGTAx,7
10X84_2:AGCGTCGGTCGGCACTx,5
10X84_2:AGCGTATGTAGCTCCGx,7
10X84_2:AGCTCCTGTCTCATCCx,9
10X84_2:AGCTCCTAGCTCAACTx,9
10X84_2:AGCGTATGTGTGACCCx,4
10X84_2:AGCGTCGAGACCTAGGx,5
10X84_2:AGGCCACCAGTCAGCCx,3
10X84_2:AGGCCACGTCTAAAGAx,5
10X84_2:AGCTCTCAGTGGCACAx,5
10X84_2:AGCTTGACAAGCCTATx,5
10X84_2:AGCTTGACAATCACACx,3
10X84_2:AGCGTATTCCGTAGGCx,3
10X84_2:AGGCCGTAGCCATCGCx,4
10X84_2:AGCTTGAGTATCGCATx,7
10X84_2:AGCGTATAGCTGTTCAx,5
10X84_2:AGGCCGTCAATGGATAx,8
10X84_2:AGGCCACCACGGTAGAx,9
10X84_2:AGGCCACTCTAACCGAx,3
10X84_2:AGCGTATCACTAGTACx,5
10X84_2:AGGCCACGTCACTGGCx,9
10X84_2:AGCTCTCGTACAGTTCx,3
10X84_2:AGCTCTCTCCCGACTTx,7
10X84_2:AGCTTGATCTGGCGACx,3
10X84_2:AGCTCCTCATTAACCGx,5
10X84_2:AGCTTGAGTCACACGCx,5
10X84_2:AGCGTATAGACAATACx,4
10X84_2:AGGGAGTGTTTGACACx,7
10X84_2:AGGGTGACAATCAGAAx,3
10X84_2:AGGGTGACACTAAGTCx,4
10X84_2:AGGGATGCATGGGAACx,5
10X84_2:AGGGAGTCATTGAGCTx,3
10X84_2:AGGGTGACATCTACGAx,3
10X84_2:AGGCCGTTCCGTTGTCx,3
10X84_2:AGGGATGAGGCGATACx,5
10X84_2:AGGGATGAGGATGGAAx,6
10X84_2:AGGGTGATCTTGTACTx,4
10X84_2:AGGTCATCACGGTAGAx,3
10X84_2:AGGCCGTTCCCAACGGx,5
10X84_2:AGGGAGTTCCGGCACAx,8
10X84_2:AGGGTGAGTTGTACACx,5
10X84_2:AGGTCCGGTCACTGGCx,5
10X84_2:AGGGATGGTAAGGGAAx,4
10X84_2:AGGGATGGTTCGGGCTx,4
10X84_2:AGGGATGAGAATGTTGx,5
10X84_2:AGGTCCGGTACTTCTTx,3
10X84_2:AGGGAGTAGCTAAACAx,3
10X84_2:AGGCCGTCAGCTGTATx,8
10X84_2:AGGCCGTTCGAGCCCAx,4
10X84_2:AGGCCGTCACGGACAAx,4
10X84_2:AGGGTGAGTTGCCTCTx,7
10X84_2:AGGTCATTCAAAGTAGx,7
10X84_2:AGGCCGTTCGCTTAGAx,3
10X84_2:AGGGATGCAAGTCTACx,5
10X84_2:AGGCCGTGTATGAATGx,5
10X84_2:AGGGTGAGTCTGATTGx,4
10X84_2:AGGTCATAGAGCAATTx,3
10X84_2:AGGTCATGTGAAAGAGx,5
10X84_2:AGTAGTCAGGATGTATx,3
10X84_2:AGGCCGTGTGTATGGGx,5
10X84_2:AGGTCATGTGATAAGTx,6
10X84_2:AGTCTTTAGTTGCAGGx,7
10X84_2:AGTGGGAAGGTTCCTAx,5
10X84_2:AGTCTTTTCACGAAGGx,5
10X84_2:AGTTGGTAGTGATCGGx,4
10X84_2:AGTGTCAAGCTACCTAx,5
10X84_2:AGTTGGTCACGACGAAx,8
10X84_2:AGTGGGAAGTGCGTGAx,7
10X84_2:AGTTGGTTCAAACCGTx,8
10X84_2:AGTGGGAAGTAACCCTx,4
10X84_2:AGTTGGTGTTGACGTTx,8
10X84_2:AGTCTTTGTCGCGAAAx,6
10X84_2:AGTGTCACAGGTGCCTx,8
10X84_2:AGTGAGGCAGCTCCGAx,3
10X84_2:AGTCTTTTCACCATAGx,5
10X84_2:AGTTGGTAGACCTTTGx,5
10X84_2:AGTGGGACACTAAGTCx,7
10X84_2:AGTGTCAAGGTGATTAx,3
10X84_2:AGTAGTCAGTTACCCAx,4
10X84_2:ATAACGCAGTGAAGAGx,3
10X84_2:AGTCTTTTCTCTAAGGx,3
10X84_2:AGTGTCAGTGTGACGAx,3
10X84_2:AGTGAGGTCTATCCTAx,5
10X84_2:AGTTGGTCACAGCGTCx,3
10X84_2:AGTAGTCGTACCGGCTx,7
10X84_2:AGTGGGATCGTACCGGx,5
10X84_2:AGTGGGACACAGCCCAx,9
10X84_2:AGTGTCAGTTGGAGGTx,6
10X84_2:AGTAGTCTCAACACACx,3
10X84_2:AGTGTCAAGTGGAGAAx,3
10X84_2:AGTCTTTTCTGGCGACx,7
10X84_2:AGTTGGTTCACTTATCx,3
10X84_2:AGTGGGATCTCTGAGAx,5
10X84_2:AGTAGTCTCGGTCCGAx,8
10X84_2:AGTGTCATCCGGGTGTx,5
10X84_2:ATAACGCAGACTTGAAx,5
10X84_2:AGTCTTTCACGGCTACx,8
10X84_2:AGTGGGATCCTATTCAx,8
10X84_2:AGTAGTCTCTTAGCCCx,4
10X84_2:AGTGAGGCAATAGAGTx,9
10X84_2:AGTTGGTGTAACGCGAx,8
10X84_2:AGTGTCATCGTACCGGx,5
10X84_2:AGTCTTTCACAGTCGCx,5
10X84_2:AGTGAGGTCGGCATCGx,8
10X84_2:ATAACGCCACTGTTAGx,5
10X84_2:AGTGTCAAGATGGGTCx,3
10X84_2:ATCATGGGTAAGTTCCx,9
10X84_2:ATCATGGAGATGAGAGx,5
10X84_2:ATCATCTTCCAGTATGx,5
10X84_2:ATCATCTTCAGGCAAGx,5
10X84_2:ATAACGCCATCACGTAx,7
10X84_2:ATCCACCAGTCAAGCGx,9
10X84_2:ATCACGAGTCATATCGx,5
10X84_2:ATCATGGGTATCAGTCx,3
10X84_2:ATCCACCAGATCGATAx,3
10X84_2:ATCACGAGTCCCGACAx,4
10X84_2:ATAAGAGGTGCAGACAx,8
10X84_2:ATAACGCTCAAGGTAAx,6
10X84_2:ATCATGGTCGCTTGTCx,4
10X84_2:ATCCACCAGAGCCTAGx,3
10X84_2:ATCATCTCATTCACTTx,6
10X84_2:ATAGACCAGTGTGGCAx,6
10X84_2:ATCACGAGTGTGACGAx,4
10X84_2:ATAACGCTCAGAGACGx,7
10X84_2:ATCATCTGTCCGAGTCx,3
10X84_2:ATCACGAAGGAGCGAGx,8
10X84_2:ATCATGGTCAAAGACAx,9
10X84_2:ATCATGGTCCAACCAAx,5
10X84_2:ATCATGGGTGAGGCTAx,4
10X84_2:ATAGACCTCTGGGCCAx,5
10X84_2:ATCACGACATCTGGTAx,4
10X84_2:ATAGACCGTGACTACTx,3
10X84_2:ATCCACCAGCCCAATTx,3
10X84_2:ATCATCTAGTGGAGAAx,7
10X84_2:ATCATGGCAATAGCAAx,7
10X84_2:ATCATGGGTCTTGCGGx,8
10X84_2:ATCACGATCTTAGCCCx,3
10X84_2:ATCATCTGTTGTGGCCx,5
10X84_2:ATCATGGGTACAGTTCx,4
10X84_2:ATAGACCTCATAAAGGx,7
10X84_2:ATCACGACAGGTGGATx,7
10X84_2:ATCATCTTCATGGTCAx,4
10X84_2:ATAACGCGTGCAGTAGx,3
10X84_2:ATCATCTAGAGCCTAGx,4
10X84_2:ATCACGATCGAACTGTx,5
10X84_2:ATCCACCAGTGACATAx,7
10X84_2:ATCATGGAGGAGTAGAx,3
10X84_2:ATCATCTAGTGTCCCGx,9
10X84_2:ATCATGGAGACAATACx,5
10X84_2:ATCACGATCCGATATGx,5
10X84_2:ATAAGAGGTATGAATGx,7
10X84_2:ATCACGATCAACGGCCx,7
10X84_2:ATCATGGGTATGAAACx,5
10X84_2:ATCACGACATGTCTCCx,5
10X84_2:ATGCGATCAAAGTGCGx,3
10X84_2:ATCCACCTCAACACCAx,7
10X84_2:ATCTGCCGTCGCGGTTx,5
10X84_2:ATCTACTTCTACTTACx,9
10X84_2:ATCCGAAGTGTCTGATx,7
10X84_2:ATCGAGTTCTCTGAGAx,8
10X84_2:ATCTACTTCACATACGx,5
10X84_2:ATCCACCCAAGGTTTCx,3
10X84_2:ATCCGAAAGGTGCTAGx,9
10X84_2:ATCCACCCAGCATACTx,3
10X84_2:ATCCGAAGTCTGCGGTx,3
10X84_2:ATCTACTAGGCTAGCAx,9
10X84_2:ATCTGCCGTCTCACCTx,5
10X84_2:ATGAGGGGTGTTCTTTx,5
10X84_2:ATCTACTCAAACCCATx,9
10X84_2:ATGCGATCACAGCCCAx,5
10X84_2:ATCTACTGTGCACGAAx,7
10X84_2:ATCCGAAAGAGTCGGTx,4
10X84_2:ATCCACCAGTTCGCATx,4
10X84_2:ATGAGGGGTGGCGAATx,4
10X84_2:ATCCGAAAGCGTGTCCx,8
10X84_2:ATGAGGGGTATTCTCTx,3
10X84_2:ATCTGCCGTCTCATCCx,3
10X84_2:ATCCGAACACCGAATTx,3
10X84_2:ATCCACCGTGAAATCAx,8
10X84_2:ATCCACCTCGCGTTTCx,3
10X84_2:ATCTGCCAGAAGAAGCx,3
10X84_2:ATCTACTCATATGCTGx,4
10X84_2:ATCCACCCAGCTGCACx,6
10X84_2:ATCTACTAGGAATGGAx,7
10X84_2:ATCTACTTCTCTAAGGx,3
10X84_2:ATCTACTTCCTGCCATx,3
10X84_2:ATCCACCCATGAACCTx,5
10X84_2:ATCTACTGTAACGCGAx,7
10X84_2:ATCTGCCAGCCGTCGTx,4
10X84_2:ATGAGGGTCGCAGGCTx,7
10X84_2:ATCCACCGTGTGACGAx,3
10X84_2:ATGGGAGCAAGGTTTCx,5
10X84_2:ATTGGTGAGATGAGAGx,7
10X84_2:ATTGGACTCCGTCAAAx,9
10X84_2:ATTACTCTCGGCGCTAx,5
10X84_2:ATTACTCCATGACATCx,4
10X84_2:ATTGGACAGTCTCAACx,9
10X84_2:ATTCTACAGGAGCGTTx,5
10X84_2:ATTACTCAGGCGCTCTx,8
10X84_2:ATGTGTGTCCGAATGTx,5
10X84_2:ATTATCCGTCTTGATGx,3
10X84_2:ATGGGAGTCAGAGACGx,4
10X84_2:ATGTGTGAGTGTGAATx,7
10X84_2:ATGCGATCATGTCCTCx,5
10X84_2:ATGCGATCATGCTGGCx,4
10X84_2:ATGCGATTCTCGGACGx,7
10X84_2:ATTGGTGAGAGAGCTCx,7
10X84_2:ATTGGACGTAGCTAAAx,6
10X84_2:ATTGGTGCAGTCAGAGx,9
10X84_2:ATGTGTGCAATACGCTx,8
10X84_2:ATTACTCTCGCACTCTx,7
10X84_2:ATGCGATTCGAATGGGx,5
10X84_2:ATGTGTGAGAGTGAGAx,3
10X84_2:ATTGGACAGCAGATCGx,4
10X84_2:ATGGGAGGTATCGCATx,3
10X84_2:ATTCTACCAAGCTGAGx,7
10X84_2:ATGTGTGCACAGGAGTx,5
10X84_2:ATGTGTGAGACAGGCTx,4
10X84_2:ATGTGTGGTCAAAGCGx,3
10X84_2:ATGTGTGGTTGGAGGTx,5
10X84_2:ATGGGAGCACACATGTx,5
10X84_2:ATTCTACGTGTTCGATx,4
10X84_2:ATGGGAGAGCTAGTTCx,3
10X84_2:ATTATCCCAAGCTGAGx,6
10X84_2:ATGGGAGAGTCAAGGCx,5
10X84_2:ATGTGTGAGCTTCGCGx,3
10X84_2:ATGGGAGAGCAGGCTAx,9
10X84_2:ATTATCCGTGTGAATAx,9
10X84_2:ATTGGACTCCGGGTGTx,6
10X84_2:ATGGGAGTCCACGAATx,3
10X84_2:ATTATCCTCAACACGTx,9
10X84_2:ATGTGTGCATTCACTTx,7
10X84_2:ATTCTACAGCGTGAACx,5
10X84_2:ATGTGTGTCTAACCGAx,9
10X84_2:ATTGGTGAGGTAGCCAx,8
10X84_2:ATGCGATGTAGTGAATx,7
10X84_2:ATGCGATTCTGCGACGx,5
10X84_2:ATTCTACAGTCCTCCTx,5
10X84_2:ATTGGACGTTATCACGx,3
10X84_2:ATTGGACAGATGTGGCx,5
10X84_2:CAACCAATCATTCACTx,4
10X84_2:CAAGAAAGTAAACACAx,5
10X84_2:CAACCAAAGCGATTCTx,5
10X84_2:CAACCTCAGAGAGCTCx,9
10X84_2:CAACCAAAGCGTCTATx,7
10X84_2:CAAGAAACATGCTAGTx,5
10X84_2:CAAGAAACATCACAACx,5
10X84_2:CAACTAGGTGTAAGTAx,5
10X84_2:CAACCTCGTTGCTCCTx,3
10X84_2:CAACCAACACATGGGAx,3
10X84_2:CAACCTCCACGACTCGx,4
10X84_2:CAACCAAGTGAGGGTTx,5
10X84_2:CAAGATCGTAGGCATGx,4
10X84_2:CAAGAAATCCCATTATx,5
10X84_2:CAACTAGTCCTTTCGGx,5
10X84_2:CAACCAAGTTATTCTCx,5
10X84_2:CAACCAAAGTGAATTGx,7
10X84_2:CAACCAACACTTACGAx,7
10X84_2:CAACCTCCACACGCTGx,7
10X84_2:ATTGGTGTCATCACCCx,3
10X84_2:CAAGATCAGAGGTACCx,9
10X84_2:CAACCTCCAAGTAATGx,5
10X84_2:CAACTAGGTCCTAGCGx,3
10X84_2:CAAGAAAAGCGGATCAx,4
10X84_2:CAACCAATCTACCAGAx,3
10X84_2:ATTTCTGTCCACGCAGx,9
10X84_2:CAAGATCCAGATGGCAx,8
10X84_2:CAACCTCAGTTCGCATx,3
10X84_2:CAACCAACATCTGGTAx,9
10X84_2:CAACTAGCACATGACTx,8
10X84_2:ATTGGTGGTATAGGGCx,3
10X84_2:CAAGAAATCGAGCCCAx,7
10X84_2:ATTGGTGCATAGAAACx,5
10X84_2:CAACCTCCAATGGATAx,5
10X84_2:ATTTCTGCAGCATGAGx,7
10X84_2:CACAAACGTTCGCTAAx,9
10X84_2:CAAGGCCCACACGCTGx,3
10X84_2:CAAGGCCCATTGGTACx,7
10X84_2:CAAGTTGAGTACCGGAx,3
10X84_2:CACACAACACTTGGATx,7
10X84_2:CAAGTTGGTTGGTAAAx,3
10X84_2:CAAGTTGCATTCACTTx,5
10X84_2:CAAGTTGAGTGGAGAAx,8
10X84_2:CAAGGCCGTTAAGATGx,5
10X84_2:CACAGGCGTTAAGATGx,6
10X84_2:CACACCTGTAGAGTGCx,5
10X84_2:CAAGTTGTCACCGTAAx,8
10X84_2:CAAGGCCCACTTAAGCx,6
10X84_2:CAAGTTGCAAGACGTGx,7
10X84_2:CACACAATCCAGTAGTx,3
10X84_2:CACAAACAGTTGAGATx,8
10X84_2:CAAGGCCAGCAGACTGx,3
10X84_2:CACACCTGTAAGAGGAx,3
10X84_2:CACACCTCACCATGTAx,5
10X84_2:CACAGGCAGCGTGTCCx,4
10X84_2:CACAGGCTCCAAACTGx,5
10X84_2:CAAGTTGTCCCAGGTGx,5
10X84_2:CAAGGCCCAGGCTCACx,4
10X84_2:CACACCTAGCTGTCTAx,9
10X84_2:CACACCTCATCTATGGx,7
10X84_2:CACAAACCAATGGAGCx,8
10X84_2:CACACTCGTCAGAGGTx,7
10X84_2:CACACCTAGATGCCTTx,8
10X84_2:CACACCTGTAAGTAGTx,8
10X84_2:CACACAAGTGTCAATCx,7
10X84_2:CACACAAGTAGCCTATx,5
10X84_2:CACAAACTCGAATCCAx,9
10X84_2:CACACAAGTCTGCCAGx,5
10X84_2:CACAAACTCAACACTGx,5
10X84_2:CAAGTTGTCATCGATGx,5
10X84_2:CACACCTTCTCCTATAx,5
10X84_2:CACAAACCAATAGCGGx,9
10X84_2:CACACTCTCTGTCCGTx,4
10X84_2:CACACTCGTCGGATCCx,9
10X84_2:CAAGGCCGTCTAGCGCx,5
10X84_2:CAAGTTGCATCCCATCx,3
10X84_2:CACACCTTCTCTTGATx,7
10X84_2:CACACAAGTATGAAACx,5
10X84_2:CACACTCTCTCTGCTGx,3
10X84_2:CACCAGGCAATGAAACx,5
10X84_2:CACCTTGAGGATGGAAx,5
10X84_2:CACCACTGTCGAACAGx,3
10X84_2:CACAGTAAGTTACGGGx,3
10X84_2:CACCACTTCGAGGTAGx,3
10X84_2:CACATAGTCTCGAGTAx,5
10X84_2:CACATAGGTAGCTTGTx,3
10X84_2:CACCACTTCTGATTCTx,3
10X84_2:CACATAGGTATTCGTGx,7
10X84_2:CACCAGGGTGCATCTAx,5
10X84_2:CACCACTTCAATAAGGx,7
10X84_2:CACAGTATCCTGTAGAx,4
10X84_2:CACAGTAGTGTGAATAx,5
10X84_2:CACATTTCACAACTGTx,5
10X84_2:CACCACTCAGGTGGATx,7
10X84_2:CACCACTGTACTTGACx,7
10X84_2:CACAGTAAGTTAGGTAx,3
10X84_2:CACATTTCAGTGGAGTx,3
10X84_2:CACATTTTCCACTGGGx,9
10X84_2:CACATAGCATTTGCTTx,4
10X84_2:CACATTTTCACTCCTGx,8
10X84_2:CACATTTGTCCGAACCx,3
10X84_2:CACATAGTCTGTGCAAx,3
10X84_2:CACATAGTCCCTGACTx,7
10X84_2:CACCACTGTTCCACAAx,9
10X84_2:CACCAGGGTTAGAACAx,3
10X84_2:CACAGTATCGTAGGAGx,6
10X84_2:CACATAGAGGCGCTCTx,3
10X84_2:CACCACTCACTAGTACx,6
10X84_2:CACATTTGTTGGTGGAx,8
10X84_2:CACCTTGCAAGGTGTGx,5
10X84_2:CACCACTTCTCACATTx,8
10X84_2:CACATAGAGCCAGTAGx,5
10X84_2:CACATAGTCTATCCCGx,3
10X84_2:CACCAGGCAGACAAATx,5
10X84_2:CACATAGAGCGAAGGGx,7
10X84_2:CACAGGCTCTCGCATCx,4
10X84_2:CACCACTAGTACGTTCx,3
10X84_2:CACAGGCTCGTGGGAAx,3
10X84_2:CACATTTAGCTGATAAx,7
10X84_2:CACCACTCATAAGACAx,7
10X84_2:CACATAGAGGCCGAATx,5
10X84_2:CACATTTTCACCCTCAx,3
10X84_2:CACCAGGCACTAAGTCx,4
10X84_2:CACCAGGCAGCGTTCGx,3
10X84_2:CACATAGGTCTGCGGTx,3
10X84_2:CACTCCACACACAGAGx,5
10X84_2:CAGAATCCAAACGCGAx,5
10X84_2:CAGAATCGTCGAAAGCx,5
10X84_2:CAGCAGCTCCAGAAGGx,3
10X84_2:CACCTTGTCCTATTCAx,3
10X84_2:CACCTTGTCTCAACTTx,5
10X84_2:CAGAGAGCAGGTGCCTx,3
10X84_2:CAGAATCTCAGCTCGGx,8
10X84_2:CACCTTGTCTGGTATGx,7
10X84_2:CAGATCACACACCGACx,3
10X84_2:CAGCATACAGTATAAGx,4
10X84_2:CAGCATACAGGGAGAGx,8
10X84_2:CACCTTGGTATGAATGx,3
10X84_2:CACCTTGTCACCATAGx,3
10X84_2:CACTCCATCGTCCAGGx,3
10X84_2:CACTCCATCCTATTCAx,5
10X84_2:CAGATCAAGCATGGCAx,6
10X84_2:CACTCCATCAAGCCTAx,5
10X84_2:CAGAGAGAGTACCGGAx,5
10X84_2:CAGCAGCCAAGTTCTGx,8
10X84_2:CACTCCAAGAAGATTCx,5
10X84_2:CAGATCAGTAAACGCGx,5
10X84_2:CAGCAGCCATATACCGx,4
10X84_2:CACCTTGGTAGTGAATx,5
10X84_2:CAGAATCGTTTGTTTCx,9
10X84_2:CAGCAGCGTGGCGAATx,9
10X84_2:CACTCCATCCCATTATx,6
10X84_2:CAGAATCCACCAGGTCx,3
10X84_2:CAGAATCTCATACGGTx,7
10X84_2:CAGATCATCACTATTCx,7
10X84_2:CAGAGAGAGGACATTAx,5
10X84_2:CAGAGAGGTAGTGAATx,5
10X84_2:CAGCATAAGGCGTACAx,7
10X84_2:CACTCCACATATGCTGx,3
10X84_2:CAGCAGCTCGTAGGTTx,7
10X84_2:CACTCCATCAGTCAGTx,5
10X84_2:CAGAATCAGTTGCAGGx,9
10X84_2:CAGAGAGAGCCCAGCTx,5
10X84_2:CAGAGAGTCATAAAGGx,5
10X84_2:CAGAGAGCAGCTCGCAx,9
10X84_2:CAGATCATCTTCGGTCx,8
10X84_2:CAGAGAGAGGACAGAAx,5
10X84_2:CAGAATCGTGTTGGGAx,7
10X84_2:CAGCTAACAGTGGGATx,5
10X84_2:CAGCCGAGTTGAACTCx,4
10X84_2:CAGCCGAAGAGATGAGx,5
10X84_2:CAGTAACAGATCTGCTx,4
10X84_2:CAGTAACCAATGAAACx,9
10X84_2:CAGCTGGGTAGAAAGGx,5
10X84_2:CAGCTAAAGACATAACx,3
10X84_2:CAGCGACCACATTAGCx,5
10X84_2:CAGCTGGCAGCTCGCAx,3
10X84_2:CAGGTGCCATCCCACTx,3
10X84_2:CAGGTGCGTGTAAGTAx,5
10X84_2:CAGCGACTCGCTTGTCx,5
10X84_2:CAGCTAAGTGTGACGAx,5
10X84_2:CAGCGACGTCATCGGCx,5
10X84_2:CAGCTAAGTCTGCCAGx,3
10X84_2:CAGCGACCAGTAACGGx,9
10X84_2:CAGTAACCAAGTCATCx,5
10X84_2:CAGCTGGTCTGTCTATx,3
10X84_2:CAGCTAAAGTCATGCTx,4
10X84_2:CAGTAACAGACTGGGTx,5
10X84_2:CAGCGACCATGCTAGTx,5
10X84_2:CAGGTGCCAATAAGCAx,3
10X84_2:CAGGTGCTCGATGAGGx,5
10X84_2:CAGCGACTCCTGCTTGx,3
10X84_2:CAGCATATCACCCGAGx,3
10X84_2:CAGCGACGTCACCCAGx,5
10X84_2:CAGCTGGCATGAGCGAx,9
10X84_2:CAGCTGGTCCTATTCAx,5
10X84_2:CAGCCGAAGGCCATAGx,5
10X84_2:CAGCTGGTCAACACGTx,3
10X84_2:CAGGTGCGTTCCACTCx,5
10X84_2:CAGCTAAGTGCCTGGTx,8
10X84_2:CAGCTAAGTGATGCCCx,9
10X84_2:CAGCTGGAGGACATTAx,5
10X84_2:CAGCCGACAGTCAGAGx,8
10X84_2:CAGGTGCGTTACAGAAx,3
10X84_2:CAGCGACTCGGATGTTx,7
10X84_2:CAGCGACTCTTGCAAGx,5
10X84_2:CAGCTAATCGGAAATAx,7
10X84_2:CAGCTGGCAGCGTCCAx,5
10X84_2:CAGCTAATCAAGGCTTx,6
10X84_2:CAGCATATCCGATATGx,7
10X84_2:CAGCGACGTCTTCGTCx,5
10X84_2:CAGCGACTCCTCAACCx,4
10X84_2:CAGCCGATCCCTCAGTx,4
10X84_2:CAGCATAGTTCAGGCCx,7
10X84_2:CAGCTGGGTTCAACCAx,3
10X84_2:CATATTCTCCGCTGTTx,7
10X84_2:CAGTAACCAGGATCGAx,5
10X84_2:CATATTCCATTTCACTx,3
10X84_2:CATCCACCACCCAGTGx,5
10X84_2:CATATGGGTGTGACCCx,3
10X84_2:CATATTCGTTATCACGx,4
10X84_2:CATATTCGTCAAACTCx,5
10X84_2:CATCAAGTCTCGCATCx,3
10X84_2:CATCAAGCAACGATCTx,4
10X84_2:CATCAGAAGTCTTGCAx,7
10X84_2:CATCAAGCAAACGTGGx,3
10X84_2:CATATGGGTCACAAGGx,3
10X84_2:CATCAGACATCCCATCx,4
10X84_2:CATCCACTCGGAGCAAx,7
10X84_2:CATATTCCACTGCCAGx,9
10X84_2:CATATTCAGAGACTTAx,5
10X84_2:CAGTAACCACAGAGGTx,5
10X84_2:CAGTCCTGTGAGGGAGx,7
10X84_2:CATCAGACAATCTACGx,7
10X84_2:CATATGGGTAGAGGAAx,9
10X84_2:CAGTAACGTAGAGGAAx,4
10X84_2:CATATTCAGAAACCTAx,5
10X84_2:CATCCACCACGGCTACx,8
10X84_2:CATCCACGTTTGCATGx,5
10X84_2:CATCCACTCAGAGACGx,9
10X84_2:CATATTCGTTGCCTCTx,8
10X84_2:CAGTCCTTCCGGCACAx,5
10X84_2:CATCCACAGCGGATCAx,3
10X84_2:CATATGGTCCCACTTGx,5
10X84_2:CATATGGAGCCAGAACx,7
10X84_2:CATCCACCACTTGGATx,7
10X84_2:CAGTCCTGTGCAACTTx,5
10X84_2:CATATTCCAGACGTAGx,5
10X84_2:CATCCACAGCTCCCAGx,3
10X84_2:CATTCGCCATCCTTGCx,4
10X84_2:CATCGGGTCTAACCGAx,8
10X84_2:CATCGAATCTGACCTCx,9
10X84_2:CATCGAATCTGCGTAAx,7
10X84_2:CATGACAAGATATGGTx,5
10X84_2:CATTATCAGTTAGCGGx,4
10X84_2:CATGACAAGACGCACAx,5
10X84_2:CATGGCGTCCGTACAAx,7
10X84_2:CATCGAACAAGGACTGx,7
10X84_2:CATGGCGAGCAATATGx,5
10X84_2:CCAATCCAGATGTCGGx,5
10X84_2:CATGGCGGTGATGTCTx,4
10X84_2:CATTCGCTCTCCCTGAx,5
10X84_2:CATTCGCTCATGTGGTx,3
10X84_2:CATGGCGAGCCAGGATx,3
10X84_2:CATGACATCACGACTAx,5
10X84_2:CATGCCTCAGGGTATGx,3
10X84_2:CATGACATCAGTTCGAx,5
10X84_2:CATGACAAGACTGTAAx,8
10X84_2:CATTCGCGTGCGATAGx,4
10X84_2:CATCGGGCAGCTCGCAx,7
10X84_2:CATGCCTTCACTGGGCx,4
10X84_2:CATTCGCTCTTGACGAx,5
10X84_2:CATTCGCGTCTCCACTx,7
10X84_2:CATCGAAGTCGCTTTCx,3
10X84_2:CATCGGGGTACCATCAx,5
10X84_2:CATTATCTCGTTACAGx,5
10X84_2:CATCGAATCCACTGGGx,3
10X84_2:CATGGCGTCAGTTTGGx,6
10X84_2:CATGACAGTTCCATGAx,7
10X84_2:CATTCGCGTGTAAGTAx,5
10X84_2:CATTATCAGCAGACTGx,8
10X84_2:CATGCCTAGCGAGAAAx,7
10X84_2:CATCGAATCCTTGACCx,9
10X84_2:CATTCGCCAGACAAATx,5
10X84_2:CATCGAACACCGAATTx,7
10X84_2:CATGCCTGTGGCGAATx,5
10X84_2:CATCGGGCAAACTGCTx,5
10X84_2:CATTCGCGTTACGTCAx,5
10X84_2:CATCGAAAGTAGGTGCx,5
10X84_2:CATGCCTAGGTTCCTAx,3
10X84_2:CATGCCTGTCGGGTCTx,3
10X84_2:CATTCGCCAGCTGCTGx,3
10X84_2:CATTCGCCAAGTCTGTx,5
10X84_2:CATCGAATCCTAGTGAx,3
10X84_2:CATGACAAGACTAGATx,5
10X84_2:CATGACATCAATACCGx,7
10X84_2:CATCGGGGTGCAACGAx,8
10X84_2:CATGACATCCAAAGTCx,3
10X84_2:CATGGCGCATTCTCATx,5
10X84_2:CATGACATCTACTTACx,4
10X84_2:CATGGCGGTTCGGGCTx,8
10X84_2:CCACGGACAAGGACACx,5
10X84_2:CCACTACAGGACTGGTx,4
10X84_2:CCACTACCAACACCTAx,3
10X84_2:CCAATCCTCGAATGCTx,7
10X84_2:CCATGTCGTCTGCGGTx,7
10X84_2:CCATGTCCAGATTGCTx,8
10X84_2:CCACCTAAGCTGAACGx,5
10X84_2:CCATTCGAGATCCCGCx,3
10X84_2:CCACTACAGTGCTGCCx,4
10X84_2:CCAATCCAGGCGATACx,3
10X84_2:CCACCTAAGCACAGGTx,5
10X84_2:CCAGCGATCTTAGAGCx,3
10X84_2:CCACCTACAATGAAACx,8
10X84_2:CCACGGACAGACACTTx,8
10X84_2:CCAATCCGTAGGCTGAx,6
10X84_2:CCAATCCCACCGAAAGx,7
10X84_2:CCACTACAGACTAGGCx,7
10X84_2:CCAATCCTCTACCAGAx,3
10X84_2:CCATGTCGTCCGAAGAx,3
10X84_2:CCAATCCGTGTAACGGx,5
10X84_2:CCACGGAGTGACGCCTx,5
10X84_2:CCACTACAGGATGCGTx,6
10X84_2:CCAATCCCAGGTCCACx,8
10X84_2:CCACCTAAGCGTTGCCx,5
10X84_2:CCACGGACACCGAATTx,3
10X84_2:CCATGTCTCGCACTCTx,4
10X84_2:CCATTCGGTGATGATAx,8
10X84_2:CCATTCGGTGTTTGTGx,4
10X84_2:CCACCTAGTTAAAGACx,3
10X84_2:CCATTCGGTCACTGGCx,9
10X84_2:CCACGGAAGACCACGAx,4
10X84_2:CCAATCCTCACTTCATx,3
10X84_2:CCATGTCCATCGGAAGx,7
10X84_2:CCACCTAAGTTAGGTAx,4
10X84_2:CCACGGACAATGACCTx,3
10X84_2:CCACTACGTTCCAACAx,6
10X84_2:CCACCTAGTATTCTCTx,4
10X84_2:CCATGTCTCCAAGCCGx,8
10X84_2:CCAGCGATCGGCGCATx,7
10X84_2:CCAATCCGTGTGCCTGx,8
10X84_2:CCACGGAGTCTCCACTx,9
10X84_2:CCATGTCGTAAAGGAGx,6
10X84_2:CCACCTAGTATCGCATx,5
10X84_2:CCAATCCGTGTGTGCCx,7
10X84_2:CCGGGATGTGAACCTTx,6
10X84_2:CCCATACAGTTACGGGx,3
10X84_2:CCCAGTTTCCCTTGTGx,7
10X84_2:CCCTCCTCAGCTATTGx,4
10X84_2:CCCATACAGCTAGTCTx,5
10X84_2:CCGGGATGTAACGTTCx,9
10X84_2:CCCTCCTGTGTTTGTGx,5
10X84_2:CCATTCGTCACTTATCx,9
10X84_2:CCCAGTTAGCGTCTATx,4
10X84_2:CCCTCCTCATTAGGCTx,4
10X84_2:CCCATACCATCCTAGAx,7
10X84_2:CCGGTAGGTATAGGGCx,3
10X84_2:CCCTCCTAGTGCTGCCx,5
10X84_2:CCCAATCCAGTATAAGx,7
10X84_2:CCGGTAGCACCGAATTx,5
10X84_2:CCGGTAGAGCTTCGCGx,5
10X84_2:CCGGTAGGTTTGACTGx,5
10X84_2:CCGGTAGCACGGCCATx,5
10X84_2:CCCATACGTGGTCTCGx,9
10X84_2:CCGGTAGGTACAGTTCx,8
10X84_2:CCCAGTTGTGGTCCGTx,4
10X84_2:CCCTCCTAGGACTGGTx,3
10X84_2:CCCTCCTGTTACGGAGx,3
10X84_2:CCCAGTTGTTGAACTCx,8
10X84_2:CCGGTAGCATCACGATx,7
10X84_2:CCCTCCTCAGATTGCTx,5
10X84_2:CCATTCGGTTCAGTACx,3
10X84_2:CCCTCCTGTCGAACAGx,8
10X84_2:CCGGTAGGTTACGACTx,4
10X84_2:CCCAATCTCCAGTAGTx,5
10X84_2:CCGGGATGTATTAGCCx,3
10X84_2:CCGGGATTCCTATTCAx,3
10X84_2:CCCAGTTGTACAGACGx,4
10X84_2:CCATTCGTCACTCCTGx,7
10X84_2:CCCATACGTTTACTCTx,3
10X84_2:CCGGTAGTCACTCTTAx,6
10X84_2:CCCAATCTCGCAAACTx,7
10X84_2:CCGGGATCAGAAGCACx,4
10X84_2:CCGGTAGTCACGAAGGx,5
10X84_2:CCGGTAGCACTGTCGGx,8
10X84_2:CCCAATCTCTGGCGTGx,3
10X84_2:CCGTACTAGAATGTGTx,7
10X84_2:CCCAGTTTCAGTCAGTx,3
10X84_2:CCCAGTTCACGAGAGTx,3
10X84_2:CCTAGCTGTAGGGTACx,3
10X84_2:CCTACCACACAAGACGx,5
10X84_2:CCGTACTCATATACCGx,9
10X84_2:CCTAGCTGTCCGAAGAx,5
10X84_2:CCGTTCACACAACGTTx,8
10X84_2:CCTACCAAGATGTAACx,5
10X84_2:CCTACACAGACTAGGCx,9
10X84_2:CCGTTCATCCTGTAGAx,7
10X84_2:CCTAGCTGTACAGACGx,3
10X84_2:CCTACCAGTTGTCTTTx,5
10X84_2:CCGTGGACATTATCTCx,3
10X84_2:CCGTGGATCTTCATGTx,7
10X84_2:CCTAAAGAGAACTGTAx,6
10X84_2:CCTACCACAATCCAACx,5
10X84_2:CCTAGCTCAGACAAATx,5
10X84_2:CCGTTCAGTAGCGTCCx,4
10X84_2:CCGTACTCAGACACTTx,4
10X84_2:CCTACACTCCTATGTTx,5
10X84_2:CCGTACTCACAGTCGCx,3
10X84_2:CCTACACGTATATGAGx,4
10X84_2:CCTACACAGTTATCGCx,5
10X84_2:CCTACCAGTCGCATCGx,9
10X84_2:CCGTACTAGCCGGTAAx,3
10X84_2:CCGTACTGTTATCACGx,8
10X84_2:CCTACCAAGTGGTAGCx,3
10X84_2:CCTACCACAATGGTCTx,4
10X84_2:CCTACCAGTGTTGGGAx,3
10X84_2:CCTAAAGGTCTAGCGCx,3
10X84_2:CCTACACGTAGCCTATx,7
10X84_2:CCTACACGTGACCAAGx,9
10X84_2:CCGTACTAGAGTGACCx,7
10X84_2:CCTAAAGGTGTCAATCx,3
10X84_2:CCGTTCAGTTCCGTCTx,3
10X84_2:CCTACCAAGAAGGCCTx,5
10X84_2:CCGTTCAGTATATGAGx,5
10X84_2:CCGTTCAGTAACGACGx,3
10X84_2:CCTAGCTAGTGCCATTx,3
10X84_2:CCGTACTGTCGATTGTx,7
10X84_2:CCGTGGAAGTCATGCTx,7
10X84_2:CCGTACTAGCAGGTCAx,7
10X84_2:CCGTTCAGTACCGGCTx,3
10X84_2:CCTAGCTAGTCAATAGx,7
10X84_2:CCTACCAGTGCACCACx,4
10X84_2:CCTAAAGCATGTCTCCx,3
10X84_2:CCTTCCCAGTTACGGGx,3
10X84_2:CCTCTGAAGCTCTCGGx,5
10X84_2:CCTTCGATCTCGCTTGx,3
10X84_2:CCTTCCCCACATCCGGx,7
10X84_2:CCTATTATCGTAGGAGx,5
10X84_2:CCTTACGGTTTACTCTx,5
10X84_2:CCTTTCTCAGACGCCTx,9
10X84_2:CCTATTATCACGAAGGx,3
10X84_2:CCTAGCTTCGCGGATCx,5
10X84_2:CCTCAGTGTTAGAACAx,5
10X84_2:CCTTCGAAGACACGACx,9
10X84_2:CCTCAGTCAGGATCGAx,4
10X84_2:CCTTACGGTAGTGAATx,8
10X84_2:CCTTCCCAGGAGTAGAx,5
10X84_2:CCTCTGAAGCTCCTTCx,5
10X84_2:CCTTTCTCAGTACACTx,3
10X84_2:CCTAGCTTCCAGGGCTx,4
10X84_2:CCTAGCTGTTGGTGGAx,5
10X84_2:CCTAGCTTCTTCAACTx,7
10X84_2:CCTTTCTGTAGCTTGTx,3
10X84_2:CCTTCGAGTGCATCTAx,8
10X84_2:CCTTTCTAGAATCTCCx,4
10X84_2:CCTCAGTAGATCGATAx,4
10X84_2:CCTATTATCAACCATGx,3
10X84_2:CCTTCGAAGCCCAGCTx,9
10X84_2:CCTTACGTCAGCCTAAx,9
10X84_2:CCTTCGAAGGTGCACAx,7
10X84_2:CCTATTATCGGTCCGAx,7
10X84_2:CCTAGCTGTCGCGGTTx,9
10X84_2:CCTCAGTGTCAGAGGTx,5
10X84_2:CCTTTCTGTTAGATGAx,9
10X84_2:CCTCAGTCAGGGTTAGx,7
10X84_2:CCTTTCTCATTGTGCAx,4
10X84_2:CCTTCCCGTCCGAGTCx,5
10X84_2:CCTATTATCACCTTATx,5
10X84_2:CCTCTGAAGATATACGx,3
10X84_2:CCTCAGTTCTCTGAGAx,5
10X84_2:CCTTCCCAGCTAGTTCx,3
10X84_2:CCTTCCCTCGTACGGCx,5
10X84_2:CCTTACGGTTGTCGCGx,5
10X84_2:CCTAGCTTCCAAACACx,5
10X84_2:CCTATTACAGTATCTGx,8
10X84_2:CCTTCGAGTTCTGTTTx,3
10X84_2:CGACTTCAGTCGATAAx,9
10X84_2:CGAGAAGCATGCTAGTx,4
10X84_2:CGACCTTCAGTCGTGCx,5
10X84_2:CGACTTCCACATTCGAx,5
10X84_2:CGAACATGTATCTGCAx,7
10X84_2:CGAATGTGTTTAAGCCx,3
10X84_2:CGAGAAGTCATATCGGx,8
10X84_2:CGACTTCAGAGGGCTTx,8
10X84_2:CGACCTTCATCCTTGCx,5
10X84_2:CGAGCACAGTCCAGGAx,4
10X84_2:CGACCTTAGAGGGATAx,5
10X84_2:CGAGCACAGAGGTAGAx,3
10X84_2:CGAATGTAGTGAACGCx,5
10X84_2:CGACTTCTCTAACTTCx,5
10X84_2:CGACTTCGTACCGAGAx,8
10X84_2:CGAGAAGGTATTAGCCx,9
10X84_2:CGAGCACAGCGTTCCGx,4
10X84_2:CGACTTCGTTATTCTCx,4
10X84_2:CGAACATTCCTCATTAx,5
10X84_2:CGAGAAGTCGCCGTGAx,3
10X84_2:CGAACATAGTAGCGGTx,3
10X84_2:CGAGCACTCAGTACGTx,4
10X84_2:CGAACATCAGGGTTAGx,3
10X84_2:CGACCTTCATGGTCTAx,7
10X84_2:CGACTTCGTTAGAACAx,3
10X84_2:CGAGCCAAGACACTAAx,4
10X84_2:CGAGAAGGTGTGACCCx,5
10X84_2:CGAGCACCACGGACAAx,5
10X84_2:CGACCTTCAGACAAGCx,4
10X84_2:CGAGAAGTCCCATTTAx,3
10X84_2:CGACCTTTCCATGAACx,3
10X84_2:CGACTTCGTGGTCCGTx,6
10X84_2:CGAGCACTCCGCAAGCx,3
10X84_2:CGAGCACCACCATCCTx,5
10X84_2:CGAACATAGAGTCTGGx,5
10X84_2:CGAACATCACCTGGTGx,3
10X84_2:CGAACATCACGGCGTTx,5
10X84_2:CGAGAAGGTCGCCATGx,3
10X84_2:CGAACATTCGTCGTTCx,5
10X84_2:CCTTTCTTCCAAACTGx,8
10X84_2:CGAATGTTCAGCATGTx,5
10X84_2:CGATGGCCAGATTGCTx,3
10X84_2:CGCCAAGTCTCCAACCx,5
10X84_2:CGCCAAGGTCCGCTGAx,9
10X84_2:CGCCAAGTCCCACTTGx,9
10X84_2:CGATCGGAGGCAATTAx,4
10X84_2:CGCCAAGTCGTTTATCx,6
10X84_2:CGAGCCACATGCATGTx,5
10X84_2:CGAGCCAGTCGGATCCx,3
10X84_2:CGATCGGGTCTGGAGAx,7
10X84_2:CGAGCCAGTGCTTCTCx,3
10X84_2:CGATGTACAGGCTGAAx,9
10X84_2:CGATTGATCCAAAGTCx,9
10X84_2:CGATTGAAGCGATCCCx,3
10X84_2:CGATGGCGTCAATACCx,3
10X84_2:CGCCAAGGTCACTGGCx,7
10X84_2:CGATGTACAAACAACAx,3
10X84_2:CGCGGTAAGACAGACCx,5
10X84_2:CGATTGATCTCGTATTx,3
10X84_2:CGATCGGAGTGACATAx,8
10X84_2:CGATGGCGTATTACCGx,3
10X84_2:CGCCAAGTCTAACTCTx,3
10X84_2:CGATGGCTCACGACTAx,8
10X84_2:CGATGGCGTCTAGAGGx,5
10X84_2:CGCCAAGTCGTCACGGx,7
10X84_2:CGATCGGCACGCGAAAx,4
10X84_2:CGATGTAAGCGAGAAAx,9
10X84_2:CGAGCCATCAGTCAGTx,6
10X84_2:CGAGCCAGTAAGTAGTx,6
10X84_2:CGATCGGGTTACGCGCx,9
10X84_2:CGATCGGTCTAGCACAx,5
10X84_2:CGATGTAAGTCCCACGx,3
10X84_2:CGAGCCATCATGCAACx,5
10X84_2:CGATCGGCAGGCGATAx,7
10X84_2:CGAGCCACAGCTGTTAx,3
10X84_2:CGCCAAGGTTCCAACAx,8
10X84_2:CGATGGCCAAGCCTATx,5
10X84_2:CGATGTATCTAACTCTx,5
10X84_2:CGATTGACAGCTGCTGx,4
10X84_2:CGATGTAAGCAGCGTAx,7
10X84_2:CGATTGACATTGGTACx,3
10X84_2:CGATGGCAGTCCCACGx,3
10X84_2:CGATGGCGTTATGCGTx,3
10X84_2:CGCCAAGGTAGCGCAAx,3
10X84_2:CGAGCCACAGATGGCAx,5
10X84_2:CGAGCCATCGTCTGCTx,3
10X84_2:CGCTATCAGAGTACATx,5
10X84_2:CGGACGTAGACCCACCx,3
10X84_2:CGGACGTGTCACAAGGx,5
10X84_2:CGCGTTTAGCAGACTGx,4
10X84_2:CGGACACAGCCCAACCx,7
10X84_2:CGCTGGAAGACTACAAx,5
10X84_2:CGGACACGTCCGAGTCx,3
10X84_2:CGCTATCCACGAAGCAx,5
10X84_2:CGGACACCAATCTACGx,3
10X84_2:CGCGTTTCACCATGTAx,5
10X84_2:CGGACACGTACTTCTTx,7
10X84_2:CGCTTCAAGCCATCGCx,4
10X84_2:CGCTATCAGACCTTTGx,4
10X84_2:CGGACACTCACTTATCx,3
10X84_2:CGGACTGAGAGACTTAx,3
10X84_2:CGGACGTCAGTAGAGCx,8
10X84_2:CGCGTTTAGGTGACCAx,6
10X84_2:CGCGGTATCAGTCAGTx,3
10X84_2:CGCGTTTGTCCTCTTGx,4
10X84_2:CGCTGGATCTCCTATAx,8
10X84_2:CGGACGTAGTACGATAx,4
10X84_2:CGCGGTACACGACTCGx,4
10X84_2:CGCTGGATCGGCATCGx,5
10X84_2:CGCTATCGTGCGGTAAx,8
10X84_2:CGCGTTTAGTACATGAx,5
10X84_2:CGCTTCAGTTGCTCCTx,3
10X84_2:CGCTGGATCATCGGATx,5
10X84_2:CGCTTCAGTCCATGATx,3
10X84_2:CGGACACCAGAGTGTGx,8
10X84_2:CGGACACGTACCATCAx,9
10X84_2:CGGACGTAGAAACCATx,3
10X84_2:CGCTATCTCCGTCATCx,3
10X84_2:CGCTTCAGTAACGACGx,4
10X84_2:CGCGGTAGTAGCGTCCx,3
10X84_2:CGCGTTTTCGCTTAGAx,3
10X84_2:CGCGGTAGTATGAAACx,5
10X84_2:CGCTGGATCGACAGCCx,3
10X84_2:CGGCTAGAGGGAGTAAx,7
10X84_2:CGGCTAGGTCAAAGATx,7
10X84_2:CGGAGTCTCCTAGGGCx,8
10X84_2:CGGCTAGGTTGAGTTCx,6
10X84_2:CGGGTCACAATTGCTGx,8
10X84_2:CGGAGTCTCAGGCAAGx,5
10X84_2:CGGGTCAAGACTTTCGx,4
10X84_2:CGGAGCTAGCCTTGATx,7
10X84_2:CGTAGCGAGGCTAGCAx,5
10X84_2:CGGGTCAGTACAGCAGx,9
10X84_2:CGGACTGGTAGGGACTx,5
10X84_2:CGGAGCTTCAACACACx,4
10X84_2:CGGGTCAGTGTTCGATx,5
10X84_2:CGGAGCTTCCATGAACx,5
10X84_2:CGGCTAGTCGTTACGAx,4
10X84_2:CGGAGCTCAGCGTTCGx,4
10X84_2:CGGAGCTTCTACGAGTx,3
10X84_2:CGGCTAGGTTCCACAAx,5
10X84_2:CGGAGCTCAGACACTTx,3
10X84_2:CGGGTCAAGTGAAGTTx,5
10X84_2:CGTAGCGAGACGCTTTx,6
10X84_2:CGGCTAGGTTTGTGTGx,7
10X84_2:CGGTTAACAGGCGATAx,5
10X84_2:CGGGTCAGTCGTGGCTx,7
10X84_2:CGGGTCATCAGGATCTx,3
10X84_2:CGGAGCTTCCAAGCCGx,5
10X84_2:CGGAGCTGTTACGGAGx,9
10X84_2:CGGAGCTAGCCACTATx,3
10X84_2:CGGTTAATCCTGCCATx,5
10X84_2:CGGTTAAGTTTGCATGx,3
10X84_2:CGGGTCAAGCTAGCCCx,8
10X84_2:CGGAGCTAGTTTGCGTx,4
10X84_2:CGGACTGGTCATATCGx,8
10X84_2:CGGGTCACAACCGCCAx,3
10X84_2:CGGAGTCTCACTATTCx,3
10X84_2:CGGCTAGCAATCGGTTx,6
10X84_2:CGGAGTCGTTGATTCGx,3
10X84_2:CGGGTCAAGCTAGTGGx,4
10X84_2:CGTCTACCACACCGACx,3
10X84_2:CGTCAGGAGGTGCAACx,4
10X84_2:CGTCAGGAGGCATGGTx,3
10X84_2:CGTCCATTCTAACCGAx,4
10X84_2:CGTCAGGCATGCCTTCx,9
10X84_2:CGTGAGCCAAAGAATCx,8
10X84_2:CGTCAGGTCAGTCAGTx,5
10X84_2:CGTAGGCGTTCGCTAAx,5
10X84_2:CGTCACTAGGCAAAGAx,5
10X84_2:CGTAGGCCATACTACGx,4
10X84_2:CGTCACTCAGCCACCAx,3
10X84_2:CGTCAGGAGTATCGAAx,3
10X84_2:CGTCACTAGGGTTCCCx,5
10X84_2:CGTCAGGAGACTAAGTx,5
10X84_2:CGTAGGCAGACGCTTTx,4
10X84_2:CGTCAGGCAAGCGAGTx,7
10X84_2:CGTCCATTCACTGGGCx,3
10X84_2:CGTCCATCACGACGAAx,7
10X84_2:CGTAGGCCACCTCGGAx,5
10X84_2:CGTGAGCAGACCCACCx,4
10X84_2:CGTCCATGTCATCCCTx,7
10X84_2:CGTGAGCAGTGCCAGAx,4
10X84_2:CGTCCATGTCCAGTGCx,5
10X84_2:CGTGTAAAGGTGCTTTx,5
10X84_2:CGTCTACTCTTGCCGTx,5
10X84_2:CGTCAGGAGTGCAAGCx,5
10X84_2:CGTCTACAGCTGATAAx,5
10X84_2:CGTAGCGGTTATTCTCx,5
10X84_2:CGTCCATGTGCAGACAx,3
10X84_2:CGTAGGCGTCATCGGCx,4
10X84_2:CGTCTACAGGACGAAAx,5
10X84_2:CGTCCATCAAAGGTGCx,7
10X84_2:CGTCACTGTTCCTCCAx,4
10X84_2:CGTCCATGTTAGATGAx,7
10X84_2:CGTCCATAGGATCGCAx,5
10X84_2:CGTAGGCTCTGACCTCx,9
10X84_2:CGTCAGGAGGTGATATx,3
10X84_2:CGTCTACGTCACCTAAx,7
10X84_2:CGTCCATGTCATCGGCx,9
10X84_2:CGTCAGGTCGTTTATCx,5
10X84_2:CGTGAGCCACCAGCACx,3
10X84_2:CGTGAGCTCTGTTGAGx,3
10X84_2:CGTCACTTCCCAGGTGx,3
10X84_2:CGTCAGGCAAGGGTCAx,3
10X84_2:CGTTCTGCATTCACTTx,5
10X84_2:CGTTAGAAGCTGGAACx,3
10X84_2:CGTTAGAGTGTTCTTTx,5
10X84_2:CTAAGACCACAACTGTx,7
10X84_2:CGTGTCTAGAGGTAGAx,5
10X84_2:CTAAGACCAAACGTGGx,3
10X84_2:CTAAGACAGACTTTCGx,5
10X84_2:CGTGTAAGTCCGACGTx,3
10X84_2:CGTGTCTGTCTAAAGAx,5
10X84_2:CTAAGACTCGTGACATx,5
10X84_2:CTAATGGAGAGACTATx,5
10X84_2:CGTTAGAAGATAGGAGx,5
10X84_2:CTAACTTTCAAGGCTTx,3
10X84_2:CGTTGGGTCCGCGGTAx,3
10X84_2:CGTGTCTCACGGACAAx,4
10X84_2:CGTGTAACAACTGGCCx,4
10X84_2:CGTTGGGCATACTCTTx,4
10X84_2:CTAACTTCAATGGAGCx,4
10X84_2:CTAAGACTCAGTCAGTx,5
10X84_2:CGTGTAAAGTGGGCTAx,5
10X84_2:CTAAGACCAAGCTGAGx,8
10X84_2:CGTTGGGGTCACTGGCx,8
10X84_2:CTAAGACCAGATGAGCx,9
10X84_2:CTAAGACGTCATACTGx,8
10X84_2:CTAACTTCAGTGGAGTx,8
10X84_2:CGTTGGGAGCATGGCAx,4
10X84_2:CGTGTAATCAGCAACTx,4
10X84_2:CGTTGGGGTTGGTGGAx,9
10X84_2:CTAATGGAGCGTTGCCx,3
10X84_2:CGTGTCTCAGCCTATAx,7
10X84_2:CTAAGACGTAAACCTCx,9
10X84_2:CGTGTCTAGCGATAGCx,9
10X84_2:CTAACTTAGCGATCCCx,3
10X84_2:CGTTCTGGTGCAACTTx,5
10X84_2:CTACCCATCCTACAGAx,5
10X84_2:CTACGTCGTGCACTTAx,5
10X84_2:CTACACCCACACTGCGx,5
10X84_2:CTAGAGTCAACCGCCAx,8
10X84_2:CTAGAGTCATGCAACTx,5
10X84_2:CTACACCTCGGCGCATx,6
10X84_2:CTAATGGTCCTGCAGGx,9
10X84_2:CTACGTCCAGATGGGTx,7
10X84_2:CTACCCAGTAGTAGTAx,5
10X84_2:CTAGAGTGTCAACTGTx,4
10X84_2:CTACCCATCACCGTAAx,5
10X84_2:CTACCCATCCCGACTTx,5
10X84_2:CTACGTCAGAAGAAGCx,5
10X84_2:CTACCCAGTACTTAGCx,7
10X84_2:CTAGAGTTCCGCAAGCx,5
10X84_2:CTACGTCAGATAGTCAx,3
10X84_2:CTAGAGTTCATGTAGCx,7
10X84_2:CTACCCAGTACGCTGCx,3
10X84_2:CTACGTCTCTCGGACGx,5
10X84_2:CTAATGGAGTCATGCTx,8
10X84_2:CTACACCCACTGTTAGx,5
10X84_2:CTACCCAAGCATCATCx,3
10X84_2:CTACATTGTCACAAGGx,3
10X84_2:CTACATTTCTTCCTTCx,7
10X84_2:CTACCCAAGTGGTAGCx,7
10X84_2:CTAATGGTCCGCTGTTx,7
10X84_2:CTAATGGCACAAGTAAx,3
10X84_2:CTACATTGTGATAAGTx,6
10X84_2:CTACGTCAGGGCATGTx,4
10X84_2:CTACATTCAAAGGTGCx,9
10X84_2:CTACACCAGTGAACGCx,7
10X84_2:CTAATGGGTCACCTAAx,4
10X84_2:CTACACCTCAAAGACAx,3
10X84_2:CTAGAGTTCAGAGCTTx,3
10X84_2:CTACATTCAACACCCGx,5
10X84_2:CTACCCATCCACTGGGx,7
10X84_2:CTACACCTCTGAGTGTx,5
10X84_2:CTACCCAGTCTAGAGGx,5
10X84_2:CTAATGGAGGCTACGAx,5
10X84_2:CTACGTCTCTGGGCCAx,3
10X84_2:CTAGAGTGTAGCACGAx,3
10X84_2:CTAGAGTAGGCTACGAx,3
10X84_2:CTACACCCATCGGAAGx,9
10X84_2:CTACCCAAGTTGAGTAx,3
10X84_2:CTACCCAAGTTTGCGTx,5
10X84_2:CTAATGGTCAGGCAAGx,5
10X84_2:CTAATGGGTGTATGGGx,3
10X84_2:CTCAGAAGTCAGCTATx,5
10X84_2:CTCACACGTTCAGGCCx,5
10X84_2:CTCAGAAAGATGTAACx,5
10X84_2:CTCAGAAAGGCAAAGAx,5
10X84_2:CTAGCCTGTACGCTGCx,9
10X84_2:CTCATTACAGTTAACCx,7
10X84_2:CTCATTAGTCGACTATx,6
10X84_2:CTAGCCTTCGTCGTTCx,6
10X84_2:CTCCTAGAGCGTGAGTx,8
10X84_2:CTAGTGAAGATGCCTTx,4
10X84_2:CTCCTAGGTCGCTTTCx,7
10X84_2:CTCCTAGGTAGCTGCCx,3
10X84_2:CTCACACAGCGAAGGGx,5
10X84_2:CTCACACGTCAGATAAx,3
10X84_2:CTCAGAAAGAATTGTGx,3
10X84_2:CTAGTGAAGTACGATAx,5
10X84_2:CTCAGAAGTTTAGGAAx,5
10X84_2:CTCACACAGATAGTCAx,9
10X84_2:CTCACACGTGTTGGGAx,5
10X84_2:CTAGTGAGTCTTGCGGx,5
10X84_2:CTCCTAGAGTTAACGAx,3
10X84_2:CTCACACGTATGAAACx,7
10X84_2:CTCATTAAGATACACAx,7
10X84_2:CTCCTAGAGTTGTAGAx,4
10X84_2:CTCACACCAATCTGCAx,5
10X84_2:CTCGAAACACTATCTTx,5
10X84_2:CTCCTAGAGCTAGGCAx,9
10X84_2:CTAGCCTAGAGTGAGAx,5
10X84_2:CTAGTGAAGGGTCTCCx,3
10X84_2:CTAGTGAGTTAGATGAx,4
10X84_2:CTCAGAAGTCATATCGx,4
10X84_2:CTCCTAGGTGAAAGAGx,3
10X84_2:CTAGTGAGTACTCAACx,3
10X84_2:CTCAGAATCTTGCAAGx,7
10X84_2:CTCGAAACACAGACAGx,5
10X84_2:CTAGTGAAGTTGAGATx,3
10X84_2:CTCCTAGTCACAACGTx,5
10X84_2:CTAGTGAAGAGACTATx,6
10X84_2:CTCCTAGTCACATACGx,4
10X84_2:CTCGAAACAAGGTGTGx,5
10X84_2:CTCTACGCAGGGTACAx,3
10X84_2:CTCGAAAGTCTAGCGCx,4
10X84_2:CTCGTACTCACCACCTx,3
10X84_2:CTCGAGGGTAAATGTGx,6
10X84_2:CTCGGAGCACCTGGTGx,4
10X84_2:CTCGTCATCGCCTGTTx,7
10X84_2:CTCGAGGTCCCTGACTx,4
10X84_2:CTCGTCACACGGTGTCx,4
10X84_2:CTCGAAAGTGCTAGCCx,8
10X84_2:CTCGAGGAGCCCGAAAx,7
10X84_2:CTCTACGCATAAAGGTx,3
10X84_2:CTCGAGGTCATGTAGCx,3
10X84_2:CTCGTCAGTAATAGCAx,3
10X84_2:CTCTACGGTCCATCCTx,3
10X84_2:CTCGTACTCTGATTCTx,7
10X84_2:CTCTAATGTGGTCTCGx,5
10X84_2:CTCGTACTCGGGAGTAx,7
10X84_2:CTCGAAAGTTAAGAACx,5
10X84_2:CTCGAGGTCCTGCAGGx,5
10X84_2:CTCTAATAGCTAGGCAx,8
10X84_2:CTCGAGGCACTGAAGGx,5
10X84_2:CTCTAATAGTTCGCGCx,7
10X84_2:CTCTACGGTAACGACGx,4
10X84_2:CTCGTACGTGACGCCTx,7
10X84_2:CTCGTACTCACTATTCx,5
10X84_2:CTCGTCACAGGGTATGx,3
10X84_2:CTCGGAGTCAAACGGGx,5
10X84_2:CTCGGGACACGTGAGAx,4
10X84_2:CTCGTCAAGCCAGGATx,5
10X84_2:CTCGAGGAGGCACATGx,9
10X84_2:CTCGTACGTCTGGTCGx,3
10X84_2:CTCTACGCAGATTGCTx,7
10X84_2:CTCGTCACAGCTGTTAx,5
10X84_2:CTCGGAGTCCGTTGCTx,3
10X84_2:CTCTAATCATCTATGGx,6
10X84_2:CTCGTACAGGTACTCTx,8
10X84_2:CTCGTACGTATATGAGx,5
10X84_2:CTCGAGGAGAGTTGGCx,7
10X84_2:CTGAAGTCATCTGGTAx,4
10X84_2:CTGATAGCACTGAAGGx,7
10X84_2:CTGAAGTTCGCGATCGx,8
10X84_2:CTGATCCCAAACTGCTx,3
10X84_2:CTGATCCGTACTTGACx,6
10X84_2:CTGATCCGTAAGTTCCx,9
10X84_2:CTGAAACCATTATCTCx,6
10X84_2:CTGAAACTCCCAGGTGx,4
10X84_2:CTGATAGTCGCAGGCTx,3
10X84_2:CTGAAACAGTGTCCCGx,9
10X84_2:CTCTGGTTCAACGGCCx,5
10X84_2:CTGAAACCACCAGGTCx,3
10X84_2:CTGAAACAGCTCCCAGx,7
10X84_2:CTGAAGTGTAAGTAGTx,5
10X84_2:CTGAAACCAGCTGTGCx,5
10X84_2:CTGATCCTCGAACGGAx,5
10X84_2:CTCTACGGTCGCGTGTx,7
10X84_2:CTCTGGTTCACAACGTx,7
10X84_2:CTGAAGTTCCTATGTTx,5
10X84_2:CTGAAGTCAGTCAGCCx,5
10X84_2:CTGATCCCATGGTCATx,8
10X84_2:CTGCCTAAGCCGGTAAx,5
10X84_2:CTGAAACTCACTTACTx,3
10X84_2:CTGATCCTCTGATTCTx,3
10X84_2:CTGATAGTCAAGATCCx,5
10X84_2:CTGATCCAGCGCTTATx,8
10X84_2:CTCTGGTGTAACGCGAx,5
10X84_2:CTGATCCCATGTCGATx,3
10X84_2:CTGATAGGTGGTCTCGx,5
10X84_2:CTGATAGGTAGCAAATx,9
10X84_2:CTGAAACTCGAGCCCAx,4
10X84_2:CTGAAGTGTTATGCGTx,3
10X84_2:CTGAAGTGTTTCCACCx,9
10X84_2:CTCTGGTCAAGAAGAGx,5
10X84_2:CTGAAACGTAAATGTGx,5
10X84_2:CTGATCCAGGCCCGTTx,5
10X84_2:CTCTGGTGTAGTGAATx,3
10X84_2:CTGAAACGTCTAGAGGx,5
10X84_2:CTCTGGTAGATGCGACx,5
10X84_2:CTGATCCAGAATTCCCx,4
10X84_2:CTCTGGTGTACAGTGGx,4
10X84_2:CTGATCCGTGCAACTTx,4
10X84_2:CTGAAGTAGCGACGTAx,5
10X84_2:CTGAAACTCAATCACGx,8
10X84_2:CTGCGGACAGTTCATGx,8
10X84_2:CTGTGCTGTTAAGAACx,5
10X84_2:CTGCTGTCATATACCGx,5
10X84_2:CTGCTGTCATATACGCx,3
10X84_2:CTGGTCTTCATAACCGx,6
10X84_2:CTGGTCTAGGAGTTGCx,5
10X84_2:CTGTGCTCAATCTACGx,5
10X84_2:CTGTGCTCAGCTATTGx,3
10X84_2:CTGCCTACAGACACTTx,5
10X84_2:CTGTGCTGTTCGGGCTx,4
10X84_2:CTGTGCTTCCTTGGTCx,5
10X84_2:CTGCGGAAGCTAACTCx,5
10X84_2:CTGCTGTCAAACGTGGx,4
10X84_2:CTGCGGAAGAAGGCCTx,9
10X84_2:CTGCTGTAGACCCACCx,3
10X84_2:CTGCGGAGTGTCTGATx,3
10X84_2:CTGCGGACATACGCTAx,8
10X84_2:CTGCTGTTCCAGTATGx,5
10X84_2:CTGCTGTTCGTTTATCx,8
10X84_2:CTGTTTACATTAGCCAx,5
10X84_2:CTGCGGACACTGTCGGx,8
10X84_2:CTGCTGTGTACCGAGAx,9
10X84_2:CTGGTCTTCTGGAGCCx,7
10X84_2:CTGTTTACATACAGCTx,7
10X84_2:CTGTTTACACGGTAAGx,6
10X84_2:CTGCTGTCATCCTAGAx,3
10X84_2:CTGGTCTTCGAGCCCAx,5
10X84_2:CTGCGGAAGAGTCGGTx,8
10X84_2:CTGCCTATCCAACCAAx,3
10X84_2:CTGTTTAGTGTTCTTTx,3
10X84_2:CTGCCTAGTACTTAGCx,5
10X84_2:CTGTTTAAGTACATGAx,5
10X84_2:CTGTTTAGTCCGAAGAx,5
10X84_2:CTGCTGTTCGAGAACGx,9
10X84_2:CTGCGGATCAGCGATTx,9
10X84_2:CTGGTCTCACACCGCAx,5
10X84_2:CTGCTGTCAAGGACTGx,4
10X84_2:CTGCTGTCATGTCGATx,4
10X84_2:CTGCGGATCCATGAGTx,8
10X84_2:CTGCTGTGTCGTGGCTx,5
10X84_2:CTGCTGTTCGGCTTGGx,3
10X84_2:CTGTTTAAGCCTTGATx,7
10X84_2:CTGGTCTAGAGCTATAx,3
10X84_2:CTGGTCTGTTCGCTAAx,3
10X84_2:CTTAGGAGTTATCACGx,3
10X84_2:CTTACCGCAAAGTCAAx,5
10X84_2:CTTAACTTCCGAGCCAx,4
10X84_2:CTTGGCTCAGTGGAGTx,4
10X84_2:CTTAGGACAGGGTACAx,3
10X84_2:CTTTGCGCATCCTAGAx,5
10X84_2:CTTCTCTAGGCTAGCAx,9
10X84_2:CTTAGGAAGCTGTCTAx,5
10X84_2:CTTCTCTAGTCGTACTx,9
10X84_2:CTTAACTTCTTGGGTAx,3
10X84_2:CTTTGCGCAGACACTTx,4
10X84_2:CTTAGGAAGCGTTTACx,3
10X84_2:CTTAGGACAGCGTAAGx,9
10X84_2:CTTCTCTCAGGTGGATx,7
10X84_2:CTTACCGTCACCAGGCx,8
10X84_2:CTTAACTTCAGTCAGTx,6
10X84_2:CTTAGGAGTGTGTGCCx,4
10X84_2:CTTTGCGAGCTAAGATx,7
10X84_2:CTTCTCTGTCCATCCTx,4
10X84_2:CTTAGGAAGGAGCGAGx,4
10X84_2:CTTAACTCACGTCTCTx,9
10X84_2:CTTAGGACACTTACGAx,3
10X84_2:CTTGGCTGTCACCCAGx,5
10X84_2:CTTAGGAGTACCCAATx,4
10X84_2:CTTCTCTAGACCGGATx,5
10X84_2:CTTAGGACATTTGCCCx,7
10X84_2:CTTAACTGTAGGGACTx,3
10X84_2:GAAACTCAGCCGATTTx,4
10X84_2:CTTACCGCATAGGATAx,6
10X84_2:CTTAACTCAGACAGGTx,3
10X84_2:CTTAACTGTCTAGCCGx,5
10X84_2:GAAACTCAGACAGAGAx,3
10X84_2:CTTACCGAGTTTAGGAx,4
10X84_2:CTTGGCTAGTGCAAGCx,5
10X84_2:CTTACCGGTCCAAGTTx,5
10X84_2:CTTGGCTTCTCCGGTTx,5
10X84_2:CTTCTCTTCTGGAGCCx,5
10X84_2:CTTAGGAGTGGTGTAGx,5
10X84_2:CTTCTCTCAATAGCAAx,5
10X84_2:CTTGGCTCATGCAATCx,5
10X84_2:CTTAGGAAGACAAAGGx,5
10X84_2:CTTACCGGTAGAGGAAx,3
10X84_2:CTTCTCTTCCAATGGTx,5
10X84_2:GAACGGACAACACCCGx,6
10X84_2:GAAACTCTCTCAAGTGx,9
10X84_2:GAAGCAGCATCCGCGAx,5
10X84_2:GAACATCTCGGCGGTTx,3
10X84_2:GAACATCGTGTAATGAx,5
10X84_2:GAAATGACAATGTAAGx,4
10X84_2:GAAATGATCTGTCTATx,7
10X84_2:GAAATGACATACTACGx,5
10X84_2:GAAATGAAGCACCGTCx,3
10X84_2:GAAACTCCATTGGCGCx,5
10X84_2:GAATAAGTCTGGTTCCx,4
10X84_2:GAATAAGTCTTTAGTCx,5
10X84_2:GAACGGATCGTCGTTCx,4
10X84_2:GAAATGAAGTGGGCTAx,9
10X84_2:GAAGCAGTCGTCGTTCx,4
10X84_2:GAATAAGTCGTCTGCTx,4
10X84_2:GAAACTCAGCCTTGATx,5
10X84_2:GAATAAGGTTACCAGTx,8
10X84_2:GAACCTATCGTCACGGx,7
10X84_2:GAATAAGGTTGAACTCx,7
10X84_2:GAAATGATCGGCGCATx,3
10X84_2:GAACCTAAGCACCGCTx,3
10X84_2:GAACCTATCTCAAACGx,3
10X84_2:GAAACTCTCGCGTTTCx,9
10X84_2:GAACCTACATCTGGTAx,3
10X84_2:GAACATCCAGGAATGCx,6
10X84_2:GAACATCAGGAGCGTTx,4
10X84_2:GAACCTATCCGCAAGCx,4
10X84_2:GAAATGAAGATGCCTTx,5
10X84_2:GAACATCCATCCGCGAx,7
10X84_2:GAATGAAAGAGTAAGGx,5
10X84_2:GAAACTCGTCTCCCTAx,7
10X84_2:GAACGGACACGTCTCTx,4
10X84_2:GAACGGAGTCAGAAGCx,5
10X84_2:GAACGGATCCGAACGCx,3
10X84_2:GAAATGAGTATGGTTCx,9
10X84_2:GAAGCAGTCTAGAGTCx,3
10X84_2:GAACATCGTAAACCTCx,3
10X84_2:GAAACTCTCTAACTGGx,5
10X84_2:GAACGGAGTATAGTAGx,5
10X84_2:GAAGCAGTCATGGTCAx,9
10X84_2:GAACATCGTGGCAAACx,5
10X84_2:GAAGCAGCATGACATCx,3
10X84_2:GAAATGATCAGCGACCx,5
10X84_2:GAACCTAAGTAAGTACx,4
10X84_2:GAAATGACAGACTCGCx,8
10X84_2:GACCTGGGTCCCTACTx,4
10X84_2:GAATGAATCCAAGTACx,6
10X84_2:GACCTGGCAAATACAGx,3
10X84_2:GACACGCAGCCAGGATx,3
10X84_2:GAATGAACACCTTGTCx,3
10X84_2:GACCAATGTAGCTCCGx,3
10X84_2:GACGGCTAGGTGTGGTx,5
10X84_2:GACCTGGTCAGCTGGCx,7
10X84_2:GAATGAACATTGGCGCx,5
10X84_2:GACCAATCATGTCGATx,5
10X84_2:GACCAATAGAAGGTTTx,3
10X84_2:GACAGAGGTATTCTCTx,3
10X84_2:GACACGCAGGCCGAATx,5
10X84_2:GACCAATCAATCCAACx,5
10X84_2:GACACGCCAGCCTGTGx,3
10X84_2:GAATGAACATGTCTCCx,5
10X84_2:GACGCGTAGCGTAATAx,5
10X84_2:GACAGAGTCTTCGGTCx,3
10X84_2:GACCTGGCATGGTCATx,3
10X84_2:GACACGCAGACCCACCx,3
10X84_2:GACGCGTCATTGAGCTx,7
10X84_2:GACAGAGTCTGCTGCTx,7
10X84_2:GACCAATTCCACGACGx,4
10X84_2:GACAGAGGTGTCCTCTx,8
10X84_2:GACGGCTAGAGCCCAAx,4
10X84_2:GACGCGTCATGTCTCCx,5
10X84_2:GACACGCAGCCGCCTAx,5
10X84_2:GACCAATGTGTAAGTAx,8
10X84_2:GACCTGGGTCTCCATCx,3
10X84_2:GACCTGGCACTAAGTCx,3
10X84_2:GACCAATCAAAGGAAGx,5
10X84_2:GACCAATAGTCTTGCAx,5
10X84_2:GACAGAGAGGAGTTTAx,9
10X84_2:GAATGAAGTAGGACACx,5
10X84_2:GACAGAGCAGAGTGTGx,9
10X84_2:GACGCGTTCAGCTGGCx,8
10X84_2:GACCTGGGTCAGAATAx,7
10X84_2:GACGCGTAGTGCCATTx,8
10X84_2:GACAGAGAGCGCCTTGx,4
10X84_2:GAATGAATCAAAGACAx,4
10X84_2:GAATGAATCTCACATTx,5
10X84_2:GACACGCTCCGTAGTAx,5
10X84_2:GACGTGCGTCTGCGGTx,7
10X84_2:GACTGCGTCACGCATAx,5
10X84_2:GACGTTACATTGGGCCx,3
10X84_2:GACGGCTGTATGAAACx,5
10X84_2:GACGTGCTCAGAAATGx,3
10X84_2:GACTGCGAGCAACGGTx,3
10X84_2:GACTGCGAGACTAAGTx,6
10X84_2:GACTACACAGGACGTAx,6
10X84_2:GACTAACCAGTAAGATx,4
10X84_2:GACTGCGCAGCCTTGGx,3
10X84_2:GACTAACGTTCCATGAx,5
10X84_2:GACGTGCCAAGCCGTCx,5
10X84_2:GACTGCGGTGACGCCTx,3
10X84_2:GACTACAAGGGATCTGx,4
10X84_2:GACTACATCAGATAAGx,5
10X84_2:GACTAACAGAGCAATTx,5
10X84_2:GACGGCTTCAACGCTAx,4
10X84_2:GACTACAGTTGCGCACx,7
10X84_2:GACTGCGCATCGACGCx,4
10X84_2:GACGTGCTCATTGCGAx,4
10X84_2:GACGTGCTCACCATAGx,3
10X84_2:GACGGCTGTGTTCGATx,7
10X84_2:GACTGCGTCCCTCAGTx,4
10X84_2:GACTAACGTTTCCACCx,6
10X84_2:GACTACAGTGACGGTAx,5
10X84_2:GACGTGCAGTGTACTCx,6
10X84_2:GACTACAGTATTCGTGx,4
10X84_2:GACTAACCAGGCGATAx,3
10X84_2:GACGGCTGTCTTCTCGx,5
10X84_2:GACGTGCGTTGTGGAGx,3
10X84_2:GACGTTATCCTGTAGAx,3
10X84_2:GACGGCTCAGCTGTATx,3
10X84_2:GACGGCTCAATGCCATx,3
10X84_2:GACGTGCCATGTCTCCx,5
10X84_2:GACGTGCCAGCTCCGAx,4
10X84_2:GACGTTAAGACGCAACx,3
10X84_2:GAGCAGACACACAGAGx,5
10X84_2:GAGCAGAGTACATCCAx,7
10X84_2:GACTACAAGACTTTCGx,6
10X84_2:GACGTGCTCAGGCGAAx,4
10X84_2:GACGTTACAATGCCATx,8
10X84_2:GACGTTAGTTATGTGCx,7
10X84_2:GACGTGCTCTATCCTAx,9
10X84_2:GATCGATGTGCGCTTGx,5
10X84_2:GATCGATAGCTACCTAx,5
10X84_2:GATCGTAGTCCATGATx,3
10X84_2:GATCGATAGGACAGCTx,9
10X84_2:GATCGTAAGGCTCATTx,3
10X84_2:GATCGCGGTCTAGGTTx,5
10X84_2:GATCAGTCAGATGAGCx,7
10X84_2:GATCGCGAGGGCTTCCx,3
10X84_2:GATCGATGTCTAAAGAx,5
10X84_2:GATCGCGAGTGGTCCCx,3
10X84_2:GAGCAGATCTGCAAGTx,3
10X84_2:GATCAGTGTTCTGTTTx,8
10X84_2:GAGGTGACAAGCTGGAx,9
10X84_2:GAGTCCGCAGGTGCCTx,3
10X84_2:GAGGTGACATGCATGTx,3
10X84_2:GATCGCGTCTGATACGx,7
10X84_2:GATCGATCACCAGGTCx,5
10X84_2:GATCGCGAGATGTTAGx,9
10X84_2:GATCGATCATCAGTACx,3
10X84_2:GATCGCGGTACAGTGGx,8
10X84_2:GAGTCCGTCGCAGGCTx,3
10X84_2:GATCGTAAGAGTTGGCx,6
10X84_2:GAGGTGAGTTAAGACAx,5
10X84_2:GATCGATAGTAAGTACx,5
10X84_2:GATCGCGGTCTTCGTCx,5
10X84_2:GAGTCCGAGCGATCCCx,8
10X84_2:GAGTCCGTCGGCATCGx,5
10X84_2:GATCGTAAGGCAATTAx,7
10X84_2:GATCGATTCATGCATGx,7
10X84_2:GAGCAGATCGAGGTAGx,7
10X84_2:GATCGCGAGCCGCCTAx,3
10X84_2:GAGTCCGTCAGCTCTCx,3
10X84_2:GATCGCGGTACAGCAGx,3
10X84_2:GATCGCGTCACCTTATx,8
10X84_2:GATCTAGAGAGTACCGx,8
10X84_2:GATCGATGTAAAGGAGx,8
10X84_2:GAGGTGATCCGCATAAx,4
10X84_2:GATCGATGTCGACTATx,3
10X84_2:GAGGTGAGTGTAAGTAx,4
10X84_2:GAGCAGAGTTCGGCACx,3
10X84_2:GAGGTGAAGTCCATACx,5
10X84_2:GATCTAGAGCCCGAAAx,6
10X84_2:GATCAGTTCTCAACTTx,4
10X84_2:GATCGCGCAAGTCATCx,4
10X84_2:GCAAACTAGACAGACCx,3
10X84_2:GATGAGGCATTGCGGCx,7
10X84_2:GATTCAGTCACAATGCx,9
10X84_2:GCACATAAGATGCCAGx,3
10X84_2:GATGCTACATCGGTTAx,3
10X84_2:GATGAAAGTGTTCGATx,5
10X84_2:GATCTAGAGTGTTGAAx,4
10X84_2:GATTCAGAGCAAATCAx,9
10X84_2:GATTCAGGTCTCTTATx,5
10X84_2:GCAATCACAGGGTTAGx,3
10X84_2:GATCTAGCAGGACGTAx,5
10X84_2:GATGAGGAGGAATTACx,3
10X84_2:GCAATCATCTGGTTCCx,4
10X84_2:GATCTAGAGTCAAGCGx,6
10X84_2:GCAAACTAGTTGTAGAx,4
10X84_2:GATCTAGAGGGTGTTGx,8
10X84_2:GCAATCAAGATACACAx,7
10X84_2:GCAATCATCAGCTCGGx,3
10X84_2:GCAAACTAGGGTCTCCx,3
10X84_2:GATGAAAAGATACACAx,5
10X84_2:GATCTAGTCGTAGATCx,8
10X84_2:GATGAGGGTTCTGTTTx,9
10X84_2:GCAATCATCGTCTGCTx,3
10X84_2:GCAAACTGTCCTCTTGx,4
10X84_2:GATCTAGCAGGGTTAGx,7
10X84_2:GATTCAGGTCAGTGGAx,3
10X84_2:GATGAGGAGTTTAGGAx,9
10X84_2:GATCTAGTCACATGCAx,3
10X84_2:GATTCAGCATCTACGAx,7
10X84_2:GATGAAACATCACAACx,4
10X84_2:GATGCTATCTACGAGTx,3
10X84_2:GATGAAAAGTCAAGCGx,5
10X84_2:GCAAACTGTTGACGTTx,3
10X84_2:GCAAACTCATCTACGAx,3
10X84_2:GATGAAAAGCCGTCGTx,3
10X84_2:GATGAGGCATTAACCGx,7
10X84_2:GCAATCACAGGACCCTx,3
10X84_2:GATTCAGGTAGCTTGTx,3
10X84_2:GATGAGGAGCTCAACTx,5
10X84_2:GCAATCATCCCTCTTTx,9
10X84_2:GCACATACAAACGCGAx,5
10X84_2:GCAGCCAGTTGACGTTx,7
10X84_2:GCAGCCAGTGGTCCGTx,4
10X84_2:GCACTCTCAAGTTCTGx,3
10X84_2:GCAGCCATCTGGGCCAx,5
10X84_2:GCAGCCAAGCGTCAAGx,8
10X84_2:GCACTCTGTGTGGTTTx,8
10X84_2:GCACATAGTGCAGACAx,6
10X84_2:GCACATAAGTGAACGCx,7
10X84_2:GCATACAAGCACCGTCx,3
10X84_2:GCATGATAGAGACTATx,8
10X84_2:GCATACACAGCCTTTCx,3
10X84_2:GCATGATTCTACTTACx,5
10X84_2:GCAGTTATCTGAGTGTx,5
10X84_2:GCATGATTCGAATGGGx,7
10X84_2:GCAGTTACAAGAAAGGx,5
10X84_2:GCATACAAGTGGTCCCx,5
10X84_2:GCAGCCAGTTTGACACx,3
10X84_2:GCATGATAGCCCAGCTx,8
10X84_2:GCAGCCACATGCTGGCx,8
10X84_2:GCATACATCTTGTTTGx,5
10X84_2:GCATACAGTCGGCACTx,9
10X84_2:GCAGTTAGTCCTCCATx,6
10X84_2:GCATACAAGATCCTGTx,5
10X84_2:GCAGCCAAGCGTCTATx,5
10X84_2:GCACTCTAGTGTACGGx,5
10X84_2:GCACTCTAGGTGTGGTx,7
10X84_2:GCAGCCATCCGCAAGCx,3
10X84_2:GCATGATTCCAGGGCTx,7
10X84_2:GCACTCTGTGTGACCCx,6
10X84_2:GCATACATCCTATGTTx,7
10X84_2:GCAGCCAAGGGTCTCCx,4
10X84_2:GCACATAAGCCCAACCx,3
10X84_2:GCACTCTAGTTATCGCx,3
10X84_2:GCACATACATTTCAGGx,5
10X84_2:GCACTCTCATGCTGGCx,5
10X84_2:GCATACAAGCGCTTATx,3
10X84_2:GCACTCTTCCCATTTAx,5
10X84_2:GCAGCCATCAATCTCTx,5
10X84_2:GCACATAAGCACCGCTx,8
10X84_2:GCACATAGTAGCTCCGx,3
10X84_2:GCAGCCACACGTCAGCx,5
10X84_2:GCATGATGTAGGCATGx,3
10X84_2:GCAGTTACAATCCGATx,4
10X84_2:GCAGTTAGTTCGTTGAx,9
10X84_2:GCACTCTTCTTGTATCx,3
10X84_2:GCACATATCTTTAGTCx,9
10X84_2:GCATACACATGCCCGAx,9
10X84_2:GCCTCTATCAGAGCTTx,3
10X84_2:GCATGTACAGACAAATx,7
10X84_2:GCGAGAAGTTCCACGGx,5
10X84_2:GCGACCAGTGGACGATx,4
10X84_2:GCCAAATCAGCTCGCAx,7
10X84_2:GCCTCTAGTCCTGCTTx,3
10X84_2:GCATGTACATTACGACx,4
10X84_2:GCATGCGCACGACTCGx,4
10X84_2:GCATGCGGTAAGGATTx,5
10X84_2:GCGAGAAAGAAGGTGAx,3
10X84_2:GCATGTAGTGCGATAGx,5
10X84_2:GCATGTACATTCGACAx,8
10X84_2:GCATGTATCACGCATAx,5
10X84_2:GCCTCTAGTGAGCGATx,7
10X84_2:GCGAGAACACTTACGAx,6
10X84_2:GCATGTAGTCTCTCTGx,5
10X84_2:GCCTCTAGTACGAAATx,3
10X84_2:GCCTCTACACGAAACGx,5
10X84_2:GCATGTAAGTGACATAx,8
10X84_2:GCCAAATTCCAGGGCTx,4
10X84_2:GCCAAATAGCCAGTTTx,8
10X84_2:GCATGCGTCCAGAAGGx,5
10X84_2:GCGAGAAGTGTTTGGTx,5
10X84_2:GCGAGAACAGGATCGAx,5
10X84_2:GCGACCAGTTCACCTCx,5
10X84_2:GCATGCGCATTTCACTx,3
10X84_2:GCGAGAAAGATCACGGx,3
10X84_2:GCGAGAACATGTAAGAx,7
10X84_2:GCATGCGAGACTGTAAx,5
10X84_2:GCCAAATCATGCGCACx,9
10X84_2:GCCTCTAGTCTTGATGx,8
10X84_2:GCGAGAAAGATCCCGCx,8
10X84_2:GCATGTAAGATGCCAGx,7
10X84_2:GCGAGAATCTCCGGTTx,5
10X84_2:GCGAGAAAGTAGGTGCx,3
10X84_2:GCCTCTAAGATGCGACx,5
10X84_2:GCGAGAACATACCATGx,7
10X84_2:GCATGTAAGTAACCCTx,8
10X84_2:GCATGCGCATTGCGGCx,9
10X84_2:GCATGTATCTACTTACx,9
10X84_2:GCATGCGTCCCACTTGx,4
10X84_2:GCCAAATAGTGTACTCx,8
10X84_2:GCGCGATAGTTCGCATx,5
10X84_2:GCGGGTTGTCAATGTCx,7
10X84_2:GCGCCAAGTAAGTGTAx,9
10X84_2:GCGGGTTAGGGCACTAx,4
10X84_2:GCTCCTAAGGGTTTCTx,5
10X84_2:GCTCCTAGTCACCTAAx,4
10X84_2:GCTCTGTCACCTCGTTx,4
10X84_2:GCGCAACGTCTCATCCx,9
10X84_2:GCGCAGTTCACGATGTx,4
10X84_2:GCTCCTAAGGGTGTTGx,6
10X84_2:GCGCGATTCGGTTCGGx,3
10X84_2:GCGCGATGTGAAATCAx,3
10X84_2:GCGGGTTGTTCATGGTx,8
10X84_2:GCGCAGTAGATAGTCAx,5
10X84_2:GCGCGATCACCCATGGx,7
10X84_2:GCGCAACAGAGTCGGTx,5
10X84_2:GCTCCTACACCAGGCTx,9
10X84_2:GCGCAACAGTAGGTGCx,7
10X84_2:GCTCCTAGTCACCCAGx,7
10X84_2:GCGGGTTGTATATGGAx,3
10X84_2:GCGCAACGTAGTGAATx,5
10X84_2:GCTCCTAGTAGGAGTCx,3
10X84_2:GCGCAACGTAGCCTATx,3
10X84_2:GCGGGTTGTTGGTTTGx,3
10X84_2:GCGCGATCAGGGCATAx,3
10X84_2:GCGGGTTTCTGTCAAGx,9
10X84_2:GCGCCAAGTTCGCTAAx,7
10X84_2:GCGCCAACAGATCTGTx,3
10X84_2:GCGGGTTTCTGGGCCAx,4
10X84_2:GCGCAGTGTGCGAAACx,7
10X84_2:GCTCCTAGTCTCCCTAx,4
10X84_2:GCTCCTAGTGATGATAx,3
10X84_2:GCGCAGTCACGGCGTTx,8
10X84_2:GCTCCTACACGACTCGx,3
10X84_2:GCGCAACAGCCTTGATx,9
10X84_2:GCGGGTTAGTAGGTGCx,5
10X84_2:GCTGCAGCACGACGAAx,6
10X84_2:GCTGCTTCACAGACAGx,5
10X84_2:GCTGCAGTCGTAGGTTx,5
10X84_2:GCTGCGAGTCACAAGGx,5
10X84_2:GCTGCGAGTATAGGTAx,3
10X84_2:GCTGGGTTCCCAGGTGx,6
10X84_2:GCTGCTTCAAGTACCTx,3
10X84_2:GCTTCCACAGTTAACCx,3
10X84_2:GCTGCGAGTAGGCATGx,3
10X84_2:GCTGCTTGTAAGCACGx,4
10X84_2:GCTGGGTGTCATGCATx,7
10X84_2:GCTGCAGCAATGACCTx,5
10X84_2:GCTCTGTTCTGCAGTAx,5
10X84_2:GCTTCCAGTGGTCTCGx,3
10X84_2:GCTGCTTAGTTACGGGx,3
10X84_2:GCTGCGATCGCATGATx,5
10X84_2:GCTGCTTGTTGTGGCCx,7
10X84_2:GCTGCTTGTCCGTGACx,4
10X84_2:GCTTCCACACTTGGATx,3
10X84_2:GCTGCAGCATAGTAAGx,3
10X84_2:GCTTCCAGTAAGAGAGx,3
10X84_2:GCTGGGTAGAGTGACCx,3
10X84_2:GCTGCAGGTCGCATATx,9
10X84_2:GCTTCCATCGTGACATx,5
10X84_2:GCTGCTTTCGGCTACGx,4
10X84_2:GCTGCGAAGCGTCAAGx,3
10X84_2:GCTTGAAAGCCAGTAGx,3
10X84_2:GCTGGGTGTACCGAGAx,4
10X84_2:GCTTCCATCTGAGGGAx,5
10X84_2:GCTGCTTGTCCTCTTGx,3
10X84_2:GCTCTGTTCAGGTAAAx,7
10X84_2:GCTGCAGGTGTAATGAx,4
10X84_2:GCTCTGTCAGGGATTGx,5
10X84_2:GCTGCGACAGGCAGTAx,4
10X84_2:GCTGCAGTCATGGTCAx,9
10X84_2:GCTCTGTTCCTATTCAx,3
10X84_2:GCTTCCAAGTGACATAx,8
10X84_2:GCTGCTTAGCACCGCTx,3
10X84_2:GCTGCGACAATAGAGTx,3
10X84_2:GCTGCGATCTGCAAGTx,9
10X84_2:GCTCTGTTCATAGCACx,7
10X84_2:GGACAGAGTGTGCGTCx,8
10X84_2:GGACATTAGGCAATTAx,9
10X84_2:GGAATAATCCAAACACx,5
10X84_2:GCTTGAATCCATGAGTx,5
10X84_2:GGAACTTTCCTTTCGGx,8
10X84_2:GGACAGACAAGAGGCTx,8
10X84_2:GGAACTTAGGCTAGGTx,8
10X84_2:GCTTGAATCAGTTCGAx,3
10X84_2:GGAACTTAGATCGGGTx,9
10X84_2:GGACAGAAGGGAACGGx,9
10X84_2:GGAATAACAGGTCTCGx,5
10X84_2:GCTTGAATCCGTTGTCx,8
10X84_2:GGAATAACACGGTGTCx,4
10X84_2:GGAACTTTCATAACCGx,4
10X84_2:GGAATAATCTTTCCTCx,3
10X84_2:GGAAAGCTCATAGCACx,5
10X84_2:GCTTGAACAGGGTATGx,3
10X84_2:GCTTGAAGTCTCACCTx,4
10X84_2:GCTTGAAGTGGGTCAAx,3
10X84_2:GGAAAGCAGCTCCCAGx,3
10X84_2:GGACAGACAATTGCTGx,4
10X84_2:GGAACTTTCCTAGAACx,5
10X84_2:GGACAGACAATAAGCAx,3
10X84_2:GGAACTTAGACTAGATx,7
10X84_2:GGAACTTAGTACACCTx,3
10X84_2:GGAATAATCCTCTAGCx,5
10X84_2:GGACAGAAGCTCCCAGx,3
10X84_2:GGAACTTAGAACTGTAx,4
10X84_2:GGACAAGTCAACGGGAx,4
10X84_2:GGACATTCAATGTTGCx,8
10X84_2:GGAACTTGTCTCAACAx,5
10X84_2:GGAATAAGTTAAGACAx,4
10X84_2:GCTTGAATCTACCAGAx,4
10X84_2:GGAATAAAGCCCAACCx,9
10X84_2:GGAATAATCGTCCGTTx,5
10X84_2:GGAAAGCCACTGCCAGx,4
10X84_2:GGAATAACATTCCTCGx,7
10X84_2:GGAAAGCGTAACGACGx,5
10X84_2:GCTTGAACACATAACCx,6
10X84_2:GGAACTTAGCGAAGGGx,3
10X84_2:GGAACTTTCGCCTGAGx,5
10X84_2:GGAAAGCTCGCGGATCx,7
10X84_2:GGAATAATCAACGCTAx,3
10X84_2:GGAGCAAAGTACGATAx,3
10X84_2:GGCCGATCAGATCGGAx,5
10X84_2:GGATGTTGTATAATGGx,9
10X84_2:GGCAATTGTTATCCGAx,3
10X84_2:GGATGTTTCTGCGTAAx,3
10X84_2:GGACGTCTCAGTTCGAx,3
10X84_2:GGAGCAAAGCAAATCAx,3
10X84_2:GGACATTTCGACCAGCx,9
10X84_2:GGCAATTAGCCTCGTGx,5
10X84_2:GGACGTCCACATCCAAx,5
10X84_2:GGCCGATAGACTAGATx,8
10X84_2:GGCCGATAGCGAGAAAx,9
10X84_2:GGACGTCAGGTGGGTTx,5
10X84_2:GGCAATTGTCTCGTTCx,3
10X84_2:GGATGTTAGTACGCCCx,4
10X84_2:GGACGTCGTCCCTTGTx,3
10X84_2:GGACATTGTACTTCTTx,5
10X84_2:GGCAATTAGTACGTAAx,5
10X84_2:GGCCGATAGCTTTGGTx,6
10X84_2:GGAGCAATCGCCAAATx,5
10X84_2:GGCCGATGTGGAAAGAx,9
10X84_2:GGCAATTCAAGTTCTGx,9
10X84_2:GGAGCAAAGTGTACCTx,4
10X84_2:GGACGTCTCCCTAACCx,5
10X84_2:GGACGTCCACATGACTx,4
10X84_2:GGATTACAGCGTTCCGx,9
10X84_2:GGAGCAATCGGTGTCGx,3
10X84_2:GGCCGATGTGTAATGAx,7
10X84_2:GGACGTCGTGCCTGGTx,3
10X84_2:GGACGTCGTGCGATAGx,8
10X84_2:GGATGTTTCCCTGACTx,8
10X84_2:GGCAATTTCTTGACGAx,9
10X84_2:GGCCGATCAAAGGCGTx,5
10X84_2:GGAGCAAAGCTGCCCAx,5
10X84_2:GGACGTCGTGTGACCCx,3
10X84_2:GGATGTTCAGCTTAACx,3
10X84_2:GGAGCAAAGGCTCATTx,3
10X84_2:GGAGCAACAAAGAATCx,8
10X84_2:GGCAATTGTATAGGGCx,5
10X84_2:GGACATTCATGACATCx,3
10X84_2:GGATGTTTCACGACTAx,4
10X84_2:GGACGTCCAGGCGATAx,3
10X84_2:GGCGACTAGGAGTAGAx,3
10X84_2:GGGAGATCACCAACCGx,5
10X84_2:GGGAGATCAGCGAACAx,7
10X84_2:GGGAGATGTGCCTGTGx,3
10X84_2:GGGAGATCATAGGATAx,5
10X84_2:GGCTCGATCCCTCTTTx,3
10X84_2:GGGAGATAGAACAATCx,9
10X84_2:GGCCGATGTTACAGAAx,5
10X84_2:GGCTGGTGTAAGGGAAx,7
10X84_2:GGGAATGTCCGCGTTTx,3
10X84_2:GGGAATGCAAGTCTACx,5
10X84_2:GGCTCGAAGCTCCTCTx,7
10X84_2:GGCTGGTTCGGTCTAAx,5
10X84_2:GGCGTGTCAGCAGTTTx,3
10X84_2:GGCCGATTCGGCTACGx,7
10X84_2:GGGAATGAGTTAGGTAx,7
10X84_2:GGCGACTGTCTAAACCx,5
10X84_2:GGGAGATTCGGTTCGGx,4
10X84_2:GGGAATGGTTACGTCAx,5
10X84_2:GGGACCTTCCTTGACCx,5
10X84_2:GGGAATGGTCTAACGTx,8
10X84_2:GGCTCGATCTCGCTTGx,5
10X84_2:GGGAATGCATGGAATAx,5
10X84_2:GGCGTGTGTCTGCCAGx,3
10X84_2:GGGACCTCAGACGCCTx,3
10X84_2:GGGACCTGTAGTACCTx,3
10X84_2:GGCTGGTAGAATGTGTx,4
10X84_2:GGGAATGGTTAAAGACx,9
10X84_2:GGGATGACATGTTCCCx,3
10X84_2:GGCTGGTAGTGGAGAAx,3
10X84_2:GGCGTGTCAGCCTGTGx,9
10X84_2:GGGAATGAGTGGAGAAx,9
10X84_2:GGCGACTCACGCTTTCx,4
10X84_2:GGGACCTCAACTTGACx,3
10X84_2:GGCTGGTGTCCCTACTx,3
10X84_2:GGCGACTTCAAGATCCx,3
10X84_2:GGGACCTAGACTTTCGx,3
10X84_2:GGGACCTTCTGACCTCx,5
10X84_2:GGGCACTTCACGAAGGx,8
10X84_2:GGGCACTGTAAGCACGx,7
10X84_2:GGGCATCGTATGAAACx,6
10X84_2:GGTGAAGTCTAACTTCx,6
10X84_2:GGGCATCCACCAGTTAx,5
10X84_2:GGGTTGCCATATACGCx,7
10X84_2:GGTGAAGCAGTTAACCx,3
10X84_2:GGTATTGTCATCTGCCx,5
10X84_2:GGGTCTGCAAGTCTGTx,7
10X84_2:GGGCACTTCGTTACAGx,3
10X84_2:GGGTCTGAGTGTCCCGx,3
10X84_2:GGGCACTCAAGTAGTAx,9
10X84_2:GGTGAAGAGTAGCCGAx,5
10X84_2:GGGCATCGTCCATGATx,5
10X84_2:GGTGAAGAGCCACGCTx,7
10X84_2:GGTGCGTTCACAGGCCx,8
10X84_2:GGGTCTGGTCTGGAGAx,3
10X84_2:GGTGAAGCAAGTAATGx,4
10X84_2:GGTATTGCAGTAACGGx,9
10X84_2:GGGTCTGAGTACGATAx,5
10X84_2:GGGATGAGTTCCACTCx,7
10X84_2:GGTGCGTTCACTTCATx,3
10X84_2:GGTGCGTCAGGCTGAAx,5
10X84_2:GGGTTGCAGTGGTCCCx,7
10X84_2:GGTGCGTAGAGAACAGx,4
10X84_2:GGGTTGCTCTTGAGACx,5
10X84_2:GGGCACTGTTGTCGCGx,5
10X84_2:GGTATTGAGGCCGAATx,9
10X84_2:GGTGCGTGTAGCGATGx,9
10X84_2:GGGATGAGTGTCTGATx,5
10X84_2:GGTATTGGTTCCATGAx,5
10X84_2:GGGATGATCAATAAGGx,7
10X84_2:GGGCACTTCGGTCTAAx,7
10X84_2:GGGTCTGAGCGTGAGTx,3
10X84_2:GGGTTGCAGCAGACTGx,3
10X84_2:GGGTCTGCAGATCCATx,3
10X84_2:GGTATTGGTCTTCTCGx,4
10X84_2:GGTATTGGTACATCCAx,9
10X84_2:GGGCACTAGGCCCTCAx,9
10X84_2:GGTGCGTGTATAGGTAx,3
10X84_2:GGGCATCCAAGCCGCTx,4
10X84_2:GTACTCCGTTAGGGTGx,3
10X84_2:GTAGGCCTCTTCAACTx,3
10X84_2:GTACTCCCATAACCTGx,8
10X84_2:GGTGTTAGTATCTGCAx,8
10X84_2:GTAGGCCGTCGGGTCTx,9
10X84_2:GTAGGCCAGCGCCTTGx,5
10X84_2:GGTGTTAGTGCAACGAx,8
10X84_2:GTACGTAAGTGGTAATx,4
10X84_2:GTACTCCGTAGTAGTAx,5
10X84_2:GTAACGTCATCCTAGAx,5
10X84_2:GTACGTATCCAAGCCGx,3
10X84_2:GTACGTACACCAGGTCx,8
10X84_2:GTACTCCGTGAAAGAGx,4
10X84_2:GTACTCCTCGGTGTCGx,5
10X84_2:GTACGTAGTTGGTGGAx,9
10X84_2:GGTGTTATCCTGCTTGx,8
10X84_2:GTAGGCCCATGGTCATx,5
10X84_2:GTACGTAAGTTTGCGTx,3
10X84_2:GTAACGTTCGCTTGTCx,8
10X84_2:GGTGTTAGTAGCTTGTx,4
10X84_2:GTACGTAGTAAACGCGx,7
10X84_2:GTACTTTAGAGGTACCx,3
10X84_2:GTAACGTAGCCTTGATx,3
10X84_2:GTACTCCAGTGACATAx,7
10X84_2:GTACTTTAGCGAGAAAx,4
10X84_2:GGTGTTAGTTACGCGCx,8
10X84_2:GGTGTTACATGACGGAx,4
10X84_2:GTACTTTCATGAAGTAx,5
10X84_2:GTAACGTGTTATCACGx,8
10X84_2:GTAGGCCAGTGAACGCx,7
10X84_2:GTACTTTCATAGTAAGx,8
10X84_2:GTACGTAGTACCGTATx,8
10X84_2:GTACGTACAAAGCGGTx,5
10X84_2:GGTGTTAGTCGGCACTx,5
10X84_2:GTACGTACATTGTGCAx,3
10X84_2:GGTGTTAAGTTGTCGTx,3
10X84_2:GTACTCCTCTTACCGCx,4
10X84_2:GTACTCCCAAAGGTGCx,5
10X84_2:GTACTTTCATGCCTAAx,5
10X84_2:GGTGTTACAGATGGCAx,3
10X84_2:GTAACGTCACTCTGTCx,3
10X84_2:GTACTTTAGTATGACAx,3
10X84_2:GGTGTTATCCACTGGGx,5
10X84_2:GTAGGCCCAATGACCTx,4
10X84_2:GTATCTTTCGGTTAACx,8
10X84_2:GTCACGGCACTGTTAGx,5
10X84_2:GTAGTCATCCAAACACx,3
10X84_2:GTCACAAGTGGTCCGTx,5
10X84_2:GTCAAGTAGAAACGCCx,5
10X84_2:GTATCTTGTTCCCTTGx,3
10X84_2:GTAGTCAGTCGAGATGx,4
10X84_2:GTATCTTAGATAGGAGx,6
10X84_2:GTCACAAGTGATGTCTx,3
10X84_2:GTCAAGTAGACTAGGCx,4
10X84_2:GTATCTTGTGCAACTTx,8
10X84_2:GTATTCTCAGCCTATAx,6
10X84_2:GTATCTTAGGAACTGCx,7
10X84_2:GTCACGGCAGATGAGCx,3
10X84_2:GTAGTCAGTCCGTTAAx,6
10X84_2:GTCACGGTCAAAGACAx,7
10X84_2:GTAGTCAAGGATGCGTx,3
10X84_2:GTAGTCAGTAATAGCAx,4
10X84_2:GTATTCTTCCCACTTGx,7
10X84_2:GTAGTCAAGCCAGTAGx,3
10X84_2:GTATTCTAGCCCAATTx,5
10X84_2:GTCACGGAGTACGCCCx,3
10X84_2:GTCAAGTGTAGGGTACx,3
10X84_2:GTCAAGTAGCTAAGATx,4
10X84_2:GTATCTTTCCAACCAAx,5
10X84_2:GTCAAGTTCTATCCCGx,3
10X84_2:GTAGTCAGTAAATGACx,7
10X84_2:GTCACAAGTCTCTCTGx,5
10X84_2:GTATTCTGTCACAAGGx,5
10X84_2:GTATTCTTCCAAAGTCx,4
10X84_2:GTATTCTCATCGGTTAx,9
10X84_2:GTATCTTTCGGAATCTx,3
10X84_2:GTATTCTTCTCGATGAx,5
10X84_2:GTATTCTGTTCCGTCTx,3
10X84_2:GTATTCTTCGATAGAAx,8
10X84_2:GTCAAGTGTTCCGTCTx,3
10X84_2:GTATCTTTCCAGATCAx,5
10X84_2:GTCACAAGTCCAGTTAx,5
10X84_2:GTCACGGGTGTCCTCTx,5
10X84_2:GTATCTTCACCTCGGAx,8
10X84_2:GTCAAGTAGGTGCTTTx,8
10X84_2:GTCACAATCGCCCTTAx,9
10X84_2:GTCAAGTCAGCCACCAx,5
10X84_2:GTCAAGTTCATGCAACx,5
10X84_2:GTCCTCATCGGAATCTx,6
10X84_2:GTCTTCGTCCGCGCAAx,9
10X84_2:GTCGGGTCAAGTTGTCx,5
10X84_2:GTCACGGTCTACTATCx,5
10X84_2:GTCGTAAAGGACGAAAx,7
10X84_2:GTGAAGGAGTACCGGAx,4
10X84_2:GTGAAGGAGAATGTGTx,9
10X84_2:GTGAAGGAGGTGGGTTx,4
10X84_2:GTCTTCGCACGTAAGGx,8
10X84_2:GTCATTTTCGAATGCTx,8
10X84_2:GTCTCGTCAAATCCGTx,5
10X84_2:GTCTCGTTCATCGCTCx,4
10X84_2:GTCCTCAAGCCAGAACx,4
10X84_2:GTCTCGTAGGACTGGTx,5
10X84_2:GTCATTTTCCACGTGGx,7
10X84_2:GTCCTCACAGGGTATGx,6
10X84_2:GTCCTCATCGCCAAATx,5
10X84_2:GTCGTAAGTGGTCTCGx,3
10X84_2:GTCCTCATCGGATGGAx,9
10X84_2:GTGAAGGAGAGTCGGTx,3
10X84_2:GTCGTAAGTGAGGCTAx,3
10X84_2:GTCTCGTTCCGGCACAx,9
10X84_2:GTCTCGTGTGCGCTTGx,7
10X84_2:GTCGGGTGTCTAGCCGx,5
10X84_2:GTCGGGTGTTATCCGAx,4
10X84_2:GTCTCGTTCGCATGATx,7
10X84_2:GTCTTCGAGCGAAGGGx,9
10X84_2:GTCGGGTTCTTGTATCx,5
10X84_2:GTCGGGTTCTGTCTCGx,5
10X84_2:GTCTTCGAGATAGCATx,7
10X84_2:GTCCTCAAGTTACGGGx,6
10X84_2:GTCATTTTCACCAGGCx,5
10X84_2:GTCTCGTCAAAGTCAAx,4
10X84_2:GTCGTAAGTCTACCTCx,4
10X84_2:GTGAAGGAGATAGTCAx,9
10X84_2:GTCTTCGGTCGATTGTx,5
10X84_2:GTCTTCGTCCACGCAGx,5
10X84_2:GTCCTCACATTATCTCx,5
10X84_2:GTCGTAACAATGACCTx,3
10X84_2:GTCGTAACAGTCGATTx,5
10X84_2:GTCTCGTAGAGTCTGGx,7
10X84_2:GTCTTCGCACCTGGTGx,3
10X84_2:GTCGTAAGTCATGCATx,5
10X84_2:GTCATTTCACGGTAGAx,7
10X84_2:GTCTCGTGTTTCGCTCx,8
10X84_2:GTCGTAACATGTAAGAx,6
10X84_2:GTCGTAAGTCTAAACCx,3
10X84_2:GTCGTAACATCCGGGTx,5
10X84_2:GTCATTTCAGCTATTGx,8
10X84_2:GTCACGGTCACTCTTAx,3
10X84_2:GTCTCGTTCCAGGGCTx,4
10X84_2:GTCACGGTCAACACCAx,3
10X84_2:GTCGGGTGTTTACTCTx,4
10X84_2:GTCTCGTGTATCAGTCx,9
10X84_2:GTCTCGTTCCATGAACx,5
10X84_2:GTCTTCGGTGCCTTGGx,9
10X84_2:GTGCTTCAGATTACCCx,3
10X84_2:GTGCATAAGGAGTAGAx,7
10X84_2:GTGAAGGTCATGCATGx,5
10X84_2:GTGCATAAGTAGCCGAx,5
10X84_2:GTGGGTCCAGCTGCTGx,5
10X84_2:GTGCGGTCAGTCTTCCx,5
10X84_2:GTGAAGGCATTATCTCx,7
10X84_2:GTGTGCGAGCAGGTCAx,6
10X84_2:GTGCGGTTCTCTTATGx,5
10X84_2:GTGCGGTAGGTGCAACx,7
10X84_2:GTGTGCGCAGGATTGGx,5
10X84_2:GTGTGCGAGACGACGTx,7
10X84_2:GTGCTTCAGTGCGATGx,3
10X84_2:GTGCAGCAGCTCTCGGx,5
10X84_2:GTGCATAAGCAGATCGx,5
10X84_2:GTGCATATCGGAGCAAx,4
10X84_2:GTGCAGCAGTACGTTCx,3
10X84_2:GTGCTTCCACTGTTAGx,5
10X84_2:GTGCAGCAGCTAACTCx,5
10X84_2:GTGCTTCAGCTGGAACx,7
10X84_2:GTGTGCGAGTCCATACx,9
10X84_2:GTGCTTCTCGGTGTCGx,9
10X84_2:GTGCATATCACCGTAAx,5
10X84_2:GTGAAGGAGTGTGGCAx,4
10X84_2:GTGCTTCTCTGCTGTCx,4
10X84_2:GTGGGTCGTCATGCATx,3
10X84_2:GTGAAGGCATTCCTCGx,7
10X84_2:GTGCGGTTCACTATTCx,9
10X84_2:GTGCGGTAGACCTAGGx,7
10X84_2:GTGGGTCAGACACGACx,5
10X84_2:GTGCTTCGTTTAGGAAx,6
10X84_2:GTGCGGTGTACACCGCx,3
10X84_2:GTGAAGGGTTCCACTCx,7
10X84_2:GTGAAGGCACCTCGTTx,5
10X84_2:GTGCTTCGTATCTGCAx,9
10X84_2:GTGTGCGAGTGGGATCx,5
10X84_2:GTGGGTCCATGTAGTCx,6
10X84_2:GTGCGGTAGCAACGGTx,5
10X84_2:GTGGGTCCATGACATCx,3
10X84_2:GTGTGCGAGACGCTTTx,4
10X84_2:GTGCATATCTGCCCTAx,5
10X84_2:GTGTGCGGTCCAGTGCx,7
10X84_2:GTGTGCGGTCCGTTAAx,5
10X84_2:GTTCATTTCCTTGACCx,4
10X84_2:GTGTGCGGTGTAAGTAx,8
10X84_2:GTTAAGCCATCGGGTCx,4
10X84_2:GTTACAGGTAGAAGGAx,3
10X84_2:GTGTGCGTCCTACAGAx,4
10X84_2:GTTCGGGGTCCGAACCx,4
10X84_2:GTTAAGCTCCGCAGTGx,5
10X84_2:GTTCATTGTCCAGTTAx,5
10X84_2:GTTCGGGAGATGTTAGx,5
10X84_2:GTTACAGTCTCAAGTGx,8
10X84_2:GTTAAGCAGTTGAGTAx,5
10X84_2:GTTCGGGAGATATGCAx,7
10X84_2:GTTACAGGTTTGACACx,5
10X84_2:GTTAAGCAGTCAAGGCx,9
10X84_2:GTTCTCGCAGGTCTCGx,5
10X84_2:GTGTTAGAGACTTTCGx,5
10X84_2:GTTCATTGTCGGCTCAx,5
10X84_2:GTTCATTGTGAGGGAGx,3
10X84_2:GTTCGGGTCGGAATCTx,3
10X84_2:GTTCATTAGATCCCGCx,5
10X84_2:GTTCTCGAGAGTAAGGx,8
10X84_2:GTTCGGGCACGGTAAGx,7
10X84_2:GTGTGCGTCTTTCCTCx,9
10X84_2:GTTACAGCAGGATCGAx,3
10X84_2:GTTCTCGCATTTCACTx,4
10X84_2:GTGTTAGAGCTGAAATx,3
10X84_2:GTGTTAGTCATGTGGTx,8
10X84_2:GTTCGGGTCTGATACGx,3
10X84_2:GTTTCTAGTCTACCTCx,3
10X84_2:GTTCATTAGTAGGCCAx,5
10X84_2:GTTCGGGTCATCATTCx,6
10X84_2:GTTTCTAAGTCGTTTGx,4
10X84_2:GTTCTCGAGTGAACGCx,3
10X84_2:GTTCATTGTCCGAATTx,5
10X84_2:GTGTTAGGTCATATCGx,5
10X84_2:GTTCTCGTCCGCGCAAx,3
10X84_2:GTGTGCGTCTTAACCTx,4
10X84_2:GTTACAGGTAAACGCGx,5
10X84_2:GTTCATTGTTACGACTx,9
10X84_2:TACCTTAGTACAAGTAx,3
10X84_2:TACACGATCTGGCGACx,8
10X84_2:TAAGAGAAGTCAAGGCx,5
10X84_2:TACCTTACAAATACAGx,5
10X84_2:TACCTTAAGGACGAAAx,8
10X84_2:TACACGAAGGATCGCAx,3
10X84_2:TAAACCGGTTCCCTTGx,4
10X84_2:TAAACCGGTAGGGACTx,4
10X84_2:TACAGTGAGGTGATTAx,5
10X84_2:TACCTATCACTTGGATx,3
10X84_2:TAAACCGGTGGTGTAGx,3
10X84_2:TACCTTAAGTGAACGCx,5
10X84_2:TACCTTACAATCACACx,7
10X84_2:TAAGTGCTCAGCTGGCx,7
10X84_2:TACAGTGGTCGCATCGx,8
10X84_2:TACACGACATCATCCCx,3
10X84_2:TAAGAGACAGCTGTTAx,8
10X84_2:TAAGTGCAGTGGGTTGx,7
10X84_2:TAAACCGCAGGAATGCx,9
10X84_2:TAAACCGTCGGCTACGx,5
10X84_2:TACAGTGAGACAGGCTx,5
10X84_2:TAAGTGCGTCTCACCTx,3
10X84_2:TACCTTAAGGTGATATx,5
10X84_2:TACCTATTCCCACTTGx,7
10X84_2:TAAACCGAGGCATTGGx,3
10X84_2:TACCTATCAGGGTACAx,7
10X84_2:TAAGAGAGTGCCTGTGx,9
10X84_2:TACAGTGGTTATCGGTx,7
10X84_2:GTTTCTATCTAAGCCAx,3
10X84_2:TACACGAGTCTCTCTGx,7
10X84_2:GTTTCTATCTGATACGx,5
10X84_2:TACACGATCACAATGCx,4
10X84_2:TAAGTGCAGCTGAACGx,3
10X84_2:TACAGTGCAGTGAGTGx,8
10X84_2:TACCTATTCATTCACTx,3
10X84_2:TAAGCGTCACGACGAAx,3
10X84_2:TACGGATAGTGAATTGx,6
10X84_2:TACGGTAAGGTGATTAx,8
10X84_2:TACGGTACAGTTTACGx,9
10X84_2:TACGGTACAAAGGTGCx,8
10X84_2:TACGGTACAGTCAGCCx,9
10X84_2:TACTCATAGAAACCGCx,7
10X84_2:TACGGATAGATCGGGTx,8
10X84_2:TACGGATGTGTTGAGGx,7
10X84_2:TACGGATTCTCAACTTx,5
10X84_2:TACTTACCAACTTGACx,3
10X84_2:TACTTGTCAGACAAATx,3
10X84_2:TACTCATCACTTCTGCx,7
10X84_2:TACTCATCATCCTTGCx,9
10X84_2:TACGGTACAATCGGTTx,5
10X84_2:TACTTGTCATGTCTCCx,8
10X84_2:TACGGATCAAGTTCTGx,3
10X84_2:TACGGTAGTATATCCGx,5
10X84_2:TACGGTAGTAAGAGAGx,5
10X84_2:TACTTACTCAACGAAAx,3
10X84_2:TACTCGCAGATATGCAx,3
10X84_2:TACTCATAGGGTGTTGx,4
10X84_2:TACTCATCAAGCCTATx,3
10X84_2:TACGGTAAGCCGGTAAx,5
10X84_2:TACGGATAGACTGTAAx,5
10X84_2:TACGGGCGTCCGACGTx,6
10X84_2:TACTCATCACGCGAAAx,5
10X84_2:TACTTACCACATGACTx,3
10X84_2:TACGGGCTCATAAAGGx,9
10X84_2:TACGGATCATAGGATAx,9
10X84_2:TACTCGCAGTACGTAAx,8
10X84_2:TACCTTATCTCAACTTx,5
10X84_2:TACTTACTCACATACGx,7
10X84_2:TACTTGTAGTAGCCGAx,7
10X84_2:TACGGATAGCAATATGx,5
10X84_2:TACTTGTAGGCTCTTAx,5
10X84_2:TACTCATAGTACTTGCx,4
10X84_2:TACTTACTCTGTTTGTx,7
10X84_2:TACGGTATCAACACTGx,4
10X84_2:TACGGATTCCACTCCAx,5
10X84_2:TACGGATTCAAACAAGx,4
10X84_2:TACTCGCCATCCGCGAx,7
10X84_2:TACTTACAGCCAGAACx,3
10X84_2:TACGGGCCACATCTTTx,7
10X84_2:TACGGATTCTGGTATGx,5
10X84_2:TACTTACCAGGACGTAx,3
10X84_2:TACTTACAGATAGCATx,5
10X84_2:TACGGATGTTAAAGTGx,5
10X84_2:TACGGATAGAGCTGGTx,5
10X84_2:TACTTGTAGAGTGACCx,9
10X84_2:TAGGCATCACTCTGTCx,5
10X84_2:TAGACCACATATGGTCx,5
10X84_2:TAGTTGGTCGCACTCTx,8
10X84_2:TATCAGGAGAGGTACCx,3
10X84_2:TAGAGCTGTATAGTAGx,5
10X84_2:TAGAGCTAGCGTCAAGx,5
10X84_2:TACTTGTGTTATGCGTx,3
10X84_2:TAGCCGGTCCTTCAATx,7
10X84_2:TAGCCGGAGGGTTTCTx,8
10X84_2:TAGAGCTAGGTGCTAGx,5
10X84_2:TAGTGGTGTGAGTATAx,5
10X84_2:TAGAGCTAGTCCGTATx,5
10X84_2:TAGTTGGCACCAACCGx,3
10X84_2:TAGGCATTCAGCACATx,5
10X84_2:TAGCCGGTCGTTGCCTx,5
10X84_2:TAGCCGGCACGCTTTCx,9
10X84_2:TAGACCATCCAAAGTCx,5
10X84_2:TAGTTGGCAAACGCGAx,3
10X84_2:TAGTGGTAGTGTCTCAx,5
10X84_2:TAGTTGGTCCATTCTAx,3
10X84_2:TAGAGCTAGATCTGAAx,7
10X84_2:TAGTGGTAGCGATGACx,7
10X84_2:TAGTGGTGTTAAAGACx,9
10X84_2:TAGAGCTTCCTCTAGCx,9
10X84_2:TAGGCATGTGGCGAATx,4
10X84_2:TATCAGGAGCCATCGCx,5
10X84_2:TAGACCAGTCCTCTTGx,7
10X84_2:TAGGCATTCCGAGCCAx,7
10X84_2:TAGACCACATCCTAGAx,3
10X84_2:TAGTTGGCACTTGGATx,3
10X84_2:TAGACCATCTTCTGGCx,4
10X84_2:TAGTGGTAGTCCTCCTx,5
10X84_2:TAGGCATCAATCCAACx,4
10X84_2:TAGGCATTCCACTGGGx,3
10X84_2:TAGTGGTCAGGCGATAx,7
10X84_2:TATCTCAAGCGTAATAx,5
10X84_2:TATTACCCACCTATCCx,7
10X84_2:TCAACGATCAGCCTAAx,7
10X84_2:TATCAGGCAACCGCCAx,5
10X84_2:TCACAAGCACACTGCGx,7
10X84_2:TATCTCACACAAGTAAx,3
10X84_2:TCACAAGAGCGATCCCx,3
10X84_2:TATGCCCAGTTCGATCx,5
10X84_2:TCAACGAGTCCTCCATx,5
10X84_2:TCAATCTTCCGGGTGTx,5
10X84_2:TATCTCATCGTTACAGx,3
10X84_2:TATCTCAGTGATGTCTx,3
10X84_2:TATCAGGTCTTTAGGGx,3
10X84_2:TATCAGGCAGTAGAGCx,7
10X84_2:TCAACGAGTATTCGTGx,5
10X84_2:TATCTCAAGGATGTATx,8
10X84_2:TCACAAGCACATCCGGx,3
10X84_2:TCAACGACAGTTTACGx,7
10X84_2:TATGCCCCAGCTGCACx,4
10X84_2:TATTACCGTTGTCGCGx,8
10X84_2:TATTACCCATTGGGCCx,9
10X84_2:TCAACGACAGCCTTTCx,6
10X84_2:TATCTCAAGCCACGTCx,4
10X84_2:TATGCCCAGTGTTTGCx,4
10X84_2:TATGCCCCATTGCGGCx,8
10X84_2:TCAACGAGTGGTCCGTx,6
10X84_2:TATGCCCAGCCAGTAGx,3
10X84_2:TATGCCCGTGCAGGTAx,3
10X84_2:TATCAGGCATAGACTCx,8
10X84_2:TATGCCCTCATCGATGx,6
10X84_2:TCACAAGAGGGATCTGx,9
10X84_2:TCACAAGAGAACAACTx,7
10X84_2:TATGCCCTCCATGCTCx,5
10X84_2:TATCTCAAGCTGAACGx,3
10X84_2:TATGCCCTCAGTGTTGx,3
10X84_2:TCAACGACAACAACCTx,5
10X84_2:TATGCCCCACAGATTCx,5
10X84_2:TATCAGGGTTAAGAACx,3
10X84_2:TATGCCCAGAGTACATx,3
10X84_2:TCAATCTGTTTAGGAAx,9
10X84_2:TATGCCCCATGTCGATx,3
10X84_2:TATCAGGCACCTTGTCx,8
10X84_2:TATCTCACACCGGAAAx,3
10X84_2:TATGCCCCATACTACGx,9
10X84_2:TATCTCAGTACTTGACx,8
10X84_2:TCAATCTAGACTAGATx,5
10X84_2:TATGCCCTCCGTAGGCx,7
10X84_2:TCAATCTTCACAATGCx,4
10X84_2:TATCTCACAGCTGGCTx,3
10X84_2:TATGCCCCACCCAGTGx,4
10X84_2:TATGCCCTCACATACGx,7
10X84_2:TATGCCCCACAGACAGx,8
10X84_2:TATGCCCTCGTCCGTTx,5
10X84_2:TATTACCGTAGCGATGx,3
10X84_2:TCAGATGCAATAACGAx,4
10X84_2:TCACAAGTCTGGTTCCx,4
10X84_2:TCACGAAGTGCGGTAAx,3
10X84_2:TCAGATGGTAGCGTCCx,5
10X84_2:TCAGGATTCGGACAAGx,4
10X84_2:TCACGAACATTTGCCCx,5
10X84_2:TCACGAACAGGACCCTx,7
10X84_2:TCAGATGCAGCGATCCx,5
10X84_2:TCAGCTCGTTGGAGGTx,5
10X84_2:TCAGCAAAGTGTTTGCx,5
10X84_2:TCAGGATTCCATGAACx,3
10X84_2:TCACGAAGTACAAGTAx,3
10X84_2:TCAGCTCGTAAATGACx,7
10X84_2:TCACGAACATGAGCGAx,7
10X84_2:TCAGCAAAGCTCAACTx,3
10X84_2:TCACGAACAAGCGTAGx,8
10X84_2:TCACGAATCAACCATGx,3
10X84_2:TCACAAGTCATAACCGx,3
10X84_2:TCAGCTCGTACCGCTGx,4
10X84_2:TCAGCTCGTAGGCTGAx,8
10X84_2:TCAGCTCGTCGGCACTx,6
10X84_2:TCAGGTACAAACCTACx,6
10X84_2:TCACGAATCTTAGAGCx,5
10X84_2:TCAGATGAGGTACTCTx,3
10X84_2:TCAGGATTCGTGGTCGx,8
10X84_2:TCACAAGGTGGCGAATx,3
10X84_2:TCAGCAACAATCACACx,5
10X84_2:TCACGAAGTGATGATAx,7
10X84_2:TCAGATGCAGGACGTAx,5
10X84_2:TCAGGATCAAGCGTAGx,4
10X84_2:TCAGCAAAGGAATTACx,8
10X84_2:TCAGGATAGGTTCCTAx,8
10X84_2:TCAGCTCAGCTAAACAx,3
10X84_2:TCAGCAAGTTTGTTTCx,3
10X84_2:TCAGCTCAGGGTATCGx,9
10X84_2:TCACAAGTCGCCGTGAx,4
10X84_2:TCACGAAAGCTGCAAGx,3
10X84_2:TCAGATGGTTACGTCAx,3
10X84_2:TCACGAACATAGGATAx,3
10X84_2:TCACGAATCAGCGATTx,3
10X84_2:TCACGAACACACAGAGx,5
10X84_2:TCAGATGGTTTGTGTGx,3
10X84_2:TCAGCAAAGTCGATAAx,5
10X84_2:TCAGCAAAGATATGGTx,3
10X84_2:TCAGCAATCTACTTACx,4
10X84_2:TCAGGATTCTGGTGTAx,5
10X84_2:TCAGGATGTTGTGGAGx,5
10X84_2:TCACGAATCTAACTTCx,5
10X84_2:TCCCGATAGGCGATACx,4
10X84_2:TCATTTGAGCTAGGCAx,5
10X84_2:TCCACACAGTAGGTGCx,3
10X84_2:TCATTTGGTAGGCATGx,4
10X84_2:TCCCGATGTTACCAGTx,3
10X84_2:TCGAGGCTCCCACTTGx,6
10X84_2:TCATTACAGAAGGCCTx,5
10X84_2:TCGCGAGCAATGAAACx,4
10X84_2:TCATTTGCATGTTCCCx,4
10X84_2:TCATTTGTCTTTAGGGx,3
10X84_2:TCGAGGCCAATAAGCAx,5
10X84_2:TCATTTGGTCTACCTCx,4
10X84_2:TCATTACAGATCCCGCx,4
10X84_2:TCCCGATGTCACAAGGx,4
10X84_2:TCCCGATCAGCGAACAx,3
10X84_2:TCGAGGCAGATGTTAGx,5
10X84_2:TCATTTGAGTTATCGCx,3
10X84_2:TCCCGATTCACGCGGTx,5
10X84_2:TCCCGATAGCAGCGTAx,5
10X84_2:TCGAGGCTCCACTCCAx,5
10X84_2:TCGCGAGAGCTCCCAGx,5
10X84_2:TCGAGGCAGGTGCACAx,4
10X84_2:TCCCGATTCGGCGCTAx,4
10X84_2:TCATTTGAGCAGGTCAx,5
10X84_2:TCATTTGTCACCCGAGx,5
10X84_2:TCATTACCAATCACACx,5
10X84_2:TCATTACAGGCTCAGAx,4
10X84_2:TCCACACGTGCGCTTGx,3
10X84_2:TCATTACCAAATCCGTx,5
10X84_2:TCCACACCACAGCCCAx,3
10X84_2:TCCACACGTTCGTCTCx,3
10X84_2:TCGCGAGTCCATGAGTx,3
10X84_2:TCCACACGTGCACTTAx,7
10X84_2:TCCCGATTCAGGTTCAx,8
10X84_2:TCATTACAGAGACTTAx,9
10X84_2:TCGCGAGTCCCAGGTGx,5
10X84_2:TCGCGAGCACATAACCx,3
10X84_2:TCATTTGTCCAGGGCTx,3
10X84_2:TCCACACAGCTCTCGGx,9
10X84_2:TCCCGATAGTTACCCAx,3
10X84_2:TCGAGGCAGGGTCTCCx,3
10X84_2:TCCCGATGTCTCCATCx,4
10X84_2:TCGAGGCAGTATCTCGx,9
10X84_2:TCCCGATTCGCAAGCCx,5
10X84_2:TCATTTGGTCTGATCAx,5
10X84_2:TCGCGAGAGGACTGGTx,3
10X84_2:TCCACACGTTCTGTTTx,5
10X84_2:TCCACACAGAAGAAGCx,7
10X84_2:TCTCATACAATAACGAx,5
10X84_2:TCGCGTTCATCCCACTx,8
10X84_2:TCGGGACTCAGCTTAGx,5
10X84_2:TCTCTAACACTCGACGx,9
10X84_2:TCGTACCAGTACGTTCx,5
10X84_2:TCGTAGACACAGAGGTx,3
10X84_2:TCGTAGACACATTAGCx,5
10X84_2:TCGGTAACATATACCGx,5
10X84_2:TCGTACCTCAATACCGx,5
10X84_2:TCGTAGATCTGTCTATx,7
10X84_2:TCGTAGAGTTACTGACx,9
10X84_2:TCGTACCTCGTCTGAAx,5
10X84_2:TCGGTAAAGGCTACGAx,8
10X84_2:TCGCGTTAGATGTGGCx,4
10X84_2:TCTATTGAGTAGTGCGx,4
10X84_2:TCTATTGGTTCCACGGx,3
10X84_2:TCGTAGAAGCCGATTTx,4
10X84_2:TCGGTAATCGCTGATAx,7
10X84_2:TCTATTGAGCCACGCTx,4
10X84_2:TCTATTGGTTCAGGCCx,3
10X84_2:TCTCATAAGGCAGTCAx,3
10X84_2:TCGTACCTCTTATCTGx,4
10X84_2:TCTCATAAGTCGTACTx,3
10X84_2:TCTCATAAGCCACGTCx,3
10X84_2:TCTCATATCAGGTTCAx,5
10X84_2:TCGTACCTCCTGTAGAx,3
10X84_2:TCGCGTTAGCCAGTTTx,5
10X84_2:TCGTAGATCGAGCCCAx,7
10X84_2:TCGGGACTCGCCCTTAx,7
10X84_2:TCGTACCCAGACACTTx,5
10X84_2:TCGTAGAAGTTGTAGAx,7
10X84_2:TCTCTAAAGAAACCATx,4
10X84_2:TCTCATAAGATCCCGCx,3
10X84_2:TCTCATACATAAAGGTx,8
10X84_2:TCGTACCCAATAAGCAx,5
10X84_2:TCTCATATCGATAGAAx,4
10X84_2:TCGCGTTAGCTGCAAGx,9
10X84_2:TCGCGTTTCGTGGGAAx,4
10X84_2:TCGTAGACATTTGCTTx,4
10X84_2:TCGGGACGTCCTCTTGx,5
10X84_2:TCGGGACCAAGCTGTTx,3
10X84_2:TCGCGTTCATACGCTAx,5
10X84_2:TCTGGAAAGAGACGAAx,3
10X84_2:TGACAACCAGATCTGTx,3
10X84_2:TGACAACCACAGTCGCx,5
10X84_2:TCTGAGAGTAGGCATGx,6
10X84_2:TGACGGCAGACAAGCCx,3
10X84_2:TGACAACCAACTGCGCx,4
10X84_2:TGACAACAGTTACCCAx,5
10X84_2:TCTGGAATCAACGGGAx,5
10X84_2:TGACAACGTCAGAGGTx,8
10X84_2:TGACGGCAGAGGGATAx,7
10X84_2:TGAAAGAAGCCCAACCx,8
10X84_2:TGACGGCTCGTCCGTTx,8
10X84_2:TCTTCGGAGACCTTTGx,4
10X84_2:TGAAAGAAGCCCTAATx,5
10X84_2:TCTCTAATCACCACCTx,5
10X84_2:TCTCTAATCTACTATCx,5
10X84_2:TGAAAGAGTCCGAAGAx,4
10X84_2:TCTGAGAGTATAGGTAx,8
10X84_2:TCTGGAACACGTTGGCx,9
10X84_2:TCTTCGGTCTGCAAGTx,4
10X84_2:TGACAACTCCGTCATCx,4
10X84_2:TGAAAGAGTGTGTGCCx,5
10X84_2:TCTGAGAGTGTGCCTGx,3
10X84_2:TGAAAGACACATTCGAx,5
10X84_2:TCTGAGAGTAGCGCTCx,4
10X84_2:TCTGAGACACGAGAGTx,7
10X84_2:TCTGGAAAGGTGCTTTx,4
10X84_2:TCTGAGAAGACCTTTGx,8
10X84_2:TCTTCGGGTACACCGCx,5
10X84_2:TGACAACTCGATAGAAx,5
10X84_2:TCTGGAAGTGTTGAGGx,8
10X84_2:TCTTCGGGTTTAGGAAx,6
10X84_2:TGACGGCAGCTGTCTAx,3
10X84_2:TGACAACGTTTAGGAAx,8
10X84_2:TGATTTCAGAGTACATx,5
10X84_2:TGACTTTAGTGACTCTx,3
10X84_2:TGAGCATAGCGATTCTx,3
10X84_2:TGAGCCGTCTGGCGTGx,7
10X84_2:TGAGCCGGTACATCCAx,3
10X84_2:TGATTTCTCAACACACx,8
10X84_2:TGATTTCGTCCATCCTx,5
10X84_2:TGAGAGGCACTTAAGCx,7
10X84_2:TGAGAGGCATTCTTACx,7
10X84_2:TGAGCATAGTCTCAACx,3
10X84_2:TGAGCCGCACGGTAAGx,7
10X84_2:TGAGGGATCTAACCGAx,5
10X84_2:TGAGAGGCAGGACGTAx,7
10X84_2:TGAGCATAGCCACTATx,5
10X84_2:TGACTTTTCTCGCATCx,4
10X84_2:TGACTTTAGCGCCTCAx,5
10X84_2:TGAGCATCATAGTAAGx,9
10X84_2:TGAGCATAGAACTGTAx,5
10X84_2:TGATTTCAGATCCTGTx,7
10X84_2:TGAGCATGTCTGCCAGx,3
10X84_2:TGAGGGAAGACGCAACx,3
10X84_2:TGACTAGTCTGTCTATx,5
10X84_2:TGAGAGGGTGCAACTTx,5
10X84_2:TGAGAGGCATGCATGTx,5
10X84_2:TGAGCCGGTCGCATCGx,9
10X84_2:TGAGGGAAGACAGAGAx,5
10X84_2:TGACTTTTCCGTTGCTx,8
10X84_2:TGATTTCGTCCAGTTAx,3
10X84_2:TGACTAGAGTTATCGCx,4
10X84_2:TGATTTCGTATAGGTAx,3
10X84_2:TGAGCATCACGAAGCAx,9
10X84_2:TGAGCCGCATCCCATCx,5
10X84_2:TGACTTTCAAGGACACx,4
10X84_2:TGAGCCGAGGGTTCCCx,3
10X84_2:TGAGGGACAGGGTTAGx,6
10X84_2:TGAGCCGTCTTGTACTx,5
10X84_2:TGACTAGCATTACCTTx,4
10X84_2:TGAGCATAGTTACCCAx,5
10X84_2:TGCCAAATCCGAAGAGx,7
10X84_2:TGCCCTACAATGACCTx,4
10X84_2:TGCGGGTAGCCAGTAGx,5
10X84_2:TGCGTGGTCCGCAAGCx,5
10X84_2:TGCCCATTCGTTTAGGx,5
10X84_2:TGCCCATGTGCTGTATx,3
10X84_2:TGCCAAAGTCATATCGx,6
10X84_2:TGCCCATCACATAACCx,8
10X84_2:TGCGGGTGTAGCGATGx,3
10X84_2:TGCCCATAGGCAGGTTx,5
10X84_2:TGCGTGGTCTTCCTTCx,5
10X84_2:TGCGTGGTCTGCAAGTx,3
10X84_2:TGCGCAGTCGCCTGTTx,5
10X84_2:TGCGCAGGTGCTGTATx,3
10X84_2:TGCCCTAGTTTACTCTx,3
10X84_2:TGCGTGGTCCAAGCCGx,8
10X84_2:TGCCAAACAAATTGCCx,8
10X84_2:TGCCCTAGTACAGACGx,4
10X84_2:TGCACCTCAATACGCTx,3
10X84_2:TGCCAAAAGGGCTTCCx,3
10X84_2:TGCTACCAGTCCGGTCx,5
10X84_2:TGCGGGTAGTTTAGGAx,5
10X84_2:TGCGTGGGTGGCCCTAx,5
10X84_2:TGCACCTTCAACACGTx,8
10X84_2:TGCGTGGTCGTCTGCTx,7
10X84_2:TGCGGGTCATCGTCGGx,7
10X84_2:TGCCCATGTACTCAACx,5
10X84_2:TGCTACCCACCAGGCTx,5
10X84_2:TGCGTGGAGTGGACGTx,3
10X84_2:TGCGCAGCACATTAGCx,3
10X84_2:TGCCCATGTTGTCGCGx,3
10X84_2:TGCGCAGGTAGCGCAAx,8
10X84_2:TGCCCATGTCTCAACAx,3
10X84_2:TGCACCTTCGTTTATCx,3
10X84_2:TGCGTGGAGGATTCGGx,7
10X84_2:TGCGCAGAGCCCAATTx,3
10X84_2:TGCCCATAGCGTAGTGx,5
10X84_2:TGCACCTGTTCCCGAGx,3
10X84_2:TGCGCAGGTAGATTAGx,5
10X84_2:TGCCCATTCTTGTCATx,5
10X84_2:TGCCCTAAGGGCTTCCx,8
10X84_2:TGGGAAGTCAACACTGx,7
10X84_2:TGGCTGGCAGCGATCCx,3
10X84_2:TGGCTGGAGGCAATTAx,5
10X84_2:TGGACGCAGTCATGCTx,3
10X84_2:TGGACGCGTGTGAATAx,9
10X84_2:TGGACGCTCAACTCTTx,3
10X84_2:TGGACGCCATGGAATAx,5
10X84_2:TGGCCAGTCCTCAACCx,3
10X84_2:TGGCGCAAGTGATCGGx,7
10X84_2:TGGGCGTAGGCGATACx,3
10X84_2:TGGCGCAAGAAAGTGGx,3
10X84_2:TGGACGCTCCATGCTCx,8
10X84_2:TGGGAAGTCATCACCCx,3
10X84_2:TGGGAAGTCAGCGATTx,7
10X84_2:TGGCCAGAGAGCAATTx,9
10X84_2:TGGCGCAAGCGTTTACx,9
10X84_2:TGGCGCACAATGAATGx,9
10X84_2:TGGCTGGTCCGTAGTAx,3
10X84_2:TGGGAAGCATCGTCGGx,4
10X84_2:TGCTGCTAGTTGAGTAx,5
10X84_2:TGGGAAGAGGAATTACx,4
10X84_2:TGGCGCAAGGATTCGGx,5
10X84_2:TGGCGCAGTGTATGGGx,5
10X84_2:TGCTGCTCACATTAGCx,5
10X84_2:TGGGCGTAGATCCTGTx,3
10X84_2:TGGGAAGAGTGTCCATx,7
10X84_2:TGGCGCAAGCGTCTATx,4
10X84_2:TGGGAAGGTTCCAACAx,3
10X84_2:TGGCTGGGTGTAAGTAx,5
10X84_2:TGGCTGGAGCCATCGCx,7
10X84_2:TGGCTGGGTCCTCTTGx,6
10X84_2:TGCTGCTGTAAACACAx,4
10X84_2:TGGGAAGTCCTTTCGGx,9
10X84_2:TGGACGCCACACCGCAx,5
10X84_2:TGCTGCTCATAGTAAGx,9
10X84_2:TGGCCAGAGAGCTATAx,3
10X84_2:TGCTGCTTCAGTCAGTx,3
10X84_2:TGGGCGTGTGCGATAGx,5
10X84_2:TGGGCGTTCTTACCTAx,5
10X84_2:TGTCCCATCAAACCGTx,3
10X84_2:TGGGCGTCAGGTTTCAx,4
10X84_2:TGTGGTACAATGGATAx,5
10X84_2:TGTCCCAAGGGCTCTCx,5
10X84_2:TGTGGTAGTCTCAACAx,4
10X84_2:TGGTTCCGTTCACCTCx,5
10X84_2:TGTGTTTAGACACTAAx,8
10X84_2:TGGGCGTCAGATGAGCx,7
10X84_2:TGGGCGTAGTGGGCTAx,3
10X84_2:TGTATTCTCTCTAAGGx,5
10X84_2:TGTGGTACATGCATGTx,5
10X84_2:TGTCCCATCCTTTCGGx,7
10X84_2:TGTATTCCAATGTTGCx,4
10X84_2:TGGGCGTCATGGATGGx,8
10X84_2:TGGTTCCTCGGTGTCGx,5
10X84_2:TGTGGTATCATTCACTx,4
10X84_2:TGGTTAGAGGCCCTTGx,3
10X84_2:TGGGCGTTCAGTACGTx,5
10X84_2:TGGTTCCGTTGCGCACx,9
10X84_2:TGTCCCAAGGAGTTGCx,5
10X84_2:TGGTTAGGTTTGCATGx,3
10X84_2:TGTATTCGTCGCTTTCx,8
10X84_2:TGGTTCCAGCACGCCTx,5
10X84_2:TGGTTAGGTAGCCTCGx,7
10X84_2:TGGTTCCAGCTACCTAx,7
10X84_2:TGTATTCGTGTTAAGAx,5
10X84_2:TGTCCCAAGTACTTGCx,3
10X84_2:TGTATTCAGACCTAGGx,4
10X84_2:TGTGTTTAGAGTAAGGx,5
10X84_2:TGTCCCATCTGTCAAGx,5
10X84_2:TGTGGTAGTCGACTGCx,9
10X84_2:TGTGGTAGTTGGAGGTx,4
10X84_2:TGGGCGTAGGGCTTGAx,7
10X84_2:TGTATTCAGTACGCGAx,6
10X84_2:TGGTTAGTCATGCATGx,5
10X84_2:TGTATTCGTAGCGTGAx,4
10X84_2:TGGTTAGTCGTCCAGGx,4
10X84_2:TGTCCCAAGGTTACCTx,3
10X84_2:TGGTTCCTCATGTGGTx,5
10X84_2:TGTCCCAGTAGTAGTAx,7
10X84_2:TGGTTCCCATGGTTGTx,4
10X84_2:TGTGGTACAAGTTCTGx,3
10X84_2:TGTCCCACAGTCGATTx,4
10X84_2:TGTGTTTGTCAAAGATx,4
10X84_2:TTAGGACTCGCAAACTx,5
10X84_2:TGTGTTTTCAATCTCTx,4
10X84_2:TGTTCCGTCTTATCTGx,7
10X84_2:TTAGGCATCTCCTATAx,5
10X84_2:TTAACTCCAGATGGGTx,8
10X84_2:TTAGTTCCATTGCGGCx,7
10X84_2:TTAGGCACAGGACCCTx,5
10X84_2:TGTGTTTGTAGCGTGAx,7
10X84_2:TTAGGACCAGATCCATx,5
10X84_2:TTATGCTCAGCCAATTx,5
10X84_2:TTAGTTCGTCGATTGTx,9
10X84_2:TTATGCTAGATCGGGTx,5
10X84_2:TTAGTTCAGTTACGGGx,3
10X84_2:TTAGGCAGTAGGCTGAx,3
10X84_2:TTAGGCAGTTTAAGCCx,6
10X84_2:TTAGTTCAGTTCGATCx,5
10X84_2:TTATGCTGTATAGGGCx,5
10X84_2:TGTGTTTGTTGGTTTGx,8
10X84_2:TTAGTTCTCACTTACTx,3
10X84_2:TTAGTTCGTGCATCTAx,4
10X84_2:TGTTCCGTCACATACGx,3
10X84_2:TTAGGCACAAGGCTCCx,4
10X84_2:TTAGTTCAGGCTCATTx,7
10X84_2:TTAACTCCAGGATTGGx,8
10X84_2:TTATGCTTCGCCAGCAx,8
10X84_2:TTATGCTTCGTAGGTTx,5
10X84_2:TTATGCTAGCGCCTTGx,3
10X84_2:TTAGGACAGAACTGTAx,5
10X84_2:TGTTCCGGTCCATCCTx,8
10X84_2:TGTTCCGAGTGGACGTx,5
10X84_2:TGTGTTTGTAAATGACx,3
10X84_2:TGTTCCGTCGAGAGCAx,9
10X84_2:TTAACTCTCGAGCCCAx,8
10X84_2:TGTTCCGGTGTTGGGAx,3
10X84_2:TGTTCCGCAGGCGATAx,7
10X84_2:TGTGTTTTCTGCCCTAx,5
10X84_2:TTAGGCAAGGCCGAATx,3
10X84_2:TTATGCTCAATACGCTx,3
10X84_2:TGTGTTTGTTATGTGCx,5
10X84_2:TGTTCCGTCGGCGCTAx,4
10X84_2:TGTGTTTCAAAGAATCx,5
10X84_2:TTAGGACGTCGAAAGCx,5
10X84_2:TTAGGCAGTCACCTAAx,3
10X84_2:TTATGCTGTCTCTTTAx,5
10X84_2:TTAGTTCAGCATGGCAx,8
10X84_2:TTATGCTCACCGAAAGx,5
10X84_2:TGTTCCGCATGGATGGx,9
10X84_2:TTCCCAGCAGGTCCACx,4
10X84_2:TTCGAAGCACAGGTTTx,3
10X84_2:TTCGAAGAGAGCTGGTx,5
10X84_2:TTCTTAGAGCTTTGGTx,9
10X84_2:TTCGAAGCACCGTTGGx,3
10X84_2:TTCGGTCCAAGGCTCCx,3
10X84_2:TTCTTAGCAGTGACAGx,9
10X84_2:TTCGGTCCATCGATGTx,3
10X84_2:TTCGGTCAGTTAACGAx,7
10X84_2:TTCTACATCAGTACGTx,8
10X84_2:TTCTCAAAGCTGCGAAx,3
10X84_2:TTCCCAGCACCGCTAGx,6
10X84_2:TTATGCTTCTGAAAGAx,6
10X84_2:TTCGGTCTCATTCACTx,5
10X84_2:TTCGGTCGTTAAAGACx,4
10X84_2:TTCGAAGGTAAGTAGTx,8
10X84_2:TTCTCAAAGTGTACCTx,8
10X84_2:TTCTCCTCAACTGGCCx,3
10X84_2:TTCTACACATCGATTGx,5
10X84_2:TTCTCCTTCACAACGTx,3
10X84_2:TTCTCAACAGACAAATx,5
10X84_2:TTCTCCTAGCCGGTAAx,8
10X84_2:TTCTCAATCACTTCATx,4
10X84_2:TTCTTAGGTTGGTAAAx,5
10X84_2:TTCGAAGTCATTGCGAx,8
10X84_2:TTCGGTCAGTCAATAGx,8
10X84_2:TTCGGTCTCGAATGGGx,9
10X84_2:TTCTTAGCACAGAGGTx,7
10X84_2:TTCGGTCGTGTGTGCCx,3
10X84_2:TTCTCCTAGAAGATTCx,9
10X84_2:TTCGAAGGTCGAATCTx,4
10X84_2:TTCTTAGAGACTGTAAx,5
10X84_2:TTCCCAGCATATACCGx,5
10X84_2:TTCTTAGGTGTGGTTTx,8
10X84_2:TTCGAAGTCTAACCGAx,3
10X84_2:TTCTCCTTCGTCACGGx,5
10X84_2:TTCTCAACATGCCTTCx,6
10X84_2:TTCTTAGTCACCCTCAx,8
10X84_2:TTCTTAGCACCCATGGx,5
10X84_2:TTCGAAGTCTGATACGx,9
10X84_2:TTCGAAGCATTAGGCTx,7
10X84_2:TTCGGTCCAATAACGAx,3
10X84_2:TTGCCGTAGCCGGTAAx,5
10X84_2:TTGCGTCTCTCGTTTAx,7
10X84_2:TTGACTTGTACGACCCx,5
10X84_2:TTGAACGAGGAGTCTGx,7
10X84_2:TTGGAACCATGGTCTAx,4
10X84_2:TTGAACGAGATCTGCTx,8
10X84_2:TTGGCAAAGAGAGCTCx,5
10X84_2:TTGGAACAGTAACCCTx,5
10X84_2:TTGAACGTCACAATGCx,7
10X84_2:TTGCGTCTCGCGCCAAx,5
10X84_2:TTGCCGTTCGTGGTCGx,3
10X84_2:TTGACTTCACTAGTACx,4
10X84_2:TTGGCAAAGCTAGTGGx,3
10X84_2:TTGACTTGTTAAAGTGx,5
10X84_2:TTGGCAACATTCCTGCx,5
10X84_2:TTGAACGGTATAGGTAx,5
10X84_2:TTGCGTCTCACGGTTAx,5
10X84_2:TTGGCAACAAGAGGCTx,3
10X84_2:TTGGCAAGTGATGATAx,4
10X84_2:TTGCCGTAGTTGAGTAx,8
10X84_2:TTGACTTCAGACAAGCx,5
10X84_2:TTGCCGTCACACATGTx,8
10X84_2:TTGGAACCAGACTCGCx,5
10X84_2:TTGAACGCAGCCTATAx,8
10X84_2:TTGAACGCAGTTCATGx,5
10X84_2:TTGAACGTCTCAAACGx,3
10X84_2:TTGGCAAGTAAGAGGAx,7
10X84_2:TTGCCGTCATCGTCGGx,9
10X84_2:TTGGAACTCATCTGCCx,3
10X84_2:TTGCCGTGTCTCATCCx,5
10X84_2:TTGGCAAGTAAGTTCCx,5
10X84_2:TTGTAGGCAGTAACGGx,3
10X84_2:TTGTAGGAGACCACGAx,4
10X84_2:TTGGAACTCCGGGTGTx,3
10X84_2:TTGCCGTGTGTAACGGx,3
10X84_2:TTGACTTTCGCGTTTCx,9
10X84_2:TTGACTTCATGTAGTCx,4
10X84_2:TTGAACGGTCGCTTTCx,7
10X84_2:TTGAACGAGTGGAGAAx,4
10X84_2:TTGCCGTTCCCTGACTx,9
10X84_2:TTTGGTTAGCTGAACGx,3
10X84_2:TTTGGTTAGATGTTAGx,5
10X84_2:TTTATGCAGCACCGCTx,3
10X84_2:TTTCCTCTCAACGAAAx,5
10X84_2:TTTGTCAAGCGTAGTGx,9
10X84_2:TTTGTCAAGTGAAGTTx,5
10X84_2:TTTATGCAGGGTCGATx,3
10X84_2:TTTATGCTCGAGGTAGx,4
10X84_2:TTTGGTTCATACTACGx,5
10X84_2:TTTACTGGTGGGTCAAx,8
10X84_2:TTTGTCAAGGGTCTCCx,6
10X84_2:TTTGTCAAGCGATGACx,3
10X84_2:TTTACTGTCCGTCAAAx,5
10X84_2:TTTCCTCAGTGGAGAAx,3
10X84_2:TTTGTCAGTTGACGTTx,5
10X84_2:TTTGTCACACGAGAGTx,7
10X84_2:TTTGGTTGTTCCCTTGx,5
10X84_2:TTTACTGGTGCTCTTCx,3
10X84_2:TTTATGCAGTAGTGCGx,4
10X84_2:TTGTAGGCATTCCTCGx,3
10X84_2:TTTGCGCTCCAAACACx,8
10X84_2:TTTGGTTAGAGTCTGGx,3
10X84_2:TTTCCTCGTCCGAAGAx,4
10X84_2:TTTGGTTCAGCTCCGAx,3
10X84_2:TTTCCTCCATCGATGTx,9
10X84_2:TTTGGTTCAGCCAGAAx,7
10X84_2:TTTGCGCGTCTCCACTx,8
10X84_2:TTTGGTTAGCATCATCx,3
10X84_2:TTTGGTTGTTGTGGCCx,3
10X84_2:TTTACTGCAGCGTAAGx,3
10X84_2:TTTGCGCCAAGGTTTCx,3
10X84_2:TTTATGCGTGTTCTTTx,4
10X84_2:TTTATGCCACGGTAGAx,4
10X84_2:TTTGTCATCTGTGCAAx,7
10X84_2:TTGTAGGGTACTCTCCx,7
10X84_2:TTTGCGCCACGCTTTCx,8
10X84_2:TTTCCTCTCTAACTCTx,3
