Name,isTF
TFAP2A,Yes
TFAP2B,Yes
TFAP2C,Yes
TFAP2D,Yes
TFAP2E,Yes
ARID1A,No
ARID1B,No
ARID3A,Yes
ARID3B,Yes
ARID3C,Yes
ARID4A,No
ARID4B,No
ARID5A,Yes
ARID5B,Yes
JARID2,No
KDM5A,No
KDM5B,Yes
KDM5C,No
KDM5D,No
ARID2,Yes
AHCTF1,Yes
AHDC1,Yes
AKNA,Yes
ASH1L,Yes
CBX2,Yes
DNTTIP1,Yes
DOT1L,Yes
GLYR1,Yes
HMGA1,Yes
HMGA2,Yes
PHF20,Yes
PHF21A,Yes
PRR12,Yes
SCML4,Yes
SETBP1,Yes
SRCAP,Yes
C11orf95,Yes
FAM200B,Yes
SGSM2,Yes
ZBED1,Yes
ZBED2,Yes
ZBED3,Yes
ZBED4,Yes
ZBED5,Yes
ZBED6,Yes
ZBED8,No
ZBED9,Yes
AHR,Yes
AHRR,Yes
ARNT,Yes
ARNT2,Yes
ARNTL,Yes
ARNTL2,Yes
ASCL1,Yes
ASCL2,Yes
ASCL3,Yes
ASCL4,Yes
ASCL5,Yes
ATOH1,Yes
ATOH7,Yes
ATOH8,Yes
BHLHA15,Yes
BHLHA9,Yes
BHLHE22,Yes
BHLHE23,Yes
BHLHE40,Yes
BHLHE41,Yes
CCDC169-SOHLH2,Yes
CLOCK,Yes
EPAS1,Yes
FERD3L,Yes
FIGLA,Yes
HAND1,Yes
HAND2,Yes
HELT,Yes
HES1,Yes
HES2,Yes
HES3,Yes
HES4,Yes
HES5,Yes
HES6,Yes
HES7,Yes
HEY1,Yes
HEY2,Yes
HEYL,Yes
HIF1A,Yes
HIF3A,Yes
ID1,No
ID2,No
ID3,No
ID4,No
LYL1,Yes
MAX,Yes
MESP1,Yes
MESP2,Yes
MITF,Yes
MLX,Yes
MLXIP,Yes
MLXIPL,Yes
MNT,Yes
MSC,Yes
MSGN1,Yes
MXD1,Yes
MXD3,Yes
MXD4,Yes
MXI1,Yes
MYC,Yes
MYCL,Yes
MYCN,Yes
MYF5,Yes
MYF6,Yes
MYOD1,Yes
MYOG,Yes
NCOA1,Yes
NCOA2,Yes
NCOA3,Yes
NEUROD1,Yes
NEUROD2,Yes
NEUROD4,Yes
NEUROD6,Yes
NEUROG1,Yes
NEUROG2,Yes
NEUROG3,Yes
NHLH1,Yes
NHLH2,Yes
NPAS1,Yes
NPAS2,Yes
NPAS3,Yes
NPAS4,Yes
OLIG1,Yes
OLIG2,Yes
OLIG3,Yes
PTF1A,Yes
SCX,Yes
SIM1,Yes
SIM2,Yes
SOHLH1,Yes
SOHLH2,Yes
SREBF1,Yes
SREBF2,Yes
TAL1,Yes
TAL2,Yes
TCF12,Yes
TCF15,Yes
TCF21,Yes
TCF23,Yes
TCF24,Yes
TCF3,Yes
TCF4,Yes
TCFL5,Yes
TFAP4,Yes
TFE3,Yes
TFEB,Yes
TFEC,Yes
TWIST1,Yes
TWIST2,Yes
USF1,Yes
USF2,Yes
USF3,Yes
POGK,Yes
AC023509.3,Yes
APC2,No
ATF1,Yes
ATF2,Yes
ATF3,Yes
ATF4,Yes
ATF5,Yes
ATF6,Yes
ATF6B,Yes
ATF7,Yes
BACH1,Yes
BACH2,Yes
BATF,Yes
BATF2,Yes
BATF3,Yes
BEND4,No
CCDC3,No
CCDC83,No
CEBPA,Yes
CEBPB,Yes
CEBPD,Yes
CEBPE,Yes
CEBPG,Yes
CREB1,Yes
CREB3,Yes
CREB3L1,Yes
CREB3L2,Yes
CREB3L3,Yes
CREB3L4,Yes
CREB5,Yes
CREBL2,Yes
CREBRF,No
CREBZF,Yes
CREM,Yes
DBP,Yes
DDIT3,Yes
FOS,Yes
FOSB,Yes
FOSL1,Yes
FOSL2,Yes
GULP1,No
HLF,Yes
HOOK2,No
IQGAP1,No
JDP2,Yes
JUN,Yes
JUNB,Yes
JUND,Yes
KIF15,No
KRT13,No
MAF,Yes
MAFA,Yes
MAFB,Yes
MAFF,Yes
MAFG,Yes
MAFK,Yes
MORC3,No
NDC80,No
NFE2,Yes
NFE2L1,Yes
NFE2L2,Yes
NFE2L3,Yes
NFIL3,Yes
NRBF2,No
NRL,Yes
PPP1R21,No
RAB11FIP4,No
RNF219,No
SCOC,No
TEF,Yes
TRAK2,No
XBP1,Yes
AC008770.3,Yes
AC092835.1,Yes
AC138696.1,Yes
AEBP2,Yes
AKAP8,Yes
AKAP8L,Yes
ANKZF1,Yes
ATMIN,Yes
BCL11A,Yes
BCL11B,Yes
BCL6,Yes
BCL6B,Yes
BNC1,Yes
BNC2,Yes
CASZ1,Yes
CCDC17,Yes
CHAMP1,Yes
CPXCR1,Yes
CTCF,Yes
CTCFL,Yes
DPF1,Yes
DPF3,Yes
DZIP1,Yes
E4F1,Yes
EEA1,Yes
EGR1,Yes
EGR2,Yes
EGR3,Yes
EGR4,Yes
FAM170A,Yes
FEZF1,Yes
FEZF2,Yes
FIZ1,Yes
GFI1,Yes
GFI1B,Yes
GLI1,Yes
GLI2,Yes
GLI3,Yes
GLI4,Yes
GLIS1,Yes
GLIS2,Yes
GLIS3,Yes
GTF3A,Yes
GZF1,Yes
HIC1,Yes
HIC2,Yes
HINFP,Yes
HIVEP1,Yes
HIVEP2,Yes
HIVEP3,Yes
HKR1,Yes
IKZF1,Yes
IKZF2,Yes
IKZF3,Yes
IKZF4,Yes
IKZF5,Yes
INSM1,Yes
INSM2,Yes
JAZF1,Yes
KAT7,Yes
KCMF1,Yes
KIN,Yes
KLF1,Yes
KLF10,Yes
KLF11,Yes
KLF12,Yes
KLF13,Yes
KLF14,Yes
KLF15,Yes
KLF16,Yes
KLF17,Yes
KLF2,Yes
KLF3,Yes
KLF4,Yes
KLF5,Yes
KLF6,Yes
KLF7,Yes
KLF8,Yes
KLF9,Yes
L3MBTL1,Yes
L3MBTL3,Yes
L3MBTL4,Yes
MAZ,Yes
MECOM,Yes
MTF1,Yes
MYNN,Yes
MYT1,Yes
MYT1L,Yes
MZF1,Yes
NUFIP1,No
OSR1,Yes
OSR2,Yes
OVOL1,Yes
OVOL2,Yes
OVOL3,Yes
PEG3,Yes
PLAG1,Yes
PLAGL1,Yes
PLAGL2,Yes
PRDM1,Yes
PRDM10,Yes
PRDM12,Yes
PRDM13,Yes
PRDM14,Yes
PRDM15,Yes
PRDM16,Yes
PRDM2,Yes
PRDM4,Yes
PRDM5,Yes
PRDM6,Yes
PRDM8,Yes
PRDM9,Yes
PRMT3,Yes
RBAK,Yes
RBSN,Yes
REPIN1,Yes
REST,Yes
RLF,Yes
RREB1,Yes
SALL1,Yes
SALL2,Yes
SALL3,Yes
SALL4,Yes
SCRT1,Yes
SCRT2,Yes
SLC2A4RG,Yes
SNAI1,Yes
SNAI2,Yes
SNAI3,Yes
SP1,Yes
SP2,Yes
SP3,Yes
SP4,Yes
SP5,Yes
SP6,Yes
SP7,Yes
SP8,Yes
SP9,Yes
ST18,Yes
TRAFD1,Yes
TSHZ1,Yes
TSHZ2,Yes
TSHZ3,Yes
VEZF1,Yes
WIZ,Yes
WT1,Yes
YY1,Yes
YY2,Yes
ZBTB1,Yes
ZBTB10,Yes
ZBTB11,Yes
ZBTB12,Yes
ZBTB14,Yes
ZBTB16,Yes
ZBTB17,Yes
ZBTB18,Yes
ZBTB2,Yes
ZBTB20,Yes
ZBTB21,Yes
ZBTB22,Yes
ZBTB25,Yes
ZBTB26,Yes
ZBTB3,Yes
ZBTB32,Yes
ZBTB33,Yes
ZBTB34,Yes
ZBTB37,Yes
ZBTB38,Yes
ZBTB39,Yes
ZBTB4,Yes
ZBTB40,Yes
ZBTB41,Yes
ZBTB42,Yes
ZBTB43,Yes
ZBTB44,Yes
ZBTB45,Yes
ZBTB46,Yes
ZBTB47,Yes
ZBTB48,Yes
ZBTB49,Yes
ZBTB5,Yes
ZBTB6,Yes
ZBTB7A,Yes
ZBTB7B,Yes
ZBTB7C,Yes
ZBTB8A,Yes
ZBTB8B,Yes
ZBTB9,Yes
ZFAT,Yes
ZFP1,Yes
ZFP14,Yes
ZFP2,Yes
ZFP28,Yes
ZFP3,Yes
ZFP30,Yes
ZFP37,Yes
ZFP41,Yes
ZFP42,Yes
ZFP57,Yes
ZFP62,Yes
ZFP64,Yes
ZFP69,Yes
ZFP69B,Yes
ZFP82,Yes
ZFP90,Yes
ZFP91,Yes
ZFP92,Yes
ZFPL1,No
ZFPM1,Yes
ZFPM2,Yes
ZFR,No
ZFR2,No
ZFX,Yes
ZFY,Yes
ZIC1,Yes
ZIC2,Yes
ZIC3,Yes
ZIC4,Yes
ZIC5,Yes
ZIK1,Yes
ZIM2,Yes
ZIM3,Yes
ZKSCAN1,Yes
ZKSCAN2,Yes
ZKSCAN3,Yes
ZKSCAN4,Yes
ZKSCAN5,Yes
ZKSCAN7,Yes
ZKSCAN8,Yes
ZMAT1,Yes
ZMAT3,No
ZMAT4,Yes
ZNF10,Yes
ZNF100,Yes
ZNF101,Yes
ZNF106,No
ZNF107,Yes
ZNF112,Yes
ZNF114,Yes
ZNF117,Yes
ZNF12,Yes
ZNF121,Yes
ZNF124,Yes
ZNF131,Yes
ZNF132,Yes
ZNF133,Yes
ZNF134,Yes
ZNF135,Yes
ZNF136,Yes
ZNF138,Yes
ZNF14,Yes
ZNF140,Yes
ZNF141,Yes
ZNF142,Yes
ZNF143,Yes
ZNF146,Yes
ZNF148,Yes
ZNF154,Yes
ZNF155,Yes
ZNF157,Yes
ZNF16,Yes
ZNF160,Yes
ZNF165,Yes
ZNF169,Yes
ZNF17,Yes
ZNF174,Yes
ZNF175,Yes
ZNF177,Yes
ZNF18,Yes
ZNF180,Yes
ZNF181,Yes
ZNF182,Yes
ZNF184,Yes
ZNF189,Yes
ZNF19,Yes
ZNF195,Yes
ZNF197,Yes
ZNF2,Yes
ZNF20,Yes
ZNF200,Yes
ZNF202,Yes
ZNF205,Yes
ZNF207,Yes
ZNF208,Yes
ZNF211,Yes
ZNF212,Yes
ZNF213,Yes
ZNF214,Yes
ZNF215,Yes
ZNF217,Yes
ZNF219,Yes
ZNF22,Yes
ZNF221,Yes
ZNF222,Yes
ZNF223,Yes
ZNF224,Yes
ZNF225,Yes
ZNF226,Yes
ZNF227,Yes
ZNF229,Yes
ZNF23,Yes
ZNF230,Yes
ZNF232,Yes
ZNF233,Yes
ZNF234,Yes
ZNF235,Yes
ZNF236,Yes
ZNF239,Yes
ZNF24,Yes
ZNF248,Yes
ZNF25,Yes
ZNF250,Yes
ZNF251,Yes
ZNF253,Yes
ZNF254,Yes
ZNF256,Yes
ZNF257,Yes
ZNF26,Yes
ZNF260,Yes
ZNF263,Yes
ZNF264,Yes
ZNF266,Yes
ZNF267,Yes
ZNF268,Yes
ZNF273,Yes
ZNF274,Yes
ZNF275,Yes
ZNF276,Yes
ZNF28,Yes
ZNF280A,Yes
ZNF280B,Yes
ZNF280C,Yes
ZNF280D,Yes
ZNF281,Yes
ZNF282,Yes
ZNF283,Yes
ZNF284,Yes
ZNF285,Yes
ZNF286A,Yes
ZNF286B,Yes
ZNF287,Yes
ZNF292,Yes
ZNF296,Yes
ZNF3,Yes
ZNF30,Yes
ZNF300,Yes
ZNF302,Yes
ZNF304,Yes
ZNF311,Yes
ZNF316,Yes
ZNF317,Yes
ZNF318,Yes
ZNF319,Yes
ZNF32,Yes
ZNF320,Yes
ZNF322,Yes
ZNF324,Yes
ZNF324B,Yes
ZNF326,Yes
ZNF329,Yes
ZNF331,Yes
ZNF333,Yes
ZNF334,Yes
ZNF335,Yes
ZNF337,Yes
ZNF33A,Yes
ZNF33B,Yes
ZNF34,Yes
ZNF341,Yes
ZNF343,Yes
ZNF345,Yes
ZNF346,Yes
ZNF347,Yes
ZNF35,Yes
ZNF350,Yes
ZNF354A,Yes
ZNF354B,Yes
ZNF354C,Yes
ZNF355P,No
ZNF358,Yes
ZNF362,Yes
ZNF365,Yes
ZNF366,Yes
ZNF367,Yes
ZNF37A,Yes
ZNF382,Yes
ZNF383,Yes
ZNF384,Yes
ZNF385A,Yes
ZNF385B,Yes
ZNF385C,Yes
ZNF385D,Yes
ZNF391,Yes
ZNF394,Yes
ZNF395,Yes
ZNF396,Yes
ZNF397,Yes
ZNF398,Yes
ZNF404,Yes
ZNF407,Yes
ZNF408,Yes
ZNF41,Yes
ZNF410,Yes
ZNF414,Yes
ZNF415,Yes
ZNF416,Yes
ZNF417,Yes
ZNF418,Yes
ZNF419,Yes
ZNF420,Yes
ZNF423,Yes
ZNF425,Yes
ZNF426,Yes
ZNF428,Yes
ZNF429,Yes
ZNF43,Yes
ZNF430,Yes
ZNF431,Yes
ZNF432,Yes
ZNF433,Yes
ZNF436,Yes
ZNF438,Yes
ZNF439,Yes
ZNF44,Yes
ZNF440,Yes
ZNF441,Yes
ZNF442,Yes
ZNF443,Yes
ZNF444,Yes
ZNF445,Yes
ZNF446,Yes
ZNF449,Yes
ZNF45,Yes
ZNF451,Yes
ZNF454,Yes
ZNF460,Yes
ZNF461,Yes
ZNF462,Yes
ZNF467,Yes
ZNF468,Yes
ZNF469,Yes
ZNF470,Yes
ZNF471,Yes
ZNF473,Yes
ZNF474,Yes
ZNF479,Yes
ZNF48,Yes
ZNF480,Yes
ZNF483,Yes
ZNF484,Yes
ZNF485,Yes
ZNF486,Yes
ZNF487,Yes
ZNF488,Yes
ZNF490,Yes
ZNF491,Yes
ZNF492,Yes
ZNF493,Yes
ZNF496,Yes
ZNF497,Yes
ZNF500,Yes
ZNF501,Yes
ZNF502,Yes
ZNF503,Yes
ZNF506,Yes
ZNF507,Yes
ZNF510,Yes
ZNF511,Yes
ZNF512B,Yes
ZNF513,Yes
ZNF514,Yes
ZNF516,Yes
ZNF517,Yes
ZNF518A,Yes
ZNF518B,Yes
ZNF519,Yes
ZNF521,Yes
ZNF525,Yes
ZNF526,Yes
ZNF527,Yes
ZNF528,Yes
ZNF529,Yes
ZNF530,Yes
ZNF532,Yes
ZNF534,Yes
ZNF536,Yes
ZNF540,Yes
ZNF542P,No
ZNF543,Yes
ZNF544,Yes
ZNF546,Yes
ZNF547,Yes
ZNF548,Yes
ZNF549,Yes
ZNF550,Yes
ZNF551,Yes
ZNF552,Yes
ZNF554,Yes
ZNF555,Yes
ZNF556,Yes
ZNF557,Yes
ZNF558,Yes
ZNF559,Yes
ZNF560,Yes
ZNF561,Yes
ZNF562,Yes
ZNF563,Yes
ZNF564,Yes
ZNF565,Yes
ZNF566,Yes
ZNF567,Yes
ZNF568,Yes
ZNF569,Yes
ZNF57,Yes
ZNF570,Yes
ZNF571,Yes
ZNF572,Yes
ZNF573,Yes
ZNF574,Yes
ZNF575,Yes
ZNF576,Yes
ZNF577,Yes
ZNF578,Yes
ZNF579,Yes
ZNF580,Yes
ZNF581,Yes
ZNF582,Yes
ZNF583,Yes
ZNF584,Yes
ZNF585A,Yes
ZNF585B,Yes
ZNF586,Yes
ZNF587,Yes
ZNF587B,Yes
ZNF589,Yes
ZNF592,Yes
ZNF593,No
ZNF594,Yes
ZNF595,Yes
ZNF596,Yes
ZNF597,Yes
ZNF598,Yes
ZNF599,Yes
ZNF600,Yes
ZNF605,Yes
ZNF606,Yes
ZNF607,Yes
ZNF608,Yes
ZNF609,Yes
ZNF610,Yes
ZNF611,Yes
ZNF613,Yes
ZNF614,Yes
ZNF615,Yes
ZNF616,Yes
ZNF618,Yes
ZNF619,Yes
ZNF620,Yes
ZNF621,Yes
ZNF622,No
ZNF623,Yes
ZNF624,Yes
ZNF625,Yes
ZNF626,Yes
ZNF627,Yes
ZNF628,Yes
ZNF629,Yes
ZNF630,Yes
ZNF639,Yes
ZNF641,Yes
ZNF644,Yes
ZNF645,Yes
ZNF646,Yes
ZNF648,Yes
ZNF649,Yes
ZNF652,Yes
ZNF654,Yes
ZNF655,Yes
ZNF658,Yes
ZNF66,Yes
ZNF660,Yes
ZNF662,Yes
ZNF664,Yes
ZNF665,Yes
ZNF667,Yes
ZNF668,Yes
ZNF669,Yes
ZNF670,Yes
ZNF671,Yes
ZNF672,Yes
ZNF674,Yes
ZNF675,Yes
ZNF676,Yes
ZNF677,Yes
ZNF678,Yes
ZNF679,Yes
ZNF680,Yes
ZNF681,Yes
ZNF682,Yes
ZNF683,Yes
ZNF684,Yes
ZNF687,Yes
ZNF688,Yes
ZNF689,Yes
ZNF69,Yes
ZNF691,Yes
ZNF692,Yes
ZNF695,Yes
ZNF696,Yes
ZNF697,Yes
ZNF699,Yes
ZNF7,Yes
ZNF70,Yes
ZNF700,Yes
ZNF701,Yes
ZNF703,Yes
ZNF704,Yes
ZNF705A,Yes
ZNF705B,Yes
ZNF705D,Yes
ZNF705E,Yes
ZNF705G,Yes
ZNF706,Yes
ZNF707,Yes
ZNF708,Yes
ZNF709,Yes
ZNF71,Yes
ZNF710,Yes
ZNF711,Yes
ZNF713,Yes
ZNF714,Yes
ZNF716,Yes
ZNF717,Yes
ZNF718,Yes
ZNF721,Yes
ZNF724,Yes
ZNF726,Yes
ZNF727,Yes
ZNF728,Yes
ZNF729,Yes
ZNF73,No
ZNF730,Yes
ZNF732,Yes
ZNF735,Yes
ZNF736,Yes
ZNF737,Yes
ZNF74,Yes
ZNF740,Yes
ZNF746,Yes
ZNF747,Yes
ZNF749,Yes
ZNF750,Yes
ZNF75A,Yes
ZNF75D,Yes
ZNF76,Yes
ZNF761,Yes
ZNF763,Yes
ZNF764,Yes
ZNF765,Yes
ZNF766,Yes
ZNF768,Yes
ZNF77,Yes
ZNF770,Yes
ZNF771,Yes
ZNF772,Yes
ZNF773,Yes
ZNF774,Yes
ZNF775,Yes
ZNF776,Yes
ZNF777,Yes
ZNF778,Yes
ZNF780A,Yes
ZNF780B,Yes
ZNF781,Yes
ZNF782,Yes
ZNF783,Yes
ZNF784,Yes
ZNF785,Yes
ZNF786,Yes
ZNF787,Yes
ZNF788,Yes
ZNF789,Yes
ZNF79,Yes
ZNF790,Yes
ZNF791,Yes
ZNF792,Yes
ZNF793,Yes
ZNF799,Yes
ZNF8,Yes
ZNF80,Yes
ZNF800,Yes
ZNF804A,Yes
ZNF804B,Yes
ZNF805,Yes
ZNF808,Yes
ZNF81,Yes
ZNF812P,No
ZNF813,Yes
ZNF814,Yes
ZNF816,Yes
ZNF821,Yes
ZNF823,Yes
ZNF827,Yes
ZNF829,Yes
ZNF83,Yes
ZNF830,Yes
ZNF831,Yes
ZNF835,Yes
ZNF836,Yes
ZNF837,Yes
ZNF839,No
ZNF84,Yes
ZNF841,Yes
ZNF843,Yes
ZNF844,Yes
ZNF845,Yes
ZNF846,Yes
ZNF85,Yes
ZNF850,Yes
ZNF852,Yes
ZNF853,Yes
ZNF860,Yes
ZNF865,Yes
ZNF878,Yes
ZNF879,Yes
ZNF880,Yes
ZNF883,Yes
ZNF888,Yes
ZNF891,Yes
ZNF90,Yes
ZNF91,Yes
ZNF92,Yes
ZNF93,Yes
ZNF98,Yes
ZNF99,Yes
ZSCAN1,Yes
ZSCAN10,Yes
ZSCAN12,Yes
ZSCAN16,Yes
ZSCAN18,Yes
ZSCAN2,Yes
ZSCAN20,Yes
ZSCAN21,Yes
ZSCAN22,Yes
ZSCAN23,Yes
ZSCAN25,Yes
ZSCAN26,Yes
ZSCAN29,Yes
ZSCAN30,Yes
ZSCAN31,Yes
ZSCAN32,Yes
ZSCAN4,Yes
ZSCAN5A,Yes
ZSCAN5B,Yes
ZSCAN5C,Yes
ZSCAN5DP,No
ZSCAN9,Yes
ZUFSP,Yes
ZXDA,Yes
ZXDB,Yes
ZXDC,Yes
PATZ1,Yes
ZBTB24,Yes
ZNF524,Yes
ZNF653,Yes
ZNF277,Yes
ZNF512,Yes
ZEB1,Yes
ZEB2,Yes
ZFHX3,Yes
ZFHX4,Yes
TRERF1,Yes
ZNF541,Yes
NFYA,Yes
CPSF4,No
CPSF4L,No
DHX57,No
DUS3L,No
HELZ,No
MBNL1,No
MBNL2,Yes
MBNL3,No
MKRN1,No
MKRN2,No
NUPL2,No
PARP12,No
PPP1R10,No
PRR3,No
RC3H1,No
RC3H2,No
RNF113A,No
RNF113B,No
TOE1,No
TRMT1,No
UNK,No
UNKL,No
ZC3H10,No
ZC3H11A,No
ZC3H12A,No
ZC3H13,No
ZC3H14,No
ZC3H15,No
ZC3H18,No
ZC3H3,No
ZC3H4,No
ZC3H6,No
ZC3H7A,No
ZC3H7B,No
ZC3H8,Yes
ZC3HAV1,No
ZFP36,No
ZFP36L1,No
ZFP36L2,No
ZGPAT,Yes
ZMAT5,No
ZRSR1,No
ZRSR2,No
CENPB,Yes
CENPBD1,Yes
JRK,Yes
JRKL,Yes
TIGD1,Yes
TIGD2,Yes
TIGD3,Yes
TIGD4,Yes
TIGD5,Yes
TIGD6,Yes
TIGD7,Yes
CAMTA1,Yes
CAMTA2,Yes
CARHSP1,No
CSDC2,No
CSDE1,No
LIN28A,Yes
LIN28B,Yes
YBX1,Yes
YBX2,Yes
YBX3,Yes
RBPJ,Yes
RBPJL,Yes
CUX1,Yes
CUX2,Yes
ONECUT1,Yes
ONECUT2,Yes
ONECUT3,Yes
SATB1,Yes
SATB2,Yes
CXXC1,Yes
CXXC4,Yes
CXXC5,Yes
DNMT1,Yes
FBXL19,Yes
KDM2A,Yes
KDM2B,Yes
TET1,Yes
TET3,Yes
KMT2A,Yes
KMT2B,Yes
DMRT1,Yes
DMRT2,Yes
DMRT3,Yes
DMRTA1,Yes
DMRTA2,Yes
DMRTB1,Yes
DMRTC2,Yes
E2F1,Yes
E2F2,Yes
E2F3,Yes
E2F4,Yes
E2F5,Yes
E2F6,Yes
E2F7,Yes
E2F8,Yes
TFDP1,Yes
TFDP2,Yes
TFDP3,Yes
EBF1,Yes
EBF2,Yes
EBF3,Yes
EBF4,Yes
EHF,Yes
ELF1,Yes
ELF2,Yes
ELF4,Yes
ELF5,Yes
ELK1,Yes
ELK3,Yes
ELK4,Yes
ERF,Yes
ERG,Yes
ETS1,Yes
ETS2,Yes
ETV1,Yes
ETV2,Yes
ETV3,Yes
ETV3L,Yes
ETV4,Yes
ETV5,Yes
ETV6,Yes
ETV7,Yes
FEV,Yes
FLI1,Yes
GABPA,Yes
SPDEF,Yes
SPI1,Yes
SPIB,Yes
SPIC,Yes
ELF3,Yes
FLYWCH1,Yes
FOXA1,Yes
FOXA2,Yes
FOXA3,Yes
FOXB1,Yes
FOXB2,Yes
FOXC1,Yes
FOXC2,Yes
FOXD1,Yes
FOXD2,Yes
FOXD3,Yes
FOXD4,Yes
FOXD4L1,Yes
FOXD4L2,No
FOXD4L3,Yes
FOXD4L4,Yes
FOXD4L5,Yes
FOXD4L6,Yes
FOXE1,Yes
FOXE3,Yes
FOXF1,Yes
FOXF2,Yes
FOXG1,Yes
FOXH1,Yes
FOXI1,Yes
FOXI2,Yes
FOXI3,Yes
FOXJ1,Yes
FOXJ2,Yes
FOXJ3,Yes
FOXK1,Yes
FOXK2,Yes
FOXL1,Yes
FOXL2,Yes
FOXM1,Yes
FOXN1,Yes
FOXN2,Yes
FOXN3,Yes
FOXN4,Yes
FOXO1,Yes
FOXO3,Yes
FOXO4,Yes
FOXO6,Yes
FOXP1,Yes
FOXP2,Yes
FOXP3,Yes
FOXP4,Yes
FOXQ1,Yes
FOXR1,Yes
FOXR2,Yes
FOXS1,Yes
ZFYVE26,No
GATA1,Yes
GATA2,Yes
GATA3,Yes
GATA4,Yes
GATA5,Yes
GATA6,Yes
GATAD1,No
GATAD2A,Yes
GATAD2B,Yes
TRPS1,Yes
ZGLP1,Yes
GCM1,Yes
GCM2,Yes
GRHL1,Yes
GRHL2,Yes
GRHL3,Yes
TFCP2,Yes
TFCP2L1,Yes
UBP1,Yes
GTF2I,Yes
GTF2IRD1,Yes
GTF2IRD2,Yes
GTF2IRD2B,Yes
AC105001.2,No
BBX,Yes
CCDC124,No
CHD3,No
CHD4,No
CIC,Yes
HBP1,Yes
HMG20A,Yes
HMG20B,Yes
HMGB1,No
HMGB2,No
HMGB3,No
HMGB4,No
HMGN1,No
HMGN3,Yes
HMGXB3,No
HMGXB4,No
KMT2C,No
KMT2D,No
LEF1,Yes
MAEL,No
NSD2,No
PBRM1,No
PMS1,No
SMARCE1,No
SOX1,Yes
SOX10,Yes
SOX11,Yes
SOX12,Yes
SOX13,Yes
SOX14,Yes
SOX15,Yes
SOX17,Yes
SOX18,Yes
SOX2,Yes
SOX21,Yes
SOX3,Yes
SOX30,Yes
SOX4,Yes
SOX5,Yes
SOX6,Yes
SOX7,Yes
SOX8,Yes
SOX9,Yes
SRY,Yes
SSRP1,No
TCF7,Yes
TCF7L1,Yes
TCF7L2,Yes
TFAM,No
TOX,No
TOX2,No
TOX3,No
TOX4,No
UBTF,No
UBTFL1,No
WDHD1,No
BHMG1,No
ADNP,Yes
ADNP2,Yes
ALX1,Yes
ALX3,Yes
ALX4,Yes
ANHX,Yes
ARGFX,Yes
ARX,Yes
BARHL1,Yes
BARHL2,Yes
BARX1,Yes
BARX2,Yes
BSX,Yes
CDX1,Yes
CDX2,Yes
CDX4,Yes
CERS2,No
CERS3,No
CERS4,No
CERS5,No
CERS6,No
CRX,Yes
DBX1,Yes
DBX2,Yes
DLX1,Yes
DLX2,Yes
DLX3,Yes
DLX4,Yes
DLX5,Yes
DLX6,Yes
DMBX1,Yes
DPRX,Yes
DRGX,Yes
DUX1,Yes
DUX3,Yes
DUX4,Yes
DUXA,Yes
EMX1,Yes
EMX2,Yes
EN1,Yes
EN2,Yes
ESX1,Yes
EVX1,Yes
EVX2,Yes
GBX1,Yes
GBX2,Yes
GSC,Yes
GSC2,Yes
GSX1,Yes
GSX2,Yes
HDX,Yes
HESX1,Yes
HHEX,Yes
HLX,Yes
HMBOX1,Yes
HMX1,Yes
HMX2,Yes
HMX3,Yes
HNF1A,Yes
HNF1B,Yes
HOMEZ,Yes
HOPX,No
HOXA1,Yes
HOXA10,Yes
HOXA11,Yes
HOXA13,Yes
HOXA2,Yes
HOXA3,Yes
HOXA4,Yes
HOXA5,Yes
HOXA6,Yes
HOXA7,Yes
HOXA9,Yes
HOXB1,Yes
HOXB13,Yes
HOXB2,Yes
HOXB3,Yes
HOXB4,Yes
HOXB5,Yes
HOXB6,Yes
HOXB7,Yes
HOXB8,Yes
HOXB9,Yes
HOXC10,Yes
HOXC11,Yes
HOXC12,Yes
HOXC13,Yes
HOXC4,Yes
HOXC5,Yes
HOXC6,Yes
HOXC8,Yes
HOXC9,Yes
HOXD1,Yes
HOXD10,Yes
HOXD11,Yes
HOXD12,Yes
HOXD13,Yes
HOXD3,Yes
HOXD4,Yes
HOXD8,Yes
HOXD9,Yes
IRX1,Yes
IRX2,Yes
IRX3,Yes
IRX4,Yes
IRX5,Yes
IRX6,Yes
ISL1,Yes
ISL2,Yes
ISX,Yes
LBX1,Yes
LBX2,Yes
LEUTX,Yes
LHX1,Yes
LHX2,Yes
LHX3,Yes
LHX4,Yes
LHX5,Yes
LHX6,Yes
LHX8,Yes
LHX9,Yes
LMX1A,Yes
LMX1B,Yes
MEIS1,Yes
MEIS2,Yes
MEIS3,Yes
MEOX1,Yes
MEOX2,Yes
MIXL1,Yes
MKX,Yes
MNX1,Yes
MSX1,Yes
MSX2,Yes
NANOG,Yes
NANOGNB,Yes
NANOGP8,Yes
NKX1-1,Yes
NKX1-2,Yes
NKX2-1,Yes
NKX2-2,Yes
NKX2-3,Yes
NKX2-4,Yes
NKX2-5,Yes
NKX2-6,Yes
NKX2-8,Yes
NKX3-1,Yes
NKX3-2,Yes
NKX6-1,Yes
NKX6-2,Yes
NKX6-3,Yes
NOBOX,Yes
NOTO,Yes
OTP,Yes
OTX1,Yes
OTX2,Yes
PBX1,Yes
PBX2,Yes
PBX3,Yes
PBX4,Yes
PDX1,Yes
PHOX2A,Yes
PHOX2B,Yes
PITX1,Yes
PITX2,Yes
PITX3,Yes
PKNOX1,Yes
PKNOX2,Yes
PROP1,Yes
PRRX1,Yes
PRRX2,Yes
RAX,Yes
RAX2,Yes
RHOXF1,Yes
RHOXF2,Yes
RHOXF2B,Yes
SEBOX,Yes
SHOX,Yes
SHOX2,Yes
SIX1,Yes
SIX2,Yes
SIX3,Yes
SIX4,Yes
SIX5,Yes
SIX6,Yes
TGIF1,Yes
TGIF2,Yes
TGIF2LX,Yes
TGIF2LY,Yes
TLX1,Yes
TLX2,Yes
TLX3,Yes
TPRX1,Yes
UNCX,Yes
VAX1,Yes
VAX2,Yes
VENTX,Yes
VSX1,Yes
VSX2,Yes
ZFHX2,Yes
ZHX1,Yes
ZHX2,Yes
ZHX3,Yes
PAX2,Yes
PAX3,Yes
PAX4,Yes
PAX6,Yes
PAX7,Yes
POU1F1,Yes
POU2F1,Yes
POU2F2,Yes
POU2F3,Yes
POU3F1,Yes
POU3F2,Yes
POU3F3,Yes
POU3F4,Yes
POU4F1,Yes
POU4F2,Yes
POU4F3,Yes
POU5F1,Yes
POU5F1B,Yes
POU5F2,Yes
POU6F1,Yes
POU6F2,Yes
HSF1,Yes
HSF2,Yes
HSF4,Yes
HSF5,Yes
HSFX1,Yes
HSFX2,Yes
HSFY1,Yes
HSFY2,Yes
IRF1,Yes
IRF2,Yes
IRF3,Yes
IRF4,Yes
IRF5,Yes
IRF6,Yes
IRF7,Yes
IRF8,Yes
IRF9,Yes
LYAR,No
MSANTD1,Yes
MSANTD3,Yes
NAIF1,Yes
BORCS8-MEF2B,Yes
MEF2A,Yes
MEF2B,Yes
MEF2C,Yes
MEF2D,Yes
SRF,Yes
BAZ2B,Yes
MBD2,Yes
MBD3,Yes
MBD4,Yes
MBD6,Yes
PIN1,Yes
SETDB1,Yes
SETDB2,Yes
BAZ2A,Yes
MECP2,Yes
MBD1,Yes
MTERF1,Yes
MTERF2,Yes
MTERF3,Yes
MTERF4,Yes
NEB,No
C17orf49,No
CDC5L,Yes
CHD2,No
CRAMP1,No
DMTF1,Yes
DNAJC1,No
DNAJC2,No
ELMSAN1,No
KIAA1841,No
MIER1,No
MIER2,No
MIER3,No
MIS18BP1,No
MSANTD4,Yes
MYB,Yes
MYBL1,Yes
MYBL2,Yes
MYPOP,Yes
MYSM1,Yes
NCOR1,No
NCOR2,No
PRDM11,No
RCOR1,No
RCOR2,No
RCOR3,No
SMARCA1,No
SMARCA5,No
SMARCC1,No
SMARCC2,No
SNAPC4,Yes
TADA2A,No
TADA2B,No
TERB1,Yes
TERF1,Yes
TERF2,Yes
TERF2IP,No
TTF1,Yes
ZZZ3,Yes
MTA1,No
MTA2,No
MTA3,No
RERE,No
ZMYM1,No
ZMYM2,No
ZMYM3,No
ZMYM4,No
ZMYM5,No
ZMYM6,No
ZMYND10,No
MYRF,Yes
MYRFL,Yes
NFX1,Yes
NFXL1,Yes
ZNF330,No
AR,Yes
ESR1,Yes
ESR2,Yes
ESRRA,Yes
ESRRB,Yes
ESRRG,Yes
HNF4A,Yes
HNF4G,Yes
NR0B1,Yes
NR1D1,Yes
NR1D2,Yes
NR1H2,Yes
NR1H3,Yes
NR1H4,Yes
NR1I2,Yes
NR1I3,Yes
NR2C1,Yes
NR2C2,Yes
NR2E1,Yes
NR2E3,Yes
NR2F1,Yes
NR2F2,Yes
NR2F6,Yes
NR3C1,Yes
NR3C2,Yes
NR4A1,Yes
NR4A2,Yes
NR4A3,Yes
NR5A1,Yes
NR5A2,Yes
NR6A1,Yes
PGR,Yes
PPARA,Yes
PPARD,Yes
PPARG,Yes
RARA,Yes
RARB,Yes
RARG,Yes
RORA,Yes
RORB,Yes
RORC,Yes
RXRA,Yes
RXRB,Yes
RXRG,Yes
THRA,Yes
THRB,Yes
VDR,Yes
AATF,No
ABL1,No
ABRA,No
AC020915.1,No
ACOD1,No
ACTR3B,No
ACTR3C,No
ADAM8,No
ADAMTS17,No
ADAMTS19,No
ADAR,No
ADGRA1,No
ADGRG3,No
AEBP1,Yes
AES,No
AFAP1 ,No
AFF1,No
AFF3,No
AFF4,No
AGER,No
AGT,No
AIM2,No
AKT1,No
ALK,No
ALKBH2,No
AMH,No
ANAPC2,No
ANKRD30A,No
ANXA3,No
ANXA4,No
AP5Z1,No
APBB3,No
APEX1,No
APOBEC3A,No
APOBEC3B,No
APOBEC3G,No
APTX,No
ARHGAP35,Yes
ARHGEF2,No
ARHGEF5,No
ARRB1,No
ARRB2,No
ASCC1,No
ATF7IP,No
ATM,No
ATR,No
ATRX,No
ATXN7,No
BAG1,No
BANF1,No
BANP,No
BCL10,No
BCL3,No
BCLAF1,No
BCOR,No
BDP1,No
BEX1,No
BIN1,No
BLM,No
BLZF1,No
BMI1,No
BMP2,No
BMP4,No
BMP7,No
BMPR1A,No
BOD1L1,No
BOLA1,No
BOLA2,No
BOLA2B,No
BOLA3,No
BPNT1,No
BPTF,Yes
BRCA1,No
BRD4,No
BRD7,No
BRD8,No
BRD9,No
BRF1,No
BRF2,Yes
BRMS1,No
BRPF1,No
BTAF1,No
BTBD8,No
BTG2,No
BTK,No
BTRC,No
BUD31,No
C14orf39,No
C1D,No
C20orf194,No
C3orf33,No
CACTIN,No
CAMK1D,No
CAMK2A,No
CAPN15,No
CAPN3,No
CARD11,No
CARD14,No
CARF,Yes
CASP8AP2,No
CAT,No
CBFA2T2,No
CBFA2T3,No
CBFB,No
CBL,No
CBLL1,No
CC2D1A,Yes
CC2D1B,No
CCDC71,No
CCNT1,No
CCNT2,No
CD36,No
CD40,No
CD40LG,No
CDC6,No
CDK5RAP3,No
CDK7,No
CDK8,No
CDK9,No
CDKN1A,No
CDKN2A,No
CEBPZ,Yes
CELF3,No
CENPA,Yes
CENPS,Yes
CENPT,Yes
CENPX,Yes
CFLAR,No
CGGBP1,Yes
CHCHD3,Yes
CHD1,No
CHD6,No
CHD7,No
CHD9,No
CHP1,No
CHRAC1,No
CHUK,No
CHURC1,No
CIB1,No
CIITA,No
CIR1,No
CITED1,No
CITED2,No
CITED4,No
CIZ1,No
CLU,No
CMKLR1,No
CNBP,No
CNOT3,No
CNOT4,No
CNOT7,No
CNOT8,No
COMMD1,No
COMMD6,No
COMMD7,No
COPS2,No
COPS3,No
COPS4,No
CPEB1,Yes
CREBBP,No
CREG1,No
CRTC1,No
CRTC2,No
CRTC3,No
CSRNP1,Yes
CSRNP2,Yes
CSRNP3,Yes
CTBP1,No
CTBP2,No
CTH,No
CTNNB1,No
CTNNBIP1,No
CUL1,No
CUL2,No
CUL3,No
CUL4A,No
CUL4B,No
CUL5,No
CYLD,No
CYP1B1,No
CYTL1,No
DAB2IP,No
DACH1,Yes
DACH2,Yes
DAP,No
DAXX,No
DCP1A,No
DDB1,No
DDB2,No
DDN,No
DDR2,No
DDRGK1,No
DDX3X,No
DDX5,No
DDX58,No
DEK,No
DEPDC1,No
DEPDC1B,No
DEPDC4,No
DEPDC5,No
DEPDC7,No
DEPTOR,No
DHX34,No
DHX36,No
DISP3,No
DMAP1,No
DMC1,No
DMRTC1,No
DNA2,No
DNAJA3,No
DNAJC21,No
DNMT3A,No
DNMT3B,No
DNMT3L,No
DNTT,No
DPF2,No
DR1,Yes
DRAP1,Yes
DSP,No
DTX1,No
DUSP12,No
DVL1,No
DVL2,No
DVL3,No
DZIP1L,No
EAF2,No
EDA,No
EDA2R,No
EDF1,No
EDN1,No
EED,No
EGLN1,No
EID1,No
EID2,No
EIF2AK2,No
EIF2AK4,No
EIF3C,No
EIF3CL,No
EIF3K,No
EME1,No
ENO1,No
EP300,No
EP400,No
EPHA5,No
EPM2AIP1,No
ERBIN,No
ERC1,No
ERCC3,No
ERCC4,No
EWSR1,No
EXO1,No
EXOC2,No
EXOG,No
EZH1,No
EZH2,No
FAAP24,No
FAM153C,No
FAM171B,No
FAM200A,No
FAN1,No
FANCA,No
FANCD2,No
FANK1,No
FARSA,No
FARSB,No
FBN1,No
FBXO41,No
FEN1,No
FER,No
FGD1,No
FHL2,No
FLNA,No
FMNL2,No
FUBP1,No
FUBP3,No
FUS,No
FZD1,No
FZD2,No
FZD4,No
FZD6,No
GABPB1,No
GABPB2,No
GADD45A,No
GAS6,No
GAS7,No
GCFC2,No
GEN1,No
GLMP,Yes
GOLGB1,No
GON4L,No
GPATCH8,No
GPBP1,Yes
GPBP1L1,Yes
GPER1,No
GPR155,No
GREM1,No
GRM6,No
GTF2A1,No
GTF2A1L,No
GTF2A2,No
GTF2B,Yes
GTF2E2,No
GTF2F1,No
GTF2F2,No
GTF2H1,No
GTF2H2,No
GTF2H2C,No
GTF2H3,No
GTF2H4,No
GTF3C1,No
GTF3C2,No
H1F0,No
H1FOO,No
H1FX,No
HAVCR2,No
HCFC1,No
HCK,No
HDAC1,No
HDAC10,No
HDAC2,No
HDAC3,No
HDAC4,No
HDAC5,No
HDAC6,No
HDAC7,No
HDAC8,No
HDAC9,No
HELZ2,No
HIPK2,No
HIRA,No
HIST1H1A,No
HIST1H1B,No
HIST1H1C,No
HIST1H1D,No
HIST1H1E,No
HIST1H1T,No
HLA-DQB1,No
HLA-DQB2,No
HLA-DRB1,No
HLA-DRB3,No
HLA-DRB5,No
HLTF,No
HMOX1,No
HNRNPA1,No
HNRNPA3,No
HNRNPAB,No
HNRNPCL2,No
HNRNPD,No
HNRNPDL,No
HNRNPK,No
HNRNPL,No
HNRNPU,No
HP1BP3,No
HR,No
HSBP1,No
HSPA1A,No
HSPA1B,No
ICAM1,No
IFI16,No
IFNB1,No
IGHM,No
IKBKB,No
IKBKG,No
IL10,No
IL1B,No
IL1RAP,No
IL4,No
IL5,No
IL6,No
INF2,No
ING4,No
INS,No
IRAK1,No
IRAK2,No
IRAK3,No
IRF2BP1,No
ITCH,No
ITGB2,No
ITGB3BP,No
IZUMO2,No
JADE1,No
JAK2,No
JMY,No
JUP,No
KANSL2,No
KAT2A,No
KAT2B,No
KAT5,No
KAT6A,No
KAT6B,No
KAT8,No
KCNIP3,Yes
KDM1A,No
KDM3A,No
KEAP1,No
KIAA1549,No
KIAA1683,No
KIAA1958,No
KIT,No
KNTC1,No
KRAS,No
KRBOX1,No
KRTAP5-1,No
KRTAP5-9,No
KRTAP9-9,No
LARP1,No
LARP1B,No
LARP4,No
LARP4B,No
LARP6,No
LARP7,No
LGALS9,No
LGR4,No
LIG1,No
LIG3,No
LMO2,No
LMO4,No
LPP,No
LRP5,No
LRP6,No
LRP8,No
LRRFIP1,No
LRRFIP2,No
LSR,No
LTF,Yes
LTN1,No
LZTFL1,No
LZTR1,No
LZTS1,No
MACC1,No
MACF1,No
MAD2L2,No
MALT1,No
MAML1,No
MAML3,No
MAP2K5,No
MAP3K10,No
MAP3K13,No
MAP3K7,No
MAPK1,No
MAPK10,No
MAPK11,No
MAPK14,No
MAPK3,No
MAPK8,No
MAPK9,No
MATR3,No
MAVS,No
MB21D1,No
MBTPS2,No
MDFI,No
MDM2,No
MDM4,No
MED1,No
MED12,No
MED13,No
MED13L,No
MED14,No
MED15,No
MED16,No
MED17,No
MED21,No
MED23,No
MED24,No
MED6,No
MEN1,No
MET,No
MGMT,No
MID2,No
MINK1,No
MKL1,No
MKL2,No
MKRN3,No
MLLT1,No
MLLT10,No
MLLT11,No
MLLT3,No
MLLT6,No
MN1,No
MNAT1,No
MPG,No
MRPL28,No
MRRF,No
MSH2,No
MSH3,No
MSH6,No
MSL3,No
MSRB2,No
MST1R,No
MTDH,No
MTF2,Yes
MTPN,No
MUS81,No
MYBBP1A,No
MYCBP,No
MYD88,No
MYEF2,No
MYOCD,No
NAB2,No
NABP2,No
NACC2,Yes
NCOA4,No
NCOA5,No
NCOA6,No
NCOA7,No
NDN,No
NDP,No
NEIL1,No
NFAM1,No
NFE4,Yes
NFKBIA,No
NFKBIB,No
NFKBID,No
NFKBIL1,No
NFKBIZ,No
NFRKB,No
NFYB,Yes
NFYC,Yes
NKRF,Yes
NLRC3,No
NLRC4,No
NLRC5,No
NLRP12,No
NLRP2B,No
NLRP3,No
NME2,Yes
NOC3L,No
NOC4L,No
NOCT,No
NOD1,No
NOD2,No
NODAL,No
NONO,No
NOP2,No
NOTCH1,No
NOTCH2,No
NOTCH3,No
NPM1,No
NR0B2,No
NRF1,Yes
NRG1,No
NRIP1,No
NRIP3,No
NRK,No
NSD1,No
NTRK1,No
NUCKS1,No
NUP98,No
OGG1,No
OPRD1,No
OTOP3,No
OTULIN,No
PA2G4,Yes
PABPN1,No
PARK7,No
PARP1,No
PARP10,No
PAWR,No
PAXBP1,No
PAXIP1,No
PCBD1,No
PCBP1,No
PCBP2,No
PCBP3,No
PCGF2,Yes
PCGF6,Yes
PCNA,No
PCSK6,No
PDCD7,No
PDS5B,No
PELI1,No
PER1,No
PER2,No
PER3,No
PEX14,No
PFDN1,No
PGBD1,No
PGS1,No
PHB,No
PHB2,No
PHF1,Yes
PHF19 ,Yes
PHF5A,No
PHTF1,No
PHTF2,No
PIAS1,No
PIAS2,No
PIAS3,No
PIAS4,No
PIDD1,No
PIKFYVE,No
PIM1,No
PINK1,No
PKHD1,No
PKHD1L1,No
PLA2G10,No
PLA2G1B,No
PLEK,No
PLEK2,No
PLEKHA4,No
PLPP3,No
PLSCR1,Yes
PLXNA1,No
PLXNA2,No
PLXNA3,No
PLXNA4,No
PLXNB1,No
PLXNB2,No
PLXNB3,No
PLXNC1,No
PLXND1,No
PML,No
PNKP,No
POGZ,No
POLA1,No
POLB,No
POLE3,No
POLE4,No
POLG,No
POLH,No
POLI,No
POLK,No
POLL,No
POLM,No
POLN,No
POLQ,No
POLR1B,No
POLR2A,No
POLR2B,No
POLR2E,No
POLR2J,No
POLR2K,No
POLR2L,No
POLR3A,No
POLRMT,No
POT1,No
POU2AF1,Yes
PPARGC1A,No
PPARGC1B,No
PPP1R13L,No
PPP2R3B,No
PPP2R5B,No
PPP3CA,No
PPRC1,No
PQBP1,No
PRAM1,No
PRAP1,No
PRB3,No
PRDM7,No
PRDX3,No
PREB,Yes
PREX1,No
PREX2,No
PRH2,No
PRIM2,No
PRIMPOL,No
PRKCB,No
PRKCH,No
PRKCI,No
PRKCQ,No
PRKCZ,No
PRKD1,No
PRKD2,No
PRKN,No
PRMT2,No
PRNP,No
PSMA6,No
PSMC5,No
PSMD10,No
PSMD11,No
PSMD12,No
PSPC1,No
PTCH1,No
PTEN,No
PTGIS,No
PTH,No
PTTG1,No
PUM3,No
PURA,Yes
PURB,Yes
PURG,Yes
PYCARD,No
PYDC1,No
PYDC2,No
QRICH1,No
RAB7B,No
RAD21,No
RAD51,No
RAG1,Yes
RAI1,No
RAPGEF3,No
RAPGEF4,No
RAPGEF5,No
RB1,No
RBBP7,No
RBCK1,Yes
RBL1,No
RBL2,No
RBM10,No
RBM20,No
RBM22,No
RBM26,No
RBM27,No
RBM5,No
RBM6,No
RCAN1,No
RECQL,No
RELL2,No
RELN,No
REV1,No
REXO4,Yes
RFC1,No
RFXANK,No
RFXAP,No
RGCC,No
RGS11,No
RGS6,No
RGS7,No
RGS9,No
RHEBL1,No
RING1,No
RIOK2,No
RIPK1,No
RIPK2,No
RIPK3,No
RIPK4,No
RLIM,No
RNASE2,No
RNASEH1,No
RNF114,No
RNF125,No
RNF138,No
RNF14,No
RNF166,No
RNF2,No
RNF25,No
RNF31,No
RNF4,No
RNF41,No
RPA2,No
RPA4,No
RPL7,No
RPL7A,No
RPS27A,No
RPS6KA4,No
RPS6KA5,No
RRN3,No
RUNX1T1,No
RWDD3,No
RYBP,No
S100A12,No
S100A8,No
S100A9,No
SAFB,Yes
SAFB2,Yes
SAV1,No
SCAND1,No
SCAND2P,No
SCAPER,No
SCMH1,Yes
SCML1,No
SCML2,No
SEMA4A,No
SERTAD1,No
SERTAD2,No
SETD6,No
SF3A2,No
SF3A3,No
SFPQ,No
SFRP4,No
SFRP5,No
SFTPB,No
SGK1,No
SGK3,No
SHH,No
SHPRH,No
SIGIRR,No
SIK1,No
SIN3A,No
SIN3B,No
SIRT1,No
SIRT2,No
SIRT3,No
SIRT6,No
SIVA1,No
SKI,Yes
SKIDA1,No
SKIL,Yes
SKOR1,Yes
SLC22A4,No
SLC26A10,No
SLC26A3,No
SLC30A9,No
SLC39A10,No
SLC4A10,No
SMARCA2,No
SMARCA4,No
SMARCAL1,No
SMARCB1,No
SMARCD1,No
SMARCD2,No
SMARCD3,No
SMC3,No
SMO,No
SMUG1,No
SMYD1,No
SMYD3,Yes
SNAPC2,Yes
SNAPC5,Yes
SNRPC,No
SNURF,No
SNW1,No
SOGA3,No
SON,Yes
SORBS2,No
SPEN,Yes
SPHK1,No
SPZ1,Yes
SSB,No
SSBP2,No
SSBP3,No
SSBP4,No
SSH1,No
SSH2,No
SSH3,No
SSX1,No
STAG1,No
STK16,No
STK3,No
STK36,No
STRN,No
STRN3,No
SUB1,No
SUFU,No
SUMO1,No
SUPT16H,No
SUPT4H1,No
SUPT5H,No
SUPT6H,No
SUV39H1,No
SUV39H2,No
SUZ12,No
SYK,No
TAB1,No
TAB2,No
TAB3,No
TADA3,No
TAF1,No
TAF10,No
TAF11,No
TAF12,No
TAF13,No
TAF1A,No
TAF1B,No
TAF1C,No
TAF1L,No
TAF2,No
TAF3,No
TAF4,No
TAF4B,No
TAF5,No
TAF5L,No
TAF6,No
TAF6L,No
TAF7,No
TAF7L,No
TAF8,No
TAF9,No
TAF9B,No
TARDBP,No
TAX1BP1,No
TBL1Y,No
TCEA2,No
TCEAL1,No
TCEAL7,No
TCEAL8,No
TCF19,No
TCF20,Yes
TCF25,No
TDG,No
TDP1,No
TDP2,No
TET2,Yes
TGFB1,No
TGFB1I1,No
TGS1,No
THRAP3,No
THYN1,Yes
TIA1,No
TICAM1,No
TIPARP,No
TIRAP,No
TLE1,No
TLE2,No
TLE3,No
TLE4,No
TLE6,No
TLR2,No
TLR3,No
TLR4,No
TLR9,No
TMEM235,No
TMF1,Yes
TNF,No
TNFAIP3,No
TNFRSF11A,No
TNFRSF4,No
TNFSF11,No
TNFSF18,No
TNFSF4,No
TONSL,No
TOP1,No
TOP2A,No
TOP2B,No
TOPORS,Yes
TP53BP1,No
TRADD,No
TRAF1,No
TRAF2,No
TRAF3,No
TRAF4,No
TRAF5,No
TRAF6,No
TRAPPC9,No
TREX1,No
TRIB1,No
TRIB3,No
TRIM13,No
TRIM14,No
TRIM15,No
TRIM21,No
TRIM22,No
TRIM23,No
TRIM24,No
TRIM25,No
TRIM26,No
TRIM27,No
TRIM28,No
TRIM29,No
TRIM3,No
TRIM31,No
TRIM32,No
TRIM33,No
TRIM34,No
TRIM37,No
TRIM38,No
TRIM40,No
TRIM5,No
TRIM52,No
TRIM62,No
TRIM8,No
TRIP11,No
TRIT1,No
TRMT1L,No
TRRAP,No
TSC2,No
TSC22D1,Yes
TSC22D2,No
TSC22D3,No
TSC22D4,No
TSN,No
TSSK4,No
TUB,No
TULP4,No
TUT1,No
TXK,No
U2AF1,No
U2AF1L4,No
UBA52,No
UBB,No
UBC,No
UBE2K,No
UBE2N,No
UBE2V1,No
UBN1,No
UBR4,No
UBTFL6,No
UFL1,No
UHRF1,No
UHRF2,No
UNG,No
USP39,No
USP7,No
UTF1,No
VAV1,No
VEGFA,No
VGLL1,No
VGLL2,No
VGLL3,No
VHLL,No
VPS72,No
WFS1,No
WNT1,No
WNT10B,No
WNT2,No
WNT3A,No
WNT5A,No
WNT8B,No
WRN,No
WWOX,No
WWP2,No
WWTR1,No
XCL1,No
XPA,Yes
YEATS2,No
YEATS4,No
YOD1,No
ZBED6CL,No
ZBP1,No
ZCCHC11,No
ZCCHC6,No
ZDHHC11,No
ZDHHC19,No
ZMAT2,No
ZNF137P,No
ZNF185,No
ZNF638,No
ZNF720,No
ZNF738,No
ZNF862,No
ZNFX1,No
ZRANB2,No
TP53,Yes
TP63,Yes
TP73,Yes
PAX1,Yes
PAX5,Yes
PAX8,Yes
PAX9,Yes
LCOR,Yes
LCORL,Yes
PROX1,Yes
PROX2,Yes
NFAT5,Yes
NFATC1,Yes
NFATC2,Yes
NFATC3,Yes
NFATC4,Yes
NFKB1,Yes
NFKB2,Yes
REL,Yes
RELA,Yes
RELB,Yes
RFX1,Yes
RFX2,Yes
RFX3,Yes
RFX4,Yes
RFX5,Yes
RFX6,Yes
RFX7,Yes
RFX8,Yes
RUNX1,Yes
RUNX2,Yes
RUNX3,Yes
AIRE,Yes
DEAF1,Yes
GLA,No
GMEB1,Yes
GMEB2,Yes
SKOR2,Yes
SP100,Yes
SP110,Yes
SP140,Yes
SP140L,Yes
SART1,No
RPL36A,No
NFIA,Yes
NFIB,Yes
NFIC,Yes
NFIX,Yes
SMAD1,Yes
SMAD2,No
SMAD3,Yes
SMAD4,Yes
SMAD5,Yes
SMAD6,No
SMAD7,No
SMAD9,Yes
STAT1,Yes
STAT2,Yes
STAT3,Yes
STAT4,Yes
STAT5A,Yes
STAT5B,Yes
STAT6,Yes
EOMES,Yes
MGA,Yes
T,Yes
TBR1,Yes
TBX1,Yes
TBX10,Yes
TBX15,Yes
TBX18,Yes
TBX19,Yes
TBX2,Yes
TBX20,Yes
TBX21,Yes
TBX22,Yes
TBX3,Yes
TBX4,Yes
TBX5,Yes
TBX6,Yes
TBP,Yes
TBPL1,Yes
TBPL2,Yes
LIN54,Yes
TESMIN,No
APOA4,No
TEAD1,Yes
TEAD2,Yes
TEAD3,Yes
TEAD4,Yes
THAP1,Yes
THAP10,Yes
THAP11,Yes
THAP12,Yes
THAP2,Yes
THAP3,Yes
THAP4,Yes
THAP5,Yes
THAP6,Yes
THAP7,Yes
THAP8,Yes
THAP9,Yes
ZFAND5,No
