,ClusterName
Mix-1:AAAGCAACACTTCGAAx,3d
Mix-1:AACTCTTCACAGCCCAx,3d
Mix-1:AAGCCGCAGGAATCGCx,3d
Mix-1:ACACTGAGTAACGCGAx,3d
Mix-1:ACACTGATCAACGCTAx,3d
Mix-1:ACCTTTACAGACACTTx,3d
Mix-1:ACGCCAGGTTCTGAACx,1d
Mix-1:ACGGGTCAGATATGGTx,3d
Mix-1:AGAATAGAGTATCGAAx,3d
Mix-1:AGCGGTCTCACCACCTx,3d
Mix-1:AGCTTGAGTCAGATAAx,3d
Mix-1:AGCTTGAGTCATTAGCx,3d
Mix-1:AGGGATGAGATGGCGTx,3d
Mix-1:AGGGATGTCAGCACATx,3d
Mix-1:AGTCTTTGTGCAACGAx,3d
Mix-1:AGTGAGGGTTCTGTTTx,3d
Mix-1:ATCCACCCAGACAAGCx,1d
Mix-1:ATTATCCCAGTGGGATx,3d
Mix-1:ATTTCTGCAACTGCGCx,3d
Mix-1:CAACTAGAGATGTGGCx,3d
Mix-1:CAAGTTGTCAGGTTCAx,3d
Mix-1:CACACAACACACCGACx,3d
Mix-1:CACCACTTCAACACCAx,3d
Mix-1:CACCAGGTCTGGCGTGx,3d
Mix-1:CAGCCGATCCTTGCCAx,3d
Mix-1:CAGGTGCTCTTGAGGTx,3d
Mix-1:CCAGCGAAGTCCCACGx,3d
Mix-1:CCAGCGAGTTAAGAACx,3d
Mix-1:CCTATTAAGCGCCTCAx,3d
Mix-1:CCTATTAAGTGTCCCGx,3d
Mix-1:CCTCAGTTCACGATGTx,3d
Mix-1:CCTCTGAGTTGTACACx,3d
Mix-1:CGATGGCGTACATGTCx,3d
Mix-1:CGCCAAGGTAAGAGAGx,1d
Mix-1:CGCTTCAGTATCGCATx,3d
Mix-1:CGTCCATTCCGAGCCAx,3d
Mix-1:CTACATTGTACGCACCx,3d
Mix-1:CTACATTGTACTCTCCx,3d
Mix-1:CTCGTACAGGGTGTGTx,3d
Mix-1:CTCGTCACACAGCCCAx,3d
Mix-1:CTGCCTACATGCATGTx,1d
Mix-1:CTGCGGAAGACAAGCCx,3d
Mix-1:CTGTGCTGTACGAAATx,3d
Mix-1:GAAGCAGTCACAAACCx,3d
Mix-1:GAATGAACACACATGTx,3d
Mix-1:GACACGCGTTGAACTCx,3d
Mix-1:GATCTAGTCTGTCTATx,3d
Mix-1:GCAGTTAAGTCTCCTCx,3d
Mix-1:GCTGGGTTCTCAAACGx,3d
Mix-1:GGAAAGCTCCTTGCCAx,1d
Mix-1:GGATTACTCAATCACGx,3d
Mix-1:GGCGACTGTCCATGATx,3d
Mix-1:GGGATGATCACGACTAx,3d
Mix-1:GGGCATCCAGACACTTx,3d
Mix-1:GTACGTATCTGATTCTx,3d
Mix-1:GTACTCCGTCGCGAAAx,3d
Mix-1:GTCTTCGTCCTGTAGAx,3d
Mix-1:GTGCTTCGTAAAGTCAx,3d
Mix-1:GTTACAGCAAGGGTCAx,3d
Mix-1:TAAACCGTCCTGCTTGx,3d
Mix-1:TACACGACAGGGCATAx,3d
Mix-1:TACAGTGAGGCAATTAx,3d
Mix-1:TACTTACTCAGGATCTx,3d
Mix-1:TACTTGTTCTTGTACTx,3d
Mix-1:TAGAGCTAGACATAACx,3d
Mix-1:TCGGTAAAGGACACCAx,1d
Mix-1:TCTCATAAGATATGCAx,3d
Mix-1:TCTTTCCCACTTAACGx,3d
Mix-1:TGACAACCACTTAACGx,3d
Mix-1:TGAGCATAGATCTGCTx,3d
Mix-1:TGAGCCGAGAGCCCAAx,3d
Mix-1:TGGACGCGTGAACCTTx,3d
Mix-1:TGTATTCGTCTGGTCGx,3d
Mix-1:TGTGTTTGTGAGGGAGx,3d
Mix-1:TTAACTCGTGGAAAGAx,3d
Mix-1:TTATGCTTCTGAGGGAx,3d
Mix-1:TTCGGTCGTTCCGTCTx,3d
Mix-1:AAGGAGCTCCGTCATCx,1d
Mix-1:AAGTCTGCATATGGTCx,8h
Mix-1:AATCGGTCAATGGAATx,1d
Mix-1:ACTTTCAGTCGGCATCx,8h
Mix-1:ACTTTCATCTGTCTATx,8h
Mix-1:AGGGATGTCTGCGGCAx,8h
Mix-1:AGGTCATGTCCTAGCGx,8h
Mix-1:AGTGTCACATGGTCATx,8h
Mix-1:AGTTGGTAGTGGTAATx,1d
Mix-1:ATAAGAGGTCATCGGCx,8h
Mix-1:ATCATGGCAAGCGTAGx,8h
Mix-1:ATTACTCAGAGGTTGCx,1d
Mix-1:ATTACTCCACGGCGTTx,8h
Mix-1:ATTATCCCACGGTGTCx,8h
Mix-1:ATTGGACCAATTCCTTx,8h
Mix-1:CAGATCAAGATCTGAAx,8h
Mix-1:CCATTCGAGTTCGCGCx,8h
Mix-1:CCTACACAGTCGAGTGx,8h
Mix-1:CGATGGCCACTGTGTAx,1d
Mix-1:CGCGGTAGTGAGGCTAx,8h
Mix-1:CGCGTTTCAGACTCGCx,1d
Mix-1:CGGACACAGCCACGCTx,8h
Mix-1:CTCGTACGTTCAGCGCx,0d
Mix-1:CTGGTCTTCACCGGGTx,1d
Mix-1:GAAACTCAGTGAAGTTx,1d
Mix-1:GACGGCTCACATCCGGx,8h
Mix-1:GACTGCGAGCAGGTCAx,8h
Mix-1:GATGAGGAGCCACTATx,8h
Mix-1:GCTGCTTTCCCAGGTGx,8h
Mix-1:GGACGTCTCTGGAGCCx,1d
Mix-1:GGCCGATGTTTGTTTCx,8h
Mix-1:GGCGACTGTTCACGGCx,1d
Mix-1:GGCGTGTCAGACTCGCx,8h
Mix-1:GGCTCGACATTCTCATx,1d
Mix-1:GGGACCTTCACTCCTGx,8h
Mix-1:GGGATGATCCTCCTAGx,1d
Mix-1:GGTGTTAAGGCCCTCAx,8h
Mix-1:GTCACGGCACGACTCGx,8h
Mix-1:GTCATTTTCACCACCTx,8h
Mix-1:GTCTCGTTCGATCCCTx,1d
Mix-1:GTGCTTCCAAGTTAAGx,8h
Mix-1:GTGTGCGCAGCTGTGCx,8h
Mix-1:GTTAAGCCACGTAAGGx,1d
Mix-1:GTTACAGGTGTTGAGGx,8h
Mix-1:GTTCGGGGTTTCCACCx,8h
Mix-1:GTTCTCGCATGAGCGAx,8h
Mix-1:TATCAGGAGTACGCGAx,1d
Mix-1:TCAACGATCTCGCTTGx,1d
Mix-1:TGACTAGTCAGAGCTTx,8h
Mix-1:TGACTTTAGTCGTTTGx,8h
Mix-1:TGATTTCAGTGTTTGCx,8h
Mix-1:TGCCCTAAGCTCCTTCx,8h
Mix-1:TGCGTGGAGGCTACGAx,8h
Mix-1:TGGACGCGTACGAAATx,8h
Mix-1:TTATGCTAGGGATCTGx,1d
Mix-1:TTCGGTCTCGAATGGGx,8h
Mix-1:TTCTCAACACGGCCATx,8h
Mix-1:TTGGAACCAATCCAACx,1d
Mix-1:TTTACTGGTTAAAGACx,8h
Mix-1:TTTATGCGTGGCAAACx,8h
Mix-1:TTTCCTCCAATCTACGx,8h
Mix-1:TTTGGTTTCGCAAGCCx,8h
Mix-1:AAACCTGTCGTCCGTTx,1d
Mix-1:AAACGGGAGTTGAGATx,1d
Mix-1:AAATGCCCATGGAATAx,1d
Mix-1:AACGTTGTCTGGTGTAx,3d
Mix-1:AACTCCCGTCCAGTGCx,1d
Mix-1:AAGGAGCAGATGAGAGx,1d
Mix-1:AAGGAGCGTGATGTCTx,1d
Mix-1:AATCCAGTCACCCGAGx,1d
Mix-1:ACACCAAAGAGTACATx,1d
Mix-1:ACACCCTAGTGGACGTx,1d
Mix-1:ACACTGAGTTAAGAACx,1d
Mix-1:ACGAGGAAGGGCACTAx,1d
Mix-1:ACGATACCATGGGACAx,1d
Mix-1:ACGTCAAGTCAAACTCx,3d
Mix-1:ACTATCTTCTGAGGGAx,1d
Mix-1:AGCAGCCAGACCGGATx,1d
Mix-1:AGCAGCCCAATGTAAGx,1d
Mix-1:AGCCTAAGTCACCTAAx,1d
Mix-1:AGGGATGAGGATGCGTx,3d
Mix-1:AGTAGTCCAAAGTGCGx,1d
Mix-1:ATCCGAAAGCTATGCTx,1d
Mix-1:ATCTGCCGTCAGCTATx,1d
Mix-1:ATTACTCAGGCTCATTx,1d
Mix-1:ATTACTCAGGTAAACTx,1d
Mix-1:ATTTCTGTCGGAAATAx,3d
Mix-1:CAAGATCGTCTCGTTCx,1d
Mix-1:CACAAACCAAGCGCTCx,1d
Mix-1:CACTCCATCGTACCGGx,1d
Mix-1:CATCCACGTGGTACAGx,1d
Mix-1:CATGACACAGTCAGAGx,1d
Mix-1:CCAGCGAAGGCGACATx,1d
Mix-1:CCGTGGAAGACCCACCx,1d
Mix-1:CCGTGGATCAGAAATGx,1d
Mix-1:CCGTGGATCGAACTGTx,1d
Mix-1:CCTACACAGCTAAACAx,1d
Mix-1:CCTCTGATCGTTACAGx,1d
Mix-1:CCTTTCTTCACCTTATx,1d
Mix-1:CGATTGAAGTTTAGGAx,1d
Mix-1:CTAAGACAGTAACCCTx,1d
Mix-1:CTACACCAGAGGTTATx,1d
Mix-1:CTAGTGACAGATGGGTx,3d
Mix-1:CTCAGAAGTACAAGTAx,1d
Mix-1:CTCGTACCATCTACGAx,1d
Mix-1:CTCTACGGTAGCGCAAx,1d
Mix-1:CTGAAACAGTGTACGGx,1d
Mix-1:CTGATAGTCATATCGGx,1d
Mix-1:GACTGCGGTGATGATAx,1d
Mix-1:GCAAACTAGCTGATAAx,1d
Mix-1:GCGCAGTGTGACTACTx,3d
Mix-1:GCTTGAAAGTGCCATTx,1d
Mix-1:GGCCGATCAATAGCAAx,1d
Mix-1:GGGAGATAGGGTCGATx,1d
Mix-1:GTAACGTTCACTTATCx,1d
Mix-1:GTCACAATCCGAAGAGx,1d
Mix-1:GTCGTAAGTGTCCTCTx,1d
Mix-1:GTCGTAAGTTACAGAAx,1d
Mix-1:GTCGTAATCGGGAGTAx,1d
Mix-1:GTGCTTCAGAGAACAGx,1d
Mix-1:GTTCTCGTCCAGTAGTx,1d
Mix-1:TACCTTACATATGGTCx,3d
Mix-1:TACGGATGTAAAGGAGx,1d
Mix-1:TACGGGCGTATATGAGx,1d
Mix-1:TACTCGCGTCACTTCCx,1d
Mix-1:TACTTACTCCAACCAAx,1d
Mix-1:TACTTACTCGGCATCGx,1d
Mix-1:TATCAGGGTTCTGTTTx,1d
Mix-1:TATCTCAGTCCAACTAx,3d
Mix-1:TCACGAAAGTGTCTCAx,3d
Mix-1:TCAGATGCATTGGGCCx,1d
Mix-1:TCAGCAAGTACGACCCx,1d
Mix-1:TCGCGTTCAGCCACCAx,1d
Mix-1:TCGTAGAAGTGTTAGAx,1d
Mix-1:TGAGCCGAGCCACTATx,1d
Mix-1:TGAGGGAAGACAGACCx,1d
Mix-1:TGATTTCAGTGTGAATx,1d
Mix-1:TGCGGGTCAGGTTTCAx,1d
Mix-1:TTAGGACGTTACGGAGx,1d
Mix-1:TTTATGCGTCAGTGGAx,1d
Mix-1:TTTCCTCAGACGCAACx,1d
Mix-1:TTTGCGCAGCACAGGTx,1d
Mix-1:TTTGGTTTCTCGTATTx,1d
Mix-1:ACGAGGAGTAGCAAATx,8h
Mix-1:ACGGAGAGTCACACGCx,0d
Mix-1:ACTTACTGTCACAAGGx,0d
Mix-1:AGAGCGAGTAAGGGCTx,8h
Mix-1:AGTGGGACATTAGGCTx,0d
Mix-1:CACAAACTCGGAAACGx,0d
Mix-1:CAGAGAGAGTGGTAGCx,8h
Mix-1:CATCAGAAGCTAAGATx,8h
Mix-1:CCTACACAGGATGCGTx,0d
Mix-1:CGATTGATCATGTGGTx,0d
Mix-1:CGCCAAGAGGTGCTAGx,0d
Mix-1:CTGATAGTCGAATCCAx,0d
Mix-1:GACGTGCTCTGGTGTAx,1d
Mix-1:GATCGATCAAAGGAAGx,0d
Mix-1:GCAGTTATCCACGCAGx,8h
Mix-1:GCCAAATGTATCACCAx,0d
Mix-1:GCCTCTATCGTACCGGx,0d
Mix-1:GGACAGAAGGCCCTCAx,8h
Mix-1:GGCAATTCAGACAAATx,0d
Mix-1:GGGAGATTCACCACCTx,0d
Mix-1:GTAGTCACAAGGGTCAx,0d
Mix-1:GTGGGTCGTGAGTGACx,0d
Mix-1:TACGGTACACGTTGGCx,0d
Mix-1:TATCTCAAGGGAGTAAx,0d
Mix-1:TCGCGAGTCTGTCAAGx,0d
Mix-1:TCGTACCGTCGAGTTTx,0d
Mix-1:TGCCAAACAGACAGGTx,0d
Mix-1:TTAGTTCCATCGATGTx,0d
Mix-1:TTCGGTCGTGTGACGAx,0d
Mix-1:TTCTCAATCTTGAGGTx,0d
Mix-1:TTGAACGTCTTCGAGAx,0d
Mix-1:TTGACTTTCGTTACAGx,0d
Mix-2:AAAGATGAGGCTCATTx,3d
Mix-2:AACGTTGAGTTTCCTTx,3d
Mix-2:AACTGGTCACAGCCCAx,3d
Mix-2:AAGCCGCAGGCATGTGx,3d
Mix-2:AAGTCTGGTAGAAGGAx,3d
Mix-2:ACACCCTTCTGAGTGTx,3d
Mix-2:ACAGCTAGTACAGACGx,3d
Mix-2:ACGATACCATGTCGATx,3d
Mix-2:ACGATGTGTGTGACGAx,3d
Mix-2:ACGCCAGCACTTGGATx,3d
Mix-2:ACGCCAGTCGGGAGTAx,1d
Mix-2:ACGCCGATCTTATCTGx,3d
Mix-2:ACGGGCTAGGCTACGAx,3d
Mix-2:ACGGGCTCAAGAAGAGx,1d
Mix-2:ACTATCTAGCAACGGTx,3d
Mix-2:ACTTTCAGTCGGGTCTx,3d
Mix-2:AGACGTTCACGGTTTAx,3d
Mix-2:AGATCTGTCGGATGTTx,3d
Mix-2:AGCGTCGGTAGGACACx,3d
Mix-2:AGGGATGTCGTAGGAGx,3d
Mix-2:AGTCTTTCACCCATTCx,3d
Mix-2:AGTCTTTTCCAAACTGx,1d
Mix-2:AGTGAGGTCAACCAACx,3d
Mix-2:AGTGTCACATCGTCGGx,3d
Mix-2:ATCATGGAGGTGACCAx,3d
Mix-2:ATCGAGTGTCCGACGTx,3d
Mix-2:ATGTGTGCAAGAGTCGx,3d
Mix-2:ATTCTACGTCTGATTGx,3d
Mix-2:ATTGGACCATCCGGGTx,3d
Mix-2:CAACTAGGTTGATTCGx,3d
Mix-2:CACATAGAGCGAGAAAx,3d
Mix-2:CACATAGTCTGCTGCTx,3d
Mix-2:CACATTTCAAGTAGTAx,3d
Mix-2:CACATTTTCATCATTCx,3d
Mix-2:CACCACTCAAGGTTCTx,3d
Mix-2:CACCACTCACACATGTx,3d
Mix-2:CAGAATCGTTCCCTTGx,3d
Mix-2:CAGATCATCGATAGAAx,3d
Mix-2:CAGCTAACAACCGCCAx,3d
Mix-2:CAGGTGCGTGAGTATAx,3d
Mix-2:CCACCTACATATGAGAx,3d
Mix-2:CCACGGACATCTGGTAx,3d
Mix-2:CCTAAAGTCAGCCTAAx,3d
Mix-2:CCTCAGTCAAGCCCACx,3d
Mix-2:CGAATGTAGTAGCGGTx,3d
Mix-2:CGACTTCGTTGAGGTGx,3d
Mix-2:CGATCGGTCGGTGTTAx,3d
Mix-2:CGATGGCGTCTAGAGGx,3d
Mix-2:CGCTTCACAGACGCTCx,3d
Mix-2:CGGACACGTCAAGCGAx,3d
Mix-2:CGGAGTCTCCAACCAAx,3d
Mix-2:CGTGTAAAGTGAAGTTx,3d
Mix-2:CGTGTAAGTGTCAATCx,1d
Mix-2:CGTTGGGAGTTACCCAx,3d
Mix-2:CTAACTTCACATCTTTx,3d
Mix-2:CTACACCAGTGTTAGAx,3d
Mix-2:CTACGTCGTATTACCGx,3d
Mix-2:CTAGAGTCATGCAATCx,3d
Mix-2:CTAGTGAAGGACATTAx,3d
Mix-2:CTCATTATCGTACCGGx,3d
Mix-2:CTCCTAGAGGTGATATx,3d
Mix-2:CTCGAGGGTAGGACACx,1d
Mix-2:CTTACCGCACCGGAAAx,3d
Mix-2:CTTGGCTGTTTGTGTGx,3d
Mix-2:GAACGGATCATAGCACx,3d
Mix-2:GAACGGATCGGAAACGx,3d
Mix-2:GACAGAGGTTATGTGCx,3d
Mix-2:GACCTGGTCGGCGGTTx,3d
Mix-2:GACGGCTGTAAGGGAAx,3d
Mix-2:GACTAACTCGTTGCCTx,3d
Mix-2:GACTGCGCAAGAGTCGx,3d
Mix-2:GAGGTGAGTCTAACGTx,3d
Mix-2:GAGGTGATCGGAATCTx,3d
Mix-2:GATCGCGCACCATCCTx,3d
Mix-2:GATCGCGGTAGCGCAAx,3d
Mix-2:GCAATCACATCACAACx,3d
Mix-2:GCACATAGTTCAGACTx,3d
Mix-2:GCCAAATAGATCTGAAx,3d
Mix-2:GCCAAATGTGCTCTTCx,3d
Mix-2:GCTGCAGTCGCATGATx,3d
Mix-2:GCTTCCAAGCTAGGCAx,3d
Mix-2:GCTTGAAGTGAAATCAx,3d
Mix-2:GGAATAAAGTAAGTACx,3d
Mix-2:GGACAGAGTCGCATATx,3d
Mix-2:GGACGTCTCCAGTAGTx,3d
Mix-2:GGATTACGTCACTTCCx,3d
Mix-2:GGATTACGTGTAATGAx,3d
Mix-2:GGCCGATTCGGATGTTx,3d
Mix-2:GGCGTGTCATTCTTACx,3d
Mix-2:GGCTGGTCAAGGTTCTx,3d
Mix-2:GGGCATCCAATCGGTTx,3d
Mix-2:GTACTCCGTGAAAGAGx,1d
Mix-2:GTCATTTAGCCCAACCx,1d
Mix-2:GTCTCGTCAAGTAGTAx,3d
Mix-2:GTGCTTCCAATAGCGGx,3d
Mix-2:GTTCATTTCAGGCCCAx,3d
Mix-2:TAAGTGCAGTGCGATGx,1d
Mix-2:TACAGTGTCTTTACGTx,3d
Mix-2:TAGACCAAGGAATCGCx,3d
Mix-2:TAGACCATCGGCATCGx,3d
Mix-2:TATTACCAGGAGCGAGx,3d
Mix-2:TATTACCTCGAATGCTx,1d
Mix-2:TCAACGATCCACGAATx,3d
Mix-2:TCACAAGTCCGCGTTTx,3d
Mix-2:TCAGGATAGGAGTTTAx,3d
Mix-2:TCAGGTAGTGCACGAAx,3d
Mix-2:TCATTTGCAGCATGAGx,3d
Mix-2:TCCACACAGCAGCGTAx,3d
Mix-2:TCTGGAACACGAAAGCx,3d
Mix-2:TGACTAGTCTTCCTTCx,3d
Mix-2:TGAGCATTCTTTCCTCx,3d
Mix-2:TGATTTCGTCTAACGTx,1d
Mix-2:TGCCCTACACGGTGTCx,3d
Mix-2:TGGGCGTTCGCCGTGAx,3d
Mix-2:TGTATTCAGGGATGGGx,3d
Mix-2:TGTGTTTAGCCGTCGTx,3d
Mix-2:TGTTCCGCATCCTTGCx,3d
Mix-2:TTAACTCGTAAGTTCCx,3d
Mix-2:TTAGGACTCGCATGATx,3d
Mix-2:TTCCCAGTCAATCACGx,3d
Mix-2:TTCGGTCCATGCAATCx,3d
Mix-2:TTCTTAGGTGCTCTTCx,3d
Mix-2:TTGAACGGTCCAACTAx,1d
Mix-2:TTGGAACAGGTTCCTAx,3d
Mix-2:TTTCCTCTCGCGTTTCx,3d
Mix-2:TTTGCGCTCCCACTTGx,3d
Mix-2:TTTGGTTAGATGGGTCx,3d
Mix-2:TTTGGTTTCAGTGTTGx,3d
Mix-2:TTTGTCATCCCGGATGx,1d
Mix-2:AAAGCAAAGATCCTGTx,8h
Mix-2:AAATGCCCATGGAATAx,8h
Mix-2:AACACGTAGCAGCGTAx,8h
Mix-2:AACTCTTAGAGCTGCAx,8h
Mix-2:AACTCTTAGATCCGAGx,8h
Mix-2:AAGACCTCATCTCGCTx,1d
Mix-2:AAGACCTTCAGTTCGAx,1d
Mix-2:AAGCCGCTCGTCTGCTx,8h
Mix-2:AAGGAGCGTGAGTATAx,8h
Mix-2:AATCCAGAGCGATATAx,8h
Mix-2:ACACCGGCATAAGACAx,8h
Mix-2:ACACCGGGTACAGACGx,8h
Mix-2:ACATCAGAGTAGTGCGx,8h
Mix-2:ACCCACTTCGAATGGGx,8h
Mix-2:ACCGTAAAGCTGAACGx,8h
Mix-2:ACCTTTATCCGTCATCx,8h
Mix-2:ACGAGCCCAGCTGCTGx,8h
Mix-2:ACGAGCCCATCTGGTAx,8h
Mix-2:ACGCAGCAGACTAGATx,8h
Mix-2:ACGCAGCCAGATGGCAx,8h
Mix-2:ACGGAGACATGCAATCx,8h
Mix-2:ACGGAGAGTTATCGGTx,8h
Mix-2:ACGGAGATCCCAGGTGx,8h
Mix-2:ACGGGTCCACTACAGTx,8h
Mix-2:ACTATCTGTCCGCTGAx,8h
Mix-2:ACTGAACCAATCGGTTx,8h
Mix-2:ACTGCTCTCTTAGAGCx,8h
Mix-2:ACTTGTTGTCTAAACCx,8h
Mix-2:ACTTTCATCACAACGTx,8h
Mix-2:AGAGCTTAGCACACAGx,8h
Mix-2:AGAGCTTGTCATATCGx,8h
Mix-2:AGATCTGCACCGAAAGx,8h
Mix-2:AGCAGCCAGGTGGGTTx,8h
Mix-2:AGCGTCGGTGTCTGATx,8h
Mix-2:AGCTCCTCACTTAAGCx,8h
Mix-2:AGGCCACGTCGCTTCTx,8h
Mix-2:AGGGTGACAGCTCGCAx,8h
Mix-2:AGGGTGAGTCGCATCGx,8h
Mix-2:AGGTCCGGTTCGGCACx,8h
Mix-2:AGTCTTTCACCAGGCTx,8h
Mix-2:AGTGGGACAAGGACACx,8h
Mix-2:AGTGTCACAAGCTGAGx,8h
Mix-2:AGTGTCACAGGGAGAGx,8h
Mix-2:ATCACGAAGGCAAAGAx,8h
Mix-2:ATCATCTAGTGCGATGx,8h
Mix-2:ATCTACTAGCCTCGTGx,8h
Mix-2:ATGGGAGTCTGCTTGCx,8h
Mix-2:ATGTGTGAGTCGATAAx,8h
Mix-2:ATTGGACAGTTCGCGCx,8h
Mix-2:ATTTCTGTCGACAGCCx,8h
Mix-2:CAAGAAATCATGCTCCx,8h
Mix-2:CAAGATCGTGTGACGAx,1d
Mix-2:CACACCTGTGAAAGAGx,8h
Mix-2:CACATAGGTAAATGACx,8h
Mix-2:CACATTTGTCCGAATTx,1d
Mix-2:CACATTTGTCTAGCGCx,8h
Mix-2:CACCACTTCCGTTGCTx,8h
Mix-2:CACCTTGCATCCCATCx,8h
Mix-2:CACTCCAGTTTACTCTx,8h
Mix-2:CAGAGAGAGCTCCCAGx,1d
Mix-2:CAGATCAGTCTTCGTCx,8h
Mix-2:CAGATCAGTGAAATCAx,8h
Mix-2:CAGCCGATCTACGAGTx,8h
Mix-2:CAGCGACCATATGCTGx,8h
Mix-2:CAGCGACGTACCTACAx,8h
Mix-2:CAGCTGGCAATCGGTTx,1d
Mix-2:CAGTCCTAGGGTGTGTx,8h
Mix-2:CATATGGCATCTATGGx,8h
Mix-2:CATATTCAGTATGACAx,8h
Mix-2:CATCGAAGTCGCGTGTx,8h
Mix-2:CATGACATCCTAGGGCx,8h
Mix-2:CATGGCGCAGTTCCCTx,8h
Mix-2:CCAATCCCAGAGTGTGx,8h
Mix-2:CCACCTAGTAAGTGGCx,8h
Mix-2:CCACTACGTTAGGGTGx,8h
Mix-2:CCATGTCAGGACATTAx,8h
Mix-2:CCCAATCGTTATCACGx,1d
Mix-2:CCGTACTAGATATACGx,8h
Mix-2:CCGTACTTCGTATCAGx,8h
Mix-2:CCGTGGAGTCTAGTGTx,8h
Mix-2:CCTAAAGGTTATGCGTx,8h
Mix-2:CCTACCATCAGTTTGGx,8h
Mix-2:CCTACCATCTCGATGAx,8h
Mix-2:CCTTCGAAGCCGGTAAx,8h
Mix-2:CGAACATAGTTACGGGx,8h
Mix-2:CGAACATTCAGCACATx,8h
Mix-2:CGACTTCCAGTAAGATx,8h
Mix-2:CGATGGCTCTCACATTx,8h
Mix-2:CGCGGTAGTTCCACGGx,8h
Mix-2:CGCTGGACAGATCTGTx,8h
Mix-2:CGGAGCTTCAGAAATGx,8h
Mix-2:CGGTTAAAGGCTAGCAx,8h
Mix-2:CGTAGCGGTTCAGCGCx,8h
Mix-2:CGTCAGGTCGGCTTGGx,8h
Mix-2:CGTCCATGTGTAACGGx,8h
Mix-2:CGTCCATTCTACTTACx,8h
Mix-2:CGTGTCTAGGGCTTCCx,8h
Mix-2:CTACATTTCTCCAGGGx,8h
Mix-2:CTCATTACAATGGAATx,8h
Mix-2:CTCCTAGCATCTCGCTx,1d
Mix-2:CTCGAAATCCCAAGATx,8h
Mix-2:CTCGAGGAGTGAAGAGx,8h
Mix-2:CTCGAGGTCCAGAAGGx,8h
Mix-2:CTCGGGACACCCAGTGx,8h
Mix-2:CTCGGGAGTCTCTCGTx,8h
Mix-2:CTCGTACCAAACTGTCx,8h
Mix-2:CTCGTCAAGGTCATCTx,8h
Mix-2:CTCGTCACACACATGTx,8h
Mix-2:CTCTACGGTTTGACTGx,8h
Mix-2:CTCTGGTGTGAAGGCTx,8h
Mix-2:CTGAAGTTCAGTGTTGx,8h
Mix-2:CTGATCCAGTGGTAGCx,8h
Mix-2:CTGCCTAGTATCACCAx,8h
Mix-2:CTGCGGAAGGATGCGTx,8h
Mix-2:CTGTGCTAGCTGAACGx,8h
Mix-2:CTTAACTCATGCCCGAx,8h
Mix-2:CTTACCGCACGAGGTAx,8h
Mix-2:CTTAGGAAGAGTAATCx,8h
Mix-2:CTTCTCTAGGAGCGTTx,8h
Mix-2:GAAGCAGAGAATGTGTx,3d
Mix-2:GAATAAGCACCTCGGAx,8h
Mix-2:GACGCGTCAGATAATGx,8h
Mix-2:GACGCGTGTCTAGCGCx,8h
Mix-2:GACTGCGCACGTTGGCx,8h
Mix-2:GACTGCGGTAAGTAGTx,8h
Mix-2:GACTGCGGTCTACCTCx,8h
Mix-2:GACTGCGTCAGTTCGAx,8h
Mix-2:GAGCAGACAAGTAGTAx,8h
Mix-2:GAGGTGACAAGAGTCGx,8h
Mix-2:GATCAGTAGACAGAGAx,8h
Mix-2:GCACATATCAGGCCCAx,8h
Mix-2:GCACTCTCACATCCAAx,8h
Mix-2:GCAGCCAGTCGAAAGCx,8h
Mix-2:GCAGCCATCTTGCAAGx,8h
Mix-2:GCATACACAAGGACTGx,8h
Mix-2:GCATGATTCAGAGCTTx,8h
Mix-2:GCATGCGTCTGCGTAAx,8h
Mix-2:GCCAAATCAGCTTCGGx,8h
Mix-2:GCCAAATTCTCCGGTTx,8h
Mix-2:GCCTCTAAGGACAGCTx,8h
Mix-2:GCCTCTACATAAGACAx,8h
Mix-2:GCGCCAAAGACGCTTTx,8h
Mix-2:GCGCCAAAGACTTGAAx,8h
Mix-2:GCGCCAATCAGATAAGx,8h
Mix-2:GCTGCGAAGAATTGTGx,8h
Mix-2:GCTTCCACATTATCTCx,8h
Mix-2:GGAACTTTCTGAGTGTx,1d
Mix-2:GGACAGACATCCTTGCx,1d
Mix-2:GGACATTTCCTTTCTCx,8h
Mix-2:GGAGCAATCATAACCGx,8h
Mix-2:GGATGTTAGTACCGGAx,8h
Mix-2:GGCAATTAGCGAAGGGx,8h
Mix-2:GGCTCGAAGACCACGAx,8h
Mix-2:GGGCACTCAGGTCGTCx,8h
Mix-2:GGGTCTGCATTACGACx,8h
Mix-2:GGGTTGCCAGCATACTx,8h
Mix-2:GGTATTGCATGCATGTx,8h
Mix-2:GGTGTTATCAGGCCCAx,8h
Mix-2:GTACTCCCATACTCTTx,8h
Mix-2:GTACTTTAGTCTCAACx,8h
Mix-2:GTAGGCCCAATGAATGx,8h
Mix-2:GTCACAATCAAGGCTTx,8h
Mix-2:GTCCTCAAGCTAGTCTx,8h
Mix-2:GTCGTAAGTCCCTTGTx,8h
Mix-2:GTGAAGGCATCGGGTCx,8h
Mix-2:GTGCAGCGTAGCGTGAx,8h
Mix-2:GTGCGGTTCGTGACATx,8h
Mix-2:GTGTGCGTCTTGTTTGx,8h
Mix-2:GTGTTAGGTTCGCGACx,8h
Mix-2:GTTACAGAGCGGCTTCx,8h
Mix-2:GTTCATTAGGCGACATx,8h
Mix-2:GTTCTCGTCTGCTGTCx,8h
Mix-2:TAAACCGAGGCATTGGx,8h
Mix-2:TAAGAGACATATGCTGx,8h
Mix-2:TAAGTGCTCGCAAACTx,8h
Mix-2:TACAGTGAGCTACCGCx,8h
Mix-2:TACCTATAGACTACAAx,8h
Mix-2:TACCTATTCGCCATAAx,8h
Mix-2:TACCTTATCACTTCATx,8h
Mix-2:TACGGGCGTGTCCTCTx,8h
Mix-2:TACGGTATCAGGATCTx,8h
Mix-2:TACGGTATCAGTCCCTx,8h
Mix-2:TACGGTATCTTAGAGCx,8h
Mix-2:TACTTACTCCAAGTACx,8h
Mix-2:TAGAGCTGTGCACTTAx,8h
Mix-2:TAGTTGGCATGACATCx,8h
Mix-2:TATCTCAAGAGGTAGAx,8h
Mix-2:TATGCCCCAGCTCCGAx,8h
Mix-2:TCAGATGTCTGCTTGCx,8h
Mix-2:TCAGGATAGGTAGCCAx,8h
Mix-2:TCGCGTTTCACCGGGTx,8h
Mix-2:TCGGGACAGAAACGCCx,0d
Mix-2:TCGGGACTCTCGAGTAx,3d
Mix-2:TCGGTAATCTGAGTGTx,8h
Mix-2:TCTCATAAGCAGGCTAx,8h
Mix-2:TCTCATATCGCGTAGCx,8h
Mix-2:TGAAAGAGTACCGCTGx,8h
Mix-2:TGAAAGAGTGGTGTAGx,8h
Mix-2:TGAGCATCAAACTGCTx,8h
Mix-2:TGAGCATTCCCGGATGx,8h
Mix-2:TGAGGGAGTAAATACGx,8h
Mix-2:TGATTTCTCTTGCATTx,8h
Mix-2:TGCCAAACAAACGTGGx,8h
Mix-2:TGCCCTAAGTGCAAGCx,8h
Mix-2:TGCGTGGAGGCTACGAx,8h
Mix-2:TGCTGCTCACCAACCGx,8h
Mix-2:TGGGCGTGTAGGACACx,8h
Mix-2:TGTGTTTGTACCGTTAx,8h
Mix-2:TTAACTCTCAGTACGTx,8h
Mix-2:TTAGGACAGGATGGTCx,8h
Mix-2:TTAGGACTCCGTTGTCx,8h
Mix-2:TTAGTTCAGACTCGGAx,3d
Mix-2:TTCCCAGGTACCCAATx,8h
Mix-2:TTCGAAGAGACAAAGGx,8h
Mix-2:TTCGGTCCATACGCTAx,8h
Mix-2:TTCTTAGCACGCATCGx,8h
Mix-2:TTCTTAGGTACTCGCGx,8h
Mix-2:TTGAACGAGTACGCGAx,8h
Mix-2:TTGCCGTAGTATCTCGx,8h
Mix-2:TTGCGTCTCCGAGCCAx,8h
Mix-2:TTTGGTTAGCTAGTCTx,8h
Mix-2:TTTGGTTTCACTATTCx,8h
Mix-2:AAACCTGTCAACACGTx,8h
Mix-2:AAACGGGCACACCGACx,8h
Mix-2:AAATGCCTCGGTTCGGx,1d
Mix-2:AACCATGCAGGGTATGx,1d
Mix-2:AACTGGTCAAGGTTCTx,1d
Mix-2:AAGACCTTCATATCGGx,1d
Mix-2:AAGGAGCTCGTGGTCGx,1d
Mix-2:AAGGTTCCAAGAGGCTx,1d
Mix-2:ACACCAAGTCGGCACTx,1d
Mix-2:ACACCGGAGTGGCACAx,1d
Mix-2:ACACCGGTCTGACCTCx,3d
Mix-2:ACACTGATCAAGATCCx,1d
Mix-2:ACAGCCGTCAGCTCGGx,1d
Mix-2:ACCAGTATCCGCAGTGx,1d
Mix-2:ACGAGGAGTGCTGTATx,3d
Mix-2:ACGATACAGGCTCTTAx,1d
Mix-2:ACGCAGCCAGTCAGAGx,1d
Mix-2:ACGCCAGTCTCTTGATx,1d
Mix-2:ACGCCGACAAGCTGAGx,1d
Mix-2:ACGGCCACATGGTCATx,1d
Mix-2:ACGGGCTAGTCCAGGAx,1d
Mix-2:ACTGTCCCAGAAGCACx,1d
Mix-2:AGCGTATAGAGACTTAx,8h
Mix-2:AGCGTATCACCGGAAAx,1d
Mix-2:AGCGTCGAGGTGTTAAx,1d
Mix-2:AGGCCGTAGAGTGAGAx,1d
Mix-2:AGGGAGTTCTTATCTGx,1d
Mix-2:AGGGATGAGTGGAGTCx,1d
Mix-2:AGTAGTCAGCGTTCCGx,1d
Mix-2:AGTCTTTTCCGAAGAGx,1d
Mix-2:AGTGAGGAGCCACTATx,1d
Mix-2:AGTGAGGTCAACACACx,1d
Mix-2:ATAAGAGGTAGTGAATx,1d
Mix-2:ATAAGAGTCGGCCGATx,1d
Mix-2:ATAGACCCAGCCTTTCx,1d
Mix-2:ATCACGAGTCTGCAATx,1d
Mix-2:ATCATCTCAGCTGCACx,1d
Mix-2:ATCATCTCAGCTGGCTx,1d
Mix-2:ATCCGAAAGTGGGTTGx,1d
Mix-2:ATCTACTTCGTCCAGGx,1d
Mix-2:ATTCTACCACAGACAGx,1d
Mix-2:CAACCTCGTGGAAAGAx,1d
Mix-2:CAAGAAATCACTATTCx,1d
Mix-2:CAAGAAATCTTAGCCCx,1d
Mix-2:CACAGTAAGAGAGCTCx,1d
Mix-2:CACATTTAGCGATAGCx,1d
Mix-2:CAGAATCGTCTCCACTx,1d
Mix-2:CAGAGAGTCGAATGCTx,1d
Mix-2:CAGATCAGTTGAGGTGx,1d
Mix-2:CAGCGACCACAGAGGTx,1d
Mix-2:CAGCTAATCCAAATGCx,3d
Mix-2:CAGCTGGCATTCCTCGx,1d
Mix-2:CATCGAACAAGTTAAGx,1d
Mix-2:CATGCCTAGACTTGAAx,1d
Mix-2:CCAGCGACAGGCGATAx,1d
Mix-2:CCCTCCTAGACAGACCx,3d
Mix-2:CCTAAAGGTAGGCTGAx,1d
Mix-2:CCTATTAAGTGCGATGx,8h
Mix-2:CGAACATAGTAGGTGCx,1d
Mix-2:CGAATGTGTGGTCTCGx,3d
Mix-2:CGAATGTTCCCGGATGx,3d
Mix-2:CGAATGTTCCCTAATTx,1d
Mix-2:CGAGAAGGTCCAGTTAx,1d
Mix-2:CGATGGCGTTTGTTTCx,1d
Mix-2:CGATGTAAGGAGTTTAx,1d
Mix-2:CGCTGGACAAGCCGTCx,1d
Mix-2:CGCTGGAGTCGCTTTCx,1d
Mix-2:CGCTTCATCACAGTACx,1d
Mix-2:CGGAGCTCAGGGCATAx,1d
Mix-2:CGGCTAGTCAGTTTGGx,1d
Mix-2:CGGGTCAAGACTGGGTx,1d
Mix-2:CGTAGGCAGTTGTAGAx,1d
Mix-2:CGTCAGGCAGACAAGCx,1d
Mix-2:CGTTAGACATTTCAGGx,1d
Mix-2:CTAATGGCATTACCTTx,1d
Mix-2:CTACCCAGTCCGTCAGx,1d
Mix-2:CTACGTCGTAAGGATTx,1d
Mix-2:CTCGAAAAGCTGATAAx,1d
Mix-2:CTCGAGGTCTTACCTAx,8h
Mix-2:CTCGGGATCTTACCTAx,0d
Mix-2:CTCTACGGTGTCGCTGx,1d
Mix-2:CTGATAGCAACGATCTx,1d
Mix-2:CTGATCCGTCTCCATCx,1d
Mix-2:CTGCGGACACGCGAAAx,1d
Mix-2:CTGCTGTAGCGAGAAAx,8h
Mix-2:CTGTTTACAAGTTGTCx,1d
Mix-2:CTTAGGATCGCTTGTCx,1d
Mix-2:CTTAGGATCTTTACGTx,1d
Mix-2:CTTCTCTAGGCTAGACx,1d
Mix-2:GAAATGATCCTGCAGGx,1d
Mix-2:GACCAATAGCCAGTAGx,1d
Mix-2:GACGGCTCACCAGCACx,3d
Mix-2:GACGTTATCATGTCTTx,1d
Mix-2:GACTAACCACCCAGTGx,1d
Mix-2:GACTAACGTAGCGCAAx,1d
Mix-2:GACTACAGTTCAGACTx,1d
Mix-2:GAGGTGAGTGTTTGGTx,1d
Mix-2:GAGTCCGTCGTGACATx,8h
Mix-2:GATCGCGCACATAACCx,1d
Mix-2:GATCGCGGTTGCGCACx,1d
Mix-2:GATCGTAAGTACGCGAx,1d
Mix-2:GATCTAGGTTGGTTTGx,1d
Mix-2:GATGAGGAGACTGTAAx,1d
Mix-2:GATGAGGGTGGACGATx,1d
Mix-2:GATTCAGAGGCCATAGx,1d
Mix-2:GATTCAGGTACCATCAx,1d
Mix-2:GCATGATAGACAGAGAx,1d
Mix-2:GCGACCACAAGCCTATx,1d
Mix-2:GCGAGAAGTCCCGACAx,1d
Mix-2:GCGCAGTGTCCAGTGCx,1d
Mix-2:GCGGGTTCATCACCCTx,1d
Mix-2:GCTCCTATCTGTCTCGx,1d
Mix-2:GCTGCAGCATCCGCGAx,1d
Mix-2:GGACATTAGTACGCCCx,1d
Mix-2:GGATTACGTCTGCGGTx,1d
Mix-2:GGATTACTCAGCGATTx,1d
Mix-2:GGCAATTGTTCCATGAx,3d
Mix-2:GGCGACTGTTGTTTGGx,1d
Mix-2:GGCTCGACACAGAGGTx,1d
Mix-2:GGGACCTGTCCCGACAx,1d
Mix-2:GGGAGATGTAGGACACx,1d
Mix-2:GGGATGAGTTTGGGCCx,1d
Mix-2:GGGTCTGCAATACGCTx,1d
Mix-2:GGTATTGTCGTTTATCx,1d
Mix-2:GGTGTTAAGCTACCTAx,1d
Mix-2:GTAACGTAGTGGGTTGx,1d
Mix-2:GTAACTGTCACTTCATx,1d
Mix-2:GTACGTATCCGTTGCTx,8h
Mix-2:GTAGGCCCACCAGTTAx,1d
Mix-2:GTAGGCCTCGCATGATx,1d
Mix-2:GTAGTCAAGCACCGTCx,1d
Mix-2:GTAGTCATCACGACTAx,1d
Mix-2:GTATTCTGTTCCACTCx,1d
Mix-2:GTCCTCATCGCCAGCAx,1d
Mix-2:GTCGGGTGTCACACGCx,1d
Mix-2:GTGCGGTGTGAGCGATx,1d
Mix-2:GTGCTTCCATCACGATx,1d
Mix-2:GTGTGCGTCGTCGTTCx,1d
Mix-2:GTTACAGAGGATGTATx,1d
Mix-2:GTTACAGGTTGGACCCx,3d
Mix-2:GTTCGGGAGGCTAGCAx,8h
Mix-2:TACCTATGTAAATGACx,3d
Mix-2:TACCTTAGTTTGACTGx,1d
Mix-2:TACGGATTCGCAGGCTx,1d
Mix-2:TACTCATGTAAGTGGCx,1d
Mix-2:TACTCATGTCGGCATCx,1d
Mix-2:TACTCGCTCTGCGACGx,8h
Mix-2:TAGGCATCATTTGCTTx,8h
Mix-2:TCACGAATCCTCAACCx,1d
Mix-2:TCAGATGCAGCCTTTCx,1d
Mix-2:TCAGCAAAGCGTCAAGx,1d
Mix-2:TCAGCAACAGCAGTTTx,1d
Mix-2:TCAGCTCAGCGGATCAx,1d
Mix-2:TCAGGTAAGATGTGTAx,1d
Mix-2:TCGCGTTCAATAGAGTx,1d
Mix-2:TCGCGTTGTCGGCACTx,1d
Mix-2:TCGGGACCACATGACTx,1d
Mix-2:TCGTAGAAGGCCCTTGx,1d
Mix-2:TCTGAGAAGTACGACGx,1d
Mix-2:TCTTTCCCACAGGAGTx,1d
Mix-2:TGAAAGACAGATAATGx,1d
Mix-2:TGAGCCGAGCGGCTTCx,1d
Mix-2:TGATTTCCAAATTGCCx,1d
Mix-2:TGCACCTAGATGTAACx,8h
Mix-2:TGCCCTATCTCACATTx,8h
Mix-2:TGCGGGTCATTCCTGCx,1d
Mix-2:TGCGTGGCAGGAATCGx,1d
Mix-2:TGGGCGTGTAAACGCGx,1d
Mix-2:TGGTTAGGTCACTGGCx,1d
Mix-2:TGTCCCACAAAGAATCx,1d
Mix-2:TTAGGACGTCCGAGTCx,1d
Mix-2:TTCTACACAATGGTCTx,1d
Mix-2:TTGTAGGAGGTGCTTTx,8h
Mix-2:AAACCTGAGACATAACx,0d
Mix-2:AAACCTGCATACAGCTx,0d
Mix-2:AAACCTGTCACGACTAx,8h
Mix-2:AAAGATGAGCCTATGTx,0d
Mix-2:AACCATGCACGAAGCAx,0d
Mix-2:AACCGCGCATCGACGCx,8h
Mix-2:AACTCAGTCGAACTGTx,0d
Mix-2:AACTGGTGTCTCAACAx,0d
Mix-2:AAGGAGCGTTGAGTTCx,0d
Mix-2:ACATACGTCTTGGGTAx,0d
Mix-2:ACCAGTAGTGACTACTx,0d
Mix-2:ACCGTAATCAATCACGx,0d
Mix-2:ACCGTAATCGTAGGTTx,0d
Mix-2:ACGAGCCTCGCTTAGAx,0d
Mix-2:ACGATACGTAATAGCAx,0d
Mix-2:ACGCCGATCGTCACGGx,0d
Mix-2:ACGGAGAAGTCATGCTx,0d
Mix-2:ACGGAGACATTGAGCTx,0d
Mix-2:ACGGCCACAGCTGGCTx,0d
Mix-2:ACTGAACGTCTTTCATx,0d
Mix-2:ACTGATGCACGAGAGTx,0d
Mix-2:ACTGATGCAGCCAATTx,0d
Mix-2:ACTGATGTCCGATATGx,0d
Mix-2:ACTTACTTCAGGTTCAx,0d
Mix-2:ACTTTCATCAGAGCTTx,0d
Mix-2:AGAGCGAGTCCGAATTx,0d
Mix-2:AGCAGCCAGCTAAGATx,0d
Mix-2:AGCGGTCGTCAATACCx,0d
Mix-2:AGCGTATCAATCGGTTx,0d
Mix-2:AGCTCTCCAAAGTCAAx,0d
Mix-2:AGGCCACCAATTCCTTx,0d
Mix-2:AGGCCACGTCTCTCTGx,0d
Mix-2:AGTGGGACATAGAAACx,0d
Mix-2:ATAACGCGTCCGTCAGx,0d
Mix-2:ATAAGAGTCACCATAGx,0d
Mix-2:ATCATGGTCTCGTTTAx,0d
Mix-2:ATCTACTGTATAAACGx,0d
Mix-2:ATTGGACCACACTGCGx,0d
Mix-2:CAACCAAAGTGCGTGAx,0d
Mix-2:CAAGAAAGTAATTGGAx,0d
Mix-2:CAAGATCTCTTATCTGx,0d
Mix-2:CAAGTTGAGCTGAAATx,0d
Mix-2:CACAGGCAGCAGCGTAx,0d
Mix-2:CACCAGGGTATCAGTCx,0d
Mix-2:CAGAGAGGTTTGCATGx,0d
Mix-2:CAGATCATCCTTTACAx,0d
Mix-2:CAGCATAGTCTCTCGTx,0d
Mix-2:CAGCATATCTGACCTCx,0d
Mix-2:CAGCGACCAGCGTAAGx,0d
Mix-2:CAGCGACTCAAAGTAGx,0d
Mix-2:CAGCTAACACGGCGTTx,0d
Mix-2:CAGCTGGAGGCATGGTx,0d
Mix-2:CATGCCTTCATCTGTTx,0d
Mix-2:CATTATCCAAGAAGAGx,0d
Mix-2:CATTATCTCTGCTGTCx,0d
Mix-2:CCATGTCGTTCCACAAx,0d
Mix-2:CCCATACAGTGAAGAGx,0d
Mix-2:CCCTCCTTCGGCCGATx,0d
Mix-2:CCGGTAGCAGGACGTAx,0d
Mix-2:CCGTGGAGTTGGGACAx,0d
Mix-2:CCGTTCACATGCAATCx,0d
Mix-2:CCTATTAAGCCAGTTTx,0d
Mix-2:CCTCAGTCAAGTAGTAx,0d
Mix-2:CCTCAGTGTAAATACGx,0d
Mix-2:CCTCAGTGTAGCGTCCx,0d
Mix-2:CGAACATTCCGCGCAAx,0d
Mix-2:CGAATGTTCGTGGTCGx,8h
Mix-2:CGATCGGGTGTTCGATx,0d
Mix-2:CGATGTATCCGTTGTCx,0d
Mix-2:CGGACGTGTAGAAAGGx,0d
Mix-2:CGGACTGGTAAGGATTx,0d
Mix-2:CGGGTCAGTTCGTGATx,0d
Mix-2:CGTCTACAGACGCAACx,0d
Mix-2:CGTGTCTGTCGCGGTTx,0d
Mix-2:CGTGTCTGTGTAAGTAx,0d
Mix-2:CTAACTTCAAGCCGTCx,0d
Mix-2:CTAAGACTCTGGCGTGx,0d
Mix-2:CTACATTGTGGGTCAAx,0d
Mix-2:CTACGTCAGCAGATCGx,0d
Mix-2:CTAGCCTCAACGCACCx,0d
Mix-2:CTCCTAGCAATAGCAAx,0d
Mix-2:CTCGAAAAGAGCTATAx,0d
Mix-2:CTCGAAAGTAACGTTCx,0d
Mix-2:CTCGGGAGTCGCGTGTx,8h
Mix-2:CTCTACGCATAGGATAx,8h
Mix-2:CTCTACGTCTTCTGGCx,0d
Mix-2:CTGAAGTCAGGGAGAGx,0d
Mix-2:CTGAAGTCATAGAAACx,0d
Mix-2:CTGATAGAGATAGGAGx,0d
Mix-2:CTGATAGGTTCTCATTx,0d
Mix-2:CTGCCTATCGGCTACGx,0d
Mix-2:CTGTTTAAGCCCAACCx,8h
Mix-2:CTTAGGACAGTAAGATx,0d
Mix-2:CTTGGCTAGTGGAGAAx,0d
Mix-2:GAAACTCAGCCAACAGx,0d
Mix-2:GAACCTAGTTTGTTTCx,0d
Mix-2:GAAGCAGTCTTCGGTCx,0d
Mix-2:GACCTGGTCCCTGACTx,0d
Mix-2:GACGTTACATGACATCx,0d
Mix-2:GACTAACGTGCAACTTx,0d
Mix-2:GACTAACGTGGACGATx,0d
Mix-2:GACTAACTCTTTACGTx,0d
Mix-2:GAGCAGAAGATACACAx,0d
Mix-2:GAGGTGAAGATCCTGTx,0d
Mix-2:GATCGATAGTGGGTTGx,0d
Mix-2:GATGAAATCACTCTTAx,0d
Mix-2:GATGAGGTCGCCATAAx,0d
Mix-2:GCAGCCAGTCAAACTCx,0d
Mix-2:GCATACAGTAGAAAGGx,0d
Mix-2:GCATACATCGGTTAACx,0d
Mix-2:GCATGATTCGGCATCGx,0d
Mix-2:GCGAGAACATACGCCGx,0d
Mix-2:GCTCTGTAGACTTGAAx,0d
Mix-2:GCTCTGTTCAGCTTAGx,0d
Mix-2:GCTGCAGTCCAAAGTCx,0d
Mix-2:GCTTCCATCCGTTGTCx,0d
Mix-2:GGACATTTCGGAGCAAx,0d
Mix-2:GGACGTCAGAGTGAGAx,0d
Mix-2:GGAGCAAAGCTAGTCTx,0d
Mix-2:GGCGTGTCAACTTGACx,0d
Mix-2:GGCTCGATCACATACGx,0d
Mix-2:GGCTGGTTCGAGGTAGx,0d
Mix-2:GTACTTTTCCGTTGTCx,0d
Mix-2:GTAGGCCGTTAAGGGCx,0d
Mix-2:GTAGGCCTCACAAACCx,0d
Mix-2:GTATTCTGTTCAACCAx,0d
Mix-2:GTCGTAAGTCATATGCx,0d
Mix-2:GTGCATATCATGTGGTx,0d
Mix-2:GTGGGTCTCCGCGTTTx,8h
Mix-2:GTTAAGCGTTTGACTGx,0d
Mix-2:GTTCATTGTTCCCTTGx,0d
Mix-2:GTTCATTGTTGATTCGx,0d
Mix-2:TAAGTGCGTCTAACGTx,0d
Mix-2:TATGCCCGTGCAGTAGx,0d
Mix-2:TCAACGACAGTAGAGCx,0d
Mix-2:TCAACGATCGCCAAATx,0d
Mix-2:TCAGATGTCTTGACGAx,0d
Mix-2:TCGGTAACAGATGGGTx,0d
Mix-2:TCGGTAAGTAGAGCTGx,0d
Mix-2:TCTATTGCACGACGAAx,0d
Mix-2:TCTATTGTCGTGACATx,0d
Mix-2:TCTTTCCCATAAAGGTx,0d
Mix-2:TCTTTCCTCAGGATCTx,0d
Mix-2:TGAAAGACATCGACGCx,0d
Mix-2:TGACAACCAGCGTCCAx,0d
Mix-2:TGACTAGCATGACATCx,0d
Mix-2:TGACTAGCATTGAGCTx,0d
Mix-2:TGAGAGGTCACGCATAx,0d
Mix-2:TGAGCATAGGACCACAx,0d
Mix-2:TGAGCATCATGGGACAx,0d
Mix-2:TGAGCATCATGTCCTCx,0d
Mix-2:TGAGCCGAGGCATTGGx,0d
Mix-2:TGAGGGAAGGTAAACTx,0d
Mix-2:TGAGGGATCGTTACGAx,0d
Mix-2:TGCACCTAGATAGGAGx,0d
Mix-2:TGCGCAGCACGTGAGAx,0d
Mix-2:TGCGGGTTCAGGTTCAx,0d
Mix-2:TGCGTGGTCAACGCTAx,0d
Mix-2:TGTGTTTAGGCGCTCTx,0d
Mix-2:TGTGTTTTCCCTGACTx,0d
Mix-2:TTAGGACTCTACTTACx,8h
Mix-2:TTAGGCAAGAAACGCCx,0d
Mix-2:TTATGCTAGAAACCATx,0d
Mix-2:TTATGCTGTAAGTTCCx,8h
Mix-2:TTCTACATCCGTCAAAx,0d
Mix-2:TTGAACGAGGCATTGGx,0d
Mix-2:TTGCCGTGTACGAAATx,0d
Mix-2:TTGCGTCTCAAAGTAGx,0d
Mix-2:TTGGAACAGAGCTGGTx,0d
Mix-2:TTGGCAATCACCGTAAx,0d
Mix-2:TTGTAGGAGGCTCAGAx,0d
Mix-2:TTTACTGTCAGGCGAAx,1d
Mix-2:TTTGTCAAGGACTGGTx,0d
Mix-3a:AAAGATGGTTCGTCTCx,3d
Mix-3a:AACCATGAGAATAGGGx,3d
Mix-3a:AACCATGGTTAGAACAx,3d
Mix-3a:AACTCTTGTGCATCTAx,3d
Mix-3a:ACAGCCGCAATGGATAx,3d
Mix-3a:ACAGCCGGTTTGACTGx,3d
Mix-3a:ACATACGAGATACACAx,3d
Mix-3a:ACGATACTCCGCAAGCx,3d
Mix-3a:ACGCCAGCAAGCGAGTx,3d
Mix-3a:ACTATCTCATAGGATAx,3d
Mix-3a:ACTATCTGTGACGCCTx,3d
Mix-3a:AGAGTGGAGAGACGAAx,3d
Mix-3a:AGCTTGAGTGTAAGTAx,3d
Mix-3a:AGGGTGAAGGCCCTTGx,3d
Mix-3a:AGTGGGACAAGGCTCCx,3d
Mix-3a:ATAACGCGTAAGAGGAx,3d
Mix-3a:ATCATCTTCACTTCATx,3d
Mix-3a:CACAGGCTCTACTTACx,3d
Mix-3a:CACAGTAGTCAAACTCx,3d
Mix-3a:CAGCCGACAATCTACGx,3d
Mix-3a:CAGTAACGTGCGAAACx,3d
Mix-3a:CATATTCGTCTAGAGGx,3d
Mix-3a:CATCAGACAACTGCTAx,3d
Mix-3a:CATGGCGGTTGATTGCx,3d
Mix-3a:CATTCGCAGACATAACx,3d
Mix-3a:CCAATCCAGTTTGCGTx,3d
Mix-3a:CCGGGATGTCTAAAGAx,3d
Mix-3a:CCTACCAAGATGCCAGx,3d
Mix-3a:CCTTACGGTTGCGTTAx,3d
Mix-3a:CCTTCGAAGTGTTTGCx,3d
Mix-3a:CGACCTTTCCGGCACAx,3d
Mix-3a:CGAGAAGAGACTGGGTx,3d
Mix-3a:CGGACGTCAGCTTCGGx,3d
Mix-3a:CGGAGTCGTACATCCAx,3d
Mix-3a:CGTAGCGCATAACCTGx,3d
Mix-3a:CGTCACTTCAGCTTAGx,3d
Mix-3a:CTAAGACCATTGGTACx,3d
Mix-3a:CTAATGGTCACATAGCx,3d
Mix-3a:CTGATCCAGACTGGGTx,3d
Mix-3a:CTTAACTTCTACCAGAx,3d
Mix-3a:CTTCTCTGTTGGAGGTx,3d
Mix-3a:CTTCTCTTCTCGGACGx,3d
Mix-3a:GAATGAAAGGTGACCAx,3d
Mix-3a:GACGCGTTCCTTAATCx,3d
Mix-3a:GATCAGTAGCTAACAAx,3d
Mix-3a:GCACATAGTCTAAACCx,3d
Mix-3a:GCATACATCTGTCTATx,3d
Mix-3a:GCATGCGAGACAAGCCx,3d
Mix-3a:GCATGCGCATGAGCGAx,3d
Mix-3a:GCATGCGTCGTTGACAx,3d
Mix-3a:GCTCTGTAGTTCGATCx,3d
Mix-3a:GCTGGGTGTGTGTGCCx,3d
Mix-3a:GGAACTTCATGGATGGx,3d
Mix-3a:GGACAAGGTGACTCATx,3d
Mix-3a:GGACATTTCAGCGACCx,3d
Mix-3a:GGATTACGTTAAAGTGx,3d
Mix-3a:GGCGTGTTCCTGTAGAx,3d
Mix-3a:GGCTGGTGTGACCAAGx,3d
Mix-3a:GGGTCTGCATTATCTCx,3d
Mix-3a:GGTGTTATCCGAATGTx,3d
Mix-3a:GTAGTCAGTTCCCGAGx,3d
Mix-3a:GTCACAACAGACTCGCx,3d
Mix-3a:GTCACAAGTCCAGTGCx,3d
Mix-3a:GTGCATAAGCTCAACTx,3d
Mix-3a:TACGGATCAGCTCCGAx,3d
Mix-3a:TCCACACGTAGCCTCGx,3d
Mix-3a:TCGCGTTCACCGTTGGx,3d
Mix-3a:TCTCATAGTGTTTGTGx,3d
Mix-3a:TGAGCCGTCCCAGGTGx,3d
Mix-3a:TTCGAAGCAGTATGCTx,3d
Mix-3a:TTGACTTTCCAAGTACx,3d
Mix-3a:TTTCCTCTCAGCATGTx,3d
Mix-3a:AAACGGGGTGAGGGTTx,8h
Mix-3a:AAAGTAGAGGGCATGTx,8h
Mix-3a:AACGTTGGTTAGAACAx,8h
Mix-3a:AATCGGTCACGAAAGCx,8h
Mix-3a:ACATCAGAGCGCTCCAx,8h
Mix-3a:ACATGGTGTCTAGCGCx,8h
Mix-3a:ACGAGGACAGGCAGTAx,8h
Mix-3a:ACGATGTAGATGTGTAx,8h
Mix-3a:ACGGCCAAGAGTCTGGx,8h
Mix-3a:ACTGAACCATTAGGCTx,8h
Mix-3a:AGAATAGAGCGATAGCx,8h
Mix-3a:AGAGTGGAGGGTGTGTx,8h
Mix-3a:AGCAGCCTCTTGACGAx,3d
Mix-3a:AGGGAGTGTCAAACTCx,8h
Mix-3a:AGTCTTTAGGGTATCGx,8h
Mix-3a:ATCACGAGTCTGCGGTx,8h
Mix-3a:ATCTACTAGTGCAAGCx,8h
Mix-3a:CAACCAATCTCTGTCGx,8h
Mix-3a:CACCACTGTCTACCTCx,8h
Mix-3a:CATATGGGTGAACCTTx,8h
Mix-3a:CATTATCGTGAGGGAGx,8h
Mix-3a:CCAATCCGTACTTCTTx,8h
Mix-3a:CGAGCACTCGTGGGAAx,8h
Mix-3a:CGGAGCTTCTTTACACx,8h
Mix-3a:CGGCTAGGTCACCTAAx,8h
Mix-3a:CGTTCTGTCCGCAAGCx,8h
Mix-3a:CTAAGACCAGCGTCCAx,8h
Mix-3a:CTAAGACCATGAACCTx,8h
Mix-3a:CTCTGGTAGGCTCATTx,8h
Mix-3a:CTGGTCTTCCAGAAGGx,8h
Mix-3a:GAATAAGAGAAACCATx,8h
Mix-3a:GACAGAGCATATGCTGx,8h
Mix-3a:GACGCGTTCAGCTCGGx,8h
Mix-3a:GACGGCTCAGATTGCTx,8h
Mix-3a:GATCGATAGCCACGTCx,8h
Mix-3a:GATGAGGAGCTCTCGGx,8h
Mix-3a:GCATGTACAAGCGTAGx,8h
Mix-3a:GCTCTGTCAATCTACGx,8h
Mix-3a:GGGTCTGAGCTTTGGTx,8h
Mix-3a:GTACGTAAGCCACCTGx,8h
Mix-3a:GTAGGCCGTCCATCCTx,8h
Mix-3a:GTCACAATCAACTCTTx,8h
Mix-3a:GTCGGGTCACGGTAGAx,8h
Mix-3a:GTCGTAAAGAGGTACCx,8h
Mix-3a:GTCGTAACAATCTGCAx,0d
Mix-3a:GTGCAGCGTGCAACTTx,8h
Mix-3a:GTGCTTCCAGCTCGCAx,8h
Mix-3a:GTTACAGGTCCTAGCGx,8h
Mix-3a:GTTCATTTCATGGTCAx,8h
Mix-3a:GTTCTCGGTTACGTCAx,8h
Mix-3a:TACTTACTCGCCGTGAx,8h
Mix-3a:TAGTTGGTCATTGCGAx,8h
Mix-3a:TCAGATGAGCGATGACx,8h
Mix-3a:TCAGCTCGTCTTCTCGx,8h
Mix-3a:TCGGGACGTCCCGACAx,8h
Mix-3a:TCTTTCCAGGTGGGTTx,8h
Mix-3a:TGCCAAAGTCCGAGTCx,8h
Mix-3a:TGGCTGGTCGAATGCTx,8h
Mix-3a:TGGGCGTTCTCAAACGx,8h
Mix-3a:TGTCCCAGTAAATGTGx,0d
Mix-3a:TTGGAACGTAAATGACx,8h
Mix-3a:TTTACTGCACTGCCAGx,8h
Mix-3a:TTTGCGCCATTTCAGGx,8h
Mix-3a:AAACCTGAGCTGCAAGx,3d
Mix-3a:AAATGCCCAGGAATCGx,3d
Mix-3a:AACACGTGTAGCAAATx,3d
Mix-3a:AAGCCGCTCCGGCACAx,3d
Mix-3a:ACGGCCACAATGTAAGx,3d
Mix-3a:ACGGGCTCACCCATTCx,3d
Mix-3a:AGGGTGAGTTTGTTTCx,3d
Mix-3a:ATAAGAGGTCTGCAATx,3d
Mix-3a:ATCATCTAGCGATCCCx,8h
Mix-3a:ATGAGGGTCTACTCATx,3d
Mix-3a:CACATAGTCGCAAACTx,3d
Mix-3a:CACCAGGTCTCCTATAx,3d
Mix-3a:CACTCCATCCGTCATCx,3d
Mix-3a:CAGATCACAGTAACGGx,3d
Mix-3a:CAGCTGGGTAACGCGAx,3d
Mix-3a:CAGGTGCGTGAGTGACx,3d
Mix-3a:CCAATCCGTCATTAGCx,3d
Mix-3a:CCACTACCAAAGGAAGx,3d
Mix-3a:CCCAATCGTGCAACGAx,3d
Mix-3a:CCCAGTTGTTGTCTTTx,3d
Mix-3a:CCGTACTGTCACACGCx,3d
Mix-3a:CCTCAGTGTGTAATGAx,3d
Mix-3a:CCTTCCCAGCGTGAACx,3d
Mix-3a:CGACTTCCATTGGTACx,3d
Mix-3a:CGCTTCATCAATCTCTx,3d
Mix-3a:CGGACTGAGATGTGGCx,3d
Mix-3a:CGGGTCATCACTCTTAx,3d
Mix-3a:CGGGTCATCGTACCGGx,3d
Mix-3a:CGTCAGGCACCCATGGx,3d
Mix-3a:CGTGTAAAGCTCCTCTx,3d
Mix-3a:CGTTCTGGTGGACGATx,3d
Mix-3a:CTGCTGTAGGCCGAATx,3d
Mix-3a:CTTAACTGTCCATGATx,3d
Mix-3a:GACGGCTTCGAGCCCAx,3d
Mix-3a:GATTCAGCATTATCTCx,3d
Mix-3a:GCAGCCAAGGCAGGTTx,3d
Mix-3a:GCTGCGACAACGATGGx,3d
Mix-3a:GCTGCTTAGCCAGTAGx,3d
Mix-3a:GCTTGAACATTGGGCCx,3d
Mix-3a:GGCGTGTCAAACTGCTx,3d
Mix-3a:GTATTCTTCCCGACTTx,3d
Mix-3a:GTGCTTCTCTGGGCCAx,8h
Mix-3a:GTTCATTGTACCGAGAx,3d
Mix-3a:TACTCGCGTAAATGTGx,3d
Mix-3a:TACTCGCGTCGGATCCx,3d
Mix-3a:TAGAGCTTCGATAGAAx,3d
Mix-3a:TATCTCAGTTCTGGTAx,3d
Mix-3a:TCAATCTCAGCTGTGCx,3d
Mix-3a:TCGCGAGCAGTCTTCCx,3d
Mix-3a:TCGTAGATCACCGGGTx,3d
Mix-3a:TCTTTCCGTTGTCTTTx,3d
Mix-3a:TGTTCCGTCTTCTGGCx,3d
Mix-3a:TTCTCCTAGAACTCGGx,3d
Mix-3a:TTGCGTCGTAGCGTCCx,3d
Mix-3a:TTTACTGAGACGCTTTx,3d
Mix-3a:TTTGCGCTCTTGAGGTx,3d
Mix-3a:AAACCTGTCTGACCTCx,0d
Mix-3a:ACACCAATCCGCAAGCx,8h
Mix-3a:ACCCACTCACGAAATAx,3d
Mix-3a:AGAATAGGTAAGGATTx,0d
Mix-3a:AGCGTCGCACTCGACGx,3d
Mix-3a:AGCGTCGCATCGGACCx,0d
Mix-3a:AGGGTGAAGGACATTAx,0d
Mix-3a:AGTGAGGTCCTGCCATx,0d
Mix-3a:ATCCACCGTGCCTGGTx,0d
Mix-3a:ATCCGAATCTGCAAGTx,0d
Mix-3a:ATTTCTGAGTATCTCGx,0d
Mix-3a:ATTTCTGCACGAAATAx,0d
Mix-3a:CAACCAAAGTGGGCTAx,0d
Mix-3a:CACACCTCATATACGCx,0d
Mix-3a:CACCACTTCACTTACTx,0d
Mix-3a:CAGCTAACAGCTGTGCx,0d
Mix-3a:CATCAAGCAATACGCTx,0d
Mix-3a:CATGACATCCACGAATx,0d
Mix-3a:CCATTCGAGATGCCTTx,0d
Mix-3a:CCGGGATGTACAAGTAx,3d
Mix-3a:CCTTCCCGTGAGTGACx,0d
Mix-3a:CCTTCGATCATCTGTTx,0d
Mix-3a:CGAACATTCAGTTTGGx,0d
Mix-3a:CGAATGTAGACTTGAAx,0d
Mix-3a:CGATGGCGTTCCGTCTx,0d
Mix-3a:CGTCACTAGAATGTGTx,0d
Mix-3a:CGTCAGGGTTGAGTTCx,0d
Mix-3a:CGTCTACCAAGCCCACx,0d
Mix-3a:CTACCCACAATCTACGx,0d
Mix-3a:CTAGTGAAGCCCAATTx,0d
Mix-3a:CTCGTCACATCCAACAx,0d
Mix-3a:GAAATGACATCCTTGCx,0d
Mix-3a:GACCTGGAGACTCGGAx,0d
Mix-3a:GACTACAGTCAGAATAx,0d
Mix-3a:GATTCAGCACTTAAGCx,0d
Mix-3a:GCAGTTAAGGGAGTAAx,0d
Mix-3a:GCATACAGTGATAAGTx,0d
Mix-3a:GCTGGGTTCTGATTCTx,0d
Mix-3a:GGCTCGAGTAAGGGAAx,3d
Mix-3a:GGGAATGTCCTTAATCx,3d
Mix-3a:GGGACCTTCCGGCACAx,0d
Mix-3a:GGGCATCTCGCTTAGAx,0d
Mix-3a:GGTATTGGTAGTGAATx,8h
Mix-3a:GTAACGTCAGTAACGGx,0d
Mix-3a:GTATTCTGTTTAAGCCx,0d
Mix-3a:GTCCTCAGTAAATGTGx,0d
Mix-3a:GTGAAGGGTCCATCCTx,0d
Mix-3a:GTGTGCGTCAACGCTAx,0d
Mix-3a:GTGTTAGCATTCTCATx,0d
Mix-3a:GTTCGGGCACCGAATTx,8h
Mix-3a:TAGACCAAGTGACTCTx,0d
Mix-3a:TAGACCAGTAAGGGAAx,0d
Mix-3a:TATGCCCTCATCATTCx,0d
Mix-3a:TCCACACGTATCAGTCx,8h
Mix-3a:TGAGAGGGTCTAGCCGx,0d
Mix-3a:TGGGAAGCATCACAACx,0d
Mix-3a:TTAGGACGTATGGTTCx,0d
Mix-3a:TTCGGTCCACGAGAGTx,0d
Mix-3a:TTCGGTCTCACGGTTAx,0d
Mix-3b:AAAGATGCAGGTTTCAx,3d
Mix-3b:AACCGCGGTGACGGTAx,3d
Mix-3b:AACTGGTGTAGATTAGx,3d
Mix-3b:ACACCGGAGACCCACCx,3d
Mix-3b:ACATGGTTCAGAAATGx,3d
Mix-3b:AGCCTAAAGGACAGCTx,3d
Mix-3b:AGCGTCGTCGATAGAAx,3d
Mix-3b:AGGCCGTAGACGCACAx,3d
Mix-3b:AGGGAGTCAGGTTTCAx,3d
Mix-3b:AGGGATGGTTACAGAAx,3d
Mix-3b:AGGTCATAGGACACCAx,3d
Mix-3b:ATCCACCGTCGAACAGx,3d
Mix-3b:ATCTACTTCAGGATCTx,3d
Mix-3b:ATGTGTGTCATAAAGGx,3d
Mix-3b:ATTGGTGAGAGATGAGx,3d
Mix-3b:CAACCAACAAGGTTTCx,3d
Mix-3b:CACAGTACACAGACAGx,3d
Mix-3b:CACAGTAGTCTGGTCGx,3d
Mix-3b:CACAGTATCGCCGTGAx,3d
Mix-3b:CACATAGTCACCTTATx,3d
Mix-3b:CAGCTAACAATGGAGCx,3d
Mix-3b:CCACTACCACTATCTTx,3d
Mix-3b:CCGTACTGTCCCTTGTx,3d
Mix-3b:CCTATTATCAACTCTTx,3d
Mix-3b:CGAGAAGGTCGTCTTCx,3d
Mix-3b:CGAGCCACATGCAATCx,3d
Mix-3b:CGATTGAAGTGTGAATx,3d
Mix-3b:CGGACGTCAGGGTTAGx,3d
Mix-3b:CGGTTAAAGCTGTTCAx,3d
Mix-3b:CGGTTAATCATGTCTTx,3d
Mix-3b:CGTCACTTCAACACCAx,3d
Mix-3b:CGTTGGGGTATAAACGx,3d
Mix-3b:CTACCCATCCGGGTGTx,3d
Mix-3b:CTACGTCTCAACACGTx,3d
Mix-3b:CTCATTAAGTGGTAATx,3d
Mix-3b:CTCTGGTAGTTACGGGx,3d
Mix-3b:CTGCTGTCAGCGTTCGx,3d
Mix-3b:CTGGTCTTCTGTCTATx,3d
Mix-3b:GACGCGTTCCAGATCAx,3d
Mix-3b:GATGAAAAGGCTATCTx,3d
Mix-3b:GCAGTTACAGACGCAAx,3d
Mix-3b:GCATACAGTACTCTCCx,3d
Mix-3b:GCTGCGACACGAGAGTx,3d
Mix-3b:GGAATAATCGCCAGCAx,3d
Mix-3b:GGATTACTCGGCTTGGx,3d
Mix-3b:GGGCACTTCCCATTATx,3d
Mix-3b:TAAGAGACACTTCTGCx,3d
Mix-3b:TAAGCGTAGCCAACAGx,3d
Mix-3b:TACCTTAGTAAACGCGx,3d
Mix-3b:TATCTCAAGCTAAGATx,3d
Mix-3b:TATCTCATCGAGAGCAx,3d
Mix-3b:TCACAAGCATGCCTTCx,3d
Mix-3b:TCACAAGCATGTAAGAx,3d
Mix-3b:TCGTAGACAGGTCCACx,3d
Mix-3b:TGAGCATTCTTGTTTGx,3d
Mix-3b:TGAGGGAGTGTCGCTGx,3d
Mix-3b:TGCTGCTTCTCCAACCx,3d
Mix-3b:TGTCCCAAGAAGATTCx,3d
Mix-3b:TTGACTTTCTCTTGATx,3d
Mix-3b:TTGCCGTAGCGCTCCAx,3d
Mix-3b:TTGCGTCAGATGGGTCx,3d
Mix-3b:TTTACTGAGATGCGACx,3d
Mix-3b:TTTACTGGTGTATGGGx,3d
Mix-3b:TTTGCGCAGCCGGTAAx,3d
Mix-3b:AACTCCCCACGTGAGAx,8h
Mix-3b:AACTCTTGTTCAACCAx,8h
Mix-3b:AATCCAGTCGCTTAGAx,8h
Mix-3b:ACTATCTGTTATCCGAx,8h
Mix-3b:AGAATAGTCCATGAACx,8h
Mix-3b:AGCCTAATCAAACCGTx,8h
Mix-3b:AGCGGTCCAGGCGATAx,8h
Mix-3b:AGCGTCGGTAATCACCx,0d
Mix-3b:AGCTCCTTCTTGCAAGx,8h
Mix-3b:AGCTTGAGTTGGAGGTx,8h
Mix-3b:ATAACGCCAGTAACGGx,8h
Mix-3b:ATAAGAGTCAAGATCCx,8h
Mix-3b:ATGGGAGAGCTAACAAx,8h
Mix-3b:CAACCTCGTTAGGGTGx,0d
Mix-3b:CAAGAAAAGACTAGATx,8h
Mix-3b:CACAAACGTGTGACCCx,8h
Mix-3b:CACAGGCAGCTAACTCx,8h
Mix-3b:CAGAGAGCACCTCGTTx,8h
Mix-3b:CATGACACAGCGTCCAx,8h
Mix-3b:CCTATTAAGTACGATAx,8h
Mix-3b:CGAGCACTCCGCGGTAx,0d
Mix-3b:CGATTGATCATGTAGCx,8h
Mix-3b:CGGACGTTCCACTGGGx,8h
Mix-3b:CTCACACTCAGTTAGCx,8h
Mix-3b:CTCAGAAGTGGCTCCAx,8h
Mix-3b:CTCCTAGCAGTGGAGTx,0d
Mix-3b:CTCCTAGGTCGAACAGx,0d
Mix-3b:CTCGGGAAGGAGTTGCx,8h
Mix-3b:CTCGTCAAGGTGTTAAx,8h
Mix-3b:CTCGTCATCTGTGCAAx,8h
Mix-3b:CTGATCCAGGGTTCCCx,8h
Mix-3b:CTTCTCTGTTGGTAAAx,8h
Mix-3b:GAACCTAGTACAGTTCx,8h
Mix-3b:GACCTGGCACTCAGGCx,8h
Mix-3b:GACGCGTTCTCTTGATx,8h
Mix-3b:GAGGTGAAGACAAGCCx,8h
Mix-3b:GATGCTACAAGACACGx,8h
Mix-3b:GCTCTGTTCACTCCTGx,8h
Mix-3b:GCTGCAGCACTGTTAGx,8h
Mix-3b:GCTGCGACATGAACCTx,8h
Mix-3b:GGAAAGCAGTATCGAAx,8h
Mix-3b:GGATGTTTCCAGTATGx,8h
Mix-3b:GGGAGATCAACTGCGCx,8h
Mix-3b:GGGCACTCACTGTCGGx,8h
Mix-3b:GTAACTGTCCAGAGGAx,8h
Mix-3b:GTATCTTAGGGTTTCTx,0d
Mix-3b:GTGCGGTAGTAGGTGCx,8h
Mix-3b:GTGGGTCAGACCTTTGx,8h
Mix-3b:GTGTGCGGTGTTTGGTx,0d
Mix-3b:GTTCTCGGTACAGACGx,8h
Mix-3b:TACGGGCCAATGGTCTx,8h
Mix-3b:TAGGCATGTCTTCAAGx,8h
Mix-3b:TCCACACGTACGCACCx,0d
Mix-3b:TCTATTGTCTAACGGTx,8h
Mix-3b:TCTCATAGTGCAACGAx,8h
Mix-3b:TCTTCGGCAATAAGCAx,8h
Mix-3b:TGACGGCTCAGATAAGx,8h
Mix-3b:TGATTTCGTTACAGAAx,8h
Mix-3b:TGCGTGGAGGCATGGTx,8h
Mix-3b:TGGCGCACACGGCGTTx,8h
Mix-3b:TTAGTTCTCACGGTTAx,8h
Mix-3b:TTCCCAGGTGCCTGCAx,8h
Mix-3b:TTCGAAGAGTGACATAx,8h
Mix-3b:AAAGATGGTCCAGTGCx,3d
Mix-3b:ACGAGGAAGAAGGTTTx,3d
Mix-3b:ACGATGTCACAGATTCx,3d
Mix-3b:ACGTCAATCCCAAGATx,3d
Mix-3b:ACTTTCATCGCCTGTTx,3d
Mix-3b:AGGGTGATCAATAAGGx,3d
Mix-3b:AGTTGGTGTCTTCTCGx,3d
Mix-3b:ATAAGAGGTATAATGGx,3d
Mix-3b:CAAGAAAGTTCCACAAx,3d
Mix-3b:CATCGGGAGTGGTAGCx,3d
Mix-3b:CATGACAGTTCCTCCAx,3d
Mix-3b:CATGGCGGTTCGCGACx,3d
Mix-3b:CCGTTCAAGCCTTGATx,8h
Mix-3b:CGCTGGACATACTACGx,3d
Mix-3b:CGGCTAGTCGGAAATAx,3d
Mix-3b:GACAGAGAGATCTGAAx,3d
Mix-3b:GACCAATGTGAACCTTx,3d
Mix-3b:GACGCGTAGGGTCTCCx,3d
Mix-3b:GACGCGTTCTATGTGGx,3d
Mix-3b:GCATACATCTCAACTTx,8h
Mix-3b:GCGCGATTCGCATGGCx,3d
Mix-3b:GCTGCGAAGACGCAACx,8h
Mix-3b:GCTGGGTGTTCATGGTx,3d
Mix-3b:GTAGGCCCAACTTGACx,3d
Mix-3b:GTGCTTCTCTGGCGTGx,3d
Mix-3b:GTGTTAGAGGCTCAGAx,3d
Mix-3b:TACGGGCGTATATCCGx,0d
Mix-3b:TCTCATAAGACTAAGTx,3d
Mix-3b:TGAGGGACACTCTGTCx,3d
Mix-3b:TGGACGCAGCAGATCGx,3d
Mix-3b:TGGGCGTGTACGACCCx,3d
Mix-3b:TTCTTAGAGACTCGGAx,3d
Mix-3b:TTTGGTTAGATAGGAGx,3d
Mix-3b:TTTGTCAGTTCAGTACx,3d
Mix-3b:AAACGGGTCATCACCCx,0d
Mix-3b:AAAGCAAGTACTTAGCx,0d
Mix-3b:AAAGCAATCAGCGATTx,0d
Mix-3b:AAAGTAGTCAACACGTx,0d
Mix-3b:ACATCAGCAACACCTAx,0d
Mix-3b:ACCTTTAAGCGAGAAAx,0d
Mix-3b:ACGCAGCCACTGTGTAx,0d
Mix-3b:ACTGAACTCACTGGGCx,0d
Mix-3b:AGAGCTTCATCCTTGCx,3d
Mix-3b:AGCGGTCTCCTAAGTGx,0d
Mix-3b:ATAAGAGTCGACAGCCx,0d
Mix-3b:ATAGACCGTCTTGATGx,0d
Mix-3b:CAACCAACACGGTAGAx,0d
Mix-3b:CAAGTTGCACATTAGCx,0d
Mix-3b:CACAAACCATAGACTCx,0d
Mix-3b:CAGCGACCAAGCCGTCx,0d
Mix-3b:CATTATCTCCGCTGTTx,0d
Mix-3b:CCGTGGACAAGCGATGx,0d
Mix-3b:CGAGCCAAGCCAGAACx,0d
Mix-3b:CGTAGCGTCGCAGGCTx,0d
Mix-3b:CGTCAGGTCGGCCGATx,0d
Mix-3b:CGTGTAAAGCGTTGCCx,0d
Mix-3b:CTCACACTCATCGCTCx,0d
Mix-3b:CTCCTAGTCCTTTCTCx,0d
Mix-3b:CTCGTCAGTAAATGTGx,0d
Mix-3b:CTGATAGTCTCAACTTx,8h
Mix-3b:GCAGTTATCGGACAAGx,0d
Mix-3b:GCATGCGTCATTGCCCx,0d
Mix-3b:GCGCAACGTGACGCCTx,0d
Mix-3b:GGATGTTAGTGTTTGCx,3d
Mix-3b:GGCGTGTTCGCCGTGAx,0d
Mix-3b:GGTGAAGGTAACGTTCx,0d
Mix-3b:TACACGAAGTGGGCTAx,3d
Mix-3b:TACACGAGTCTGGAGAx,0d
Mix-3b:TACGGTAGTCTAGTGTx,0d
Mix-3b:TCACGAACATGCCACGx,0d
Mix-3b:TCGAGGCCATCCGTGGx,0d
Mix-3b:TCGGTAAGTAAATGACx,0d
Mix-3b:TCGGTAAGTCTGGTCGx,0d
Mix-3b:TCTGAGACAATGGAATx,8h
Mix-3b:TGAGGGACAGCTGGCTx,0d
Mix-3b:TGCTACCTCTGCGGCAx,0d
Mix-3b:TGGCTGGAGGCTCTTAx,0d
Mix-3b:TTCTTAGAGTTCGCGCx,8h
Mix-3b:TTGCGTCCAGGGAGAGx,0d
Mix-3b:TTGGCAATCCGCATAAx,3d
Mix-3b:TTTGGTTTCCAACCAAx,0d
Mix-4a:AAAGATGAGCTAGTCTx,3d
Mix-4a:AAAGCAAAGACCTTTGx,3d
Mix-4a:AAAGCAAAGATCGGGTx,3d
Mix-4a:AAAGTAGCACACGCTGx,3d
Mix-4a:AAAGTAGTCATTGCGAx,3d
Mix-4a:AACCGCGCAACGCACCx,3d
Mix-4a:AACTCTTAGTAGGCCAx,3d
Mix-4a:AAGACCTAGGACTGGTx,3d
Mix-4a:AAGACCTTCATGCAACx,3d
Mix-4a:AAGCCGCGTAGAGGAAx,3d
Mix-4a:AAGTCTGTCAGTTCGAx,3d
Mix-4a:AATCCAGAGGCCGAATx,3d
Mix-4a:ACACCGGAGTTATCGCx,3d
Mix-4a:ACGCCAGGTTCGCTAAx,1d
Mix-4a:ACGCCGACAGCCAATTx,3d
Mix-4a:ACGGGCTAGATGGCGTx,3d
Mix-4a:ACGGGTCCAGGCTGAAx,3d
Mix-4a:AGAATAGAGCCAGAACx,1d
Mix-4a:AGAGCTTTCACCTCGTx,3d
Mix-4a:AGATTGCTCATCGGATx,3d
Mix-4a:AGCTCCTAGACGCTTTx,3d
Mix-4a:AGCTCTCAGATTACCCx,3d
Mix-4a:AGCTTGAAGAATTGTGx,8h
Mix-4a:AGGCCACTCAGCTTAGx,3d
Mix-4a:AGGTCATAGACACTAAx,3d
Mix-4a:AGTCTTTCACGACTCGx,3d
Mix-4a:AGTCTTTCATGTAGTCx,3d
Mix-4a:AGTGTCAGTGGCCCTAx,3d
Mix-4a:ATCGAGTCACGACGAAx,3d
Mix-4a:ATCTGCCCACAAGACGx,3d
Mix-4a:ATGCGATCAGCCTGTGx,3d
Mix-4a:ATTACTCTCGCCATAAx,3d
Mix-4a:ATTATCCCATGAGCGAx,3d
Mix-4a:ATTCTACTCCAGATCAx,3d
Mix-4a:ATTGGTGTCGCCGTGAx,3d
Mix-4a:ATTTCTGCAAGTTCTGx,3d
Mix-4a:CAACCAAAGCGCTTATx,3d
Mix-4a:CACATTTCAAACGTGGx,3d
Mix-4a:CACATTTCACAAGACGx,3d
Mix-4a:CACTCCATCGCCGTGAx,3d
Mix-4a:CAGAATCTCGTCCAGGx,3d
Mix-4a:CAGAGAGGTCTGCCAGx,3d
Mix-4a:CAGTAACGTGATGTGGx,3d
Mix-4a:CATCAGACAGCCAATTx,3d
Mix-4a:CATCAGACATGTCTCCx,3d
Mix-4a:CATCCACAGACAATACx,3d
Mix-4a:CATCGAACAAGTTGTCx,3d
Mix-4a:CATCGAAGTCCGTGACx,3d
Mix-4a:CATGGCGGTAGAAGGAx,3d
Mix-4a:CATTATCTCTGTGCAAx,3d
Mix-4a:CCACTACGTCAGAAGCx,3d
Mix-4a:CCCAGTTCACCGGAAAx,3d
Mix-4a:CCCTCCTGTACTCGCGx,3d
Mix-4a:CCGTGGATCGAATCCAx,3d
Mix-4a:CCGTGGATCGCGTTTCx,3d
Mix-4a:CGAACATCACCTCGTTx,3d
Mix-4a:CGAACATTCTTCATGTx,3d
Mix-4a:CGACTTCCAAATTGCCx,3d
Mix-4a:CGACTTCCAGTCGTGCx,3d
Mix-4a:CGACTTCGTCCAGTTAx,3d
Mix-4a:CGAGAAGTCCGGGTGTx,3d
Mix-4a:CGAGCACGTATGCTTGx,3d
Mix-4a:CGAGCACTCGTCTGCTx,3d
Mix-4a:CGAGCCAGTTCCAACAx,3d
Mix-4a:CGCGTTTAGCTGCCCAx,3d
Mix-4a:CGCTATCCATAACCTGx,3d
Mix-4a:CGCTTCATCTGATACGx,3d
Mix-4a:CGGACGTTCGCCATAAx,3d
Mix-4a:CGGACGTTCTACTCATx,3d
Mix-4a:CGGAGTCAGGAATCGCx,3d
Mix-4a:CGGAGTCGTCAATACCx,3d
Mix-4a:CGGTTAACATTTGCCCx,3d
Mix-4a:CGTAGCGTCCAAACTGx,3d
Mix-4a:CGTCCATCAAGGCTCCx,3d
Mix-4a:CGTTAGAGTAGATTAGx,3d
Mix-4a:CGTTAGAGTTGACGTTx,3d
Mix-4a:CGTTGGGCATAGAAACx,3d
Mix-4a:CTAGAGTTCCGAATGTx,3d
Mix-4a:CTCAGAATCCGAACGCx,3d
Mix-4a:CTCCTAGTCTTGTATCx,3d
Mix-4a:CTCGAGGAGTTGTCGTx,1d
Mix-4a:CTCGAGGCAAGGGTCAx,0d
Mix-4a:CTCGAGGCACAACTGTx,3d
Mix-4a:CTCGTCACACCAGGCTx,3d
Mix-4a:CTCTGGTGTGACGGTAx,3d
Mix-4a:CTGCGGATCGACGGAAx,3d
Mix-4a:CTGCTGTCACGAAAGCx,3d
Mix-4a:CTGGTCTAGCGGATCAx,3d
Mix-4a:CTTCTCTGTCTAGCCGx,3d
Mix-4a:GAAACTCTCCTGTACCx,3d
Mix-4a:GAAATGAAGGTTACCTx,3d
Mix-4a:GAAGCAGTCTTGAGGTx,3d
Mix-4a:GACAGAGCAAAGTCAAx,3d
Mix-4a:GACGCGTAGTCGTTTGx,3d
Mix-4a:GACGGCTGTAGATTAGx,3d
Mix-4a:GACGGCTTCGGACAAGx,3d
Mix-4a:GAGTCCGAGATCCCATx,3d
Mix-4a:GATCAGTGTGTGGTTTx,3d
Mix-4a:GATCAGTTCAAGGTAAx,3d
Mix-4a:GATCGATTCCACTGGGx,3d
Mix-4a:GATCTAGCAGCTATTGx,3d
Mix-4a:GATGCTAGTACCGTTAx,3d
Mix-4a:GCAAACTCATTAGGCTx,3d
Mix-4a:GCAGCCACAAGAAGAGx,3d
Mix-4a:GCATACAGTCTGATTGx,3d
Mix-4a:GCGCAACGTCGGCTCAx,1d
Mix-4a:GCGCAGTCATGGATGGx,3d
Mix-4a:GCGCAGTTCAGCTCTCx,1d
Mix-4a:GCGGGTTCATCGGTTAx,3d
Mix-4a:GCTTCCAAGCCACGTCx,3d
Mix-4a:GGACATTTCGGATGTTx,3d
Mix-4a:GGGACCTTCGTCTGAAx,3d
Mix-4a:GGGATGACATGTAAGAx,3d
Mix-4a:GTAACGTCAGACAAATx,3d
Mix-4a:GTACTTTGTCTAAACCx,3d
Mix-4a:GTAGGCCCAAGCGATGx,3d
Mix-4a:GTGTTAGCACGCGAAAx,3d
Mix-4a:GTTCATTTCCGTCATCx,3d
Mix-4a:TACTCATGTCGTTGTAx,3d
Mix-4a:TACTTGTAGCTTATCGx,3d
Mix-4a:TAGTTGGAGTGACATAx,3d
Mix-4a:TAGTTGGGTGCTTCTCx,3d
Mix-4a:TATCTCACACGGTAGAx,3d
Mix-4a:TCAATCTTCGGCGCTAx,3d
Mix-4a:TCAGCAACATTACCTTx,3d
Mix-4a:TCAGCTCAGACAAGCCx,3d
Mix-4a:TCATTTGAGACGACGTx,3d
Mix-4a:TCGCGTTGTGCGATAGx,3d
Mix-4a:TCGGTAAAGGATGCGTx,3d
Mix-4a:TCGTACCTCCGAACGCx,3d
Mix-4a:TCGTAGAAGAAGCCCAx,3d
Mix-4a:TCTGGAAAGTGTGAATx,3d
Mix-4a:TCTTTCCAGACCTAGGx,3d
Mix-4a:TGAGCATCACTCTGTCx,3d
Mix-4a:TGAGCCGCAAATCCGTx,3d
Mix-4a:TGAGGGAAGCTCTCGGx,3d
Mix-4a:TGCACCTTCCCTAACCx,3d
Mix-4a:TGTATTCCAGCTGGCTx,3d
Mix-4a:TGTGTTTGTACCGAGAx,3d
Mix-4a:TTCCCAGAGAGCAATTx,3d
Mix-4a:TTCCCAGCAAAGCGGTx,3d
Mix-4a:TTCGAAGTCAATACCGx,3d
Mix-4a:TTGCCGTTCTGCGGCAx,3d
Mix-4a:TTTATGCAGGAATGGAx,3d
Mix-4a:AAACCTGGTCGAACAGx,8h
Mix-4a:AAATGCCAGTCGATAAx,8h
Mix-4a:AAATGCCTCTGATTCTx,8h
Mix-4a:AACTCAGTCTCACATTx,8h
Mix-4a:AACTCTTGTAAGTGTAx,8h
Mix-4a:AACTCTTGTTTGTTGGx,8h
Mix-4a:AAGACCTAGCAGACTGx,8h
Mix-4a:AAGGCAGGTAAGTGTAx,8h
Mix-4a:AAGGCAGTCGTTACGAx,1d
Mix-4a:AATCGGTAGACTTTCGx,8h
Mix-4a:ACACCGGTCCGGCACAx,8h
Mix-4a:ACAGCCGGTCCGTTAAx,8h
Mix-4a:ACATGGTAGAATAGGGx,8h
Mix-4a:ACATGGTTCCCTCTTTx,8h
Mix-4a:ACCTTTAAGGGCTTGAx,8h
Mix-4a:ACCTTTAGTCAGAGGTx,8h
Mix-4a:ACGATGTAGAGTACATx,1d
Mix-4a:ACGCCAGAGAGGGATAx,1d
Mix-4a:ACGGCCATCTTGAGGTx,8h
Mix-4a:ACGTCAACACAGAGGTx,8h
Mix-4a:ACTGATGCATCTGGTAx,8h
Mix-4a:ACTGTCCCAGCCTTTCx,8h
Mix-4a:ACTTACTAGTAAGTACx,8h
Mix-4a:ACTTTCAGTATAGGGCx,8h
Mix-4a:AGAGCGAGTCAAACTCx,1d
Mix-4a:AGAGCTTAGACGACGTx,8h
Mix-4a:AGAGTGGTCAACACTGx,8h
Mix-4a:AGCATACCAGCTTAACx,8h
Mix-4a:AGCCTAACATCCAACAx,8h
Mix-4a:AGCCTAATCCGTCATCx,8h
Mix-4a:AGCTCCTGTGCACTTAx,8h
Mix-4a:AGCTCTCCATGTCTCCx,8h
Mix-4a:AGGCCACCAGTGGGATx,8h
Mix-4a:AGGGAGTCAAAGTCAAx,8h
Mix-4a:AGTAGTCAGTCCTCCTx,1d
Mix-4a:AGTCTTTTCAGGTTCAx,8h
Mix-4a:AGTCTTTTCGTAGGTTx,8h
Mix-4a:AGTGGGATCACTTATCx,1d
Mix-4a:AGTGTCAAGTGCAAGCx,1d
Mix-4a:ATAACGCCACGGTAGAx,8h
Mix-4a:ATAACGCCATAAGACAx,8h
Mix-4a:ATAACGCGTTAGAACAx,8h
Mix-4a:ATCCGAACAAAGTCAAx,8h
Mix-4a:ATCTACTAGCGGATCAx,8h
Mix-4a:ATCTGCCAGCGTTTACx,8h
Mix-4a:ATGAGGGTCTATCGCCx,8h
Mix-4a:ATGCGATAGTGCGTGAx,8h
Mix-4a:ATGTGTGTCACATACGx,3d
Mix-4a:ATTATCCAGATCCCATx,8h
Mix-4a:ATTATCCAGGCTAGCAx,8h
Mix-4a:ATTATCCCATGGTCTAx,8h
Mix-4a:ATTCTACGTTCAGCGCx,8h
Mix-4a:ATTCTACTCCGCTGTTx,1d
Mix-4a:ATTTCTGCAAGCCCACx,8h
Mix-4a:CAACCTCTCACAACGTx,8h
Mix-4a:CAAGAAAAGTGAAGAGx,8h
Mix-4a:CAAGAAAAGTGCGTGAx,8h
Mix-4a:CAAGGCCCAGTCCTTCx,8h
Mix-4a:CAAGGCCGTTCACGGCx,1d
Mix-4a:CACACTCAGGTACTCTx,8h
Mix-4a:CACAGGCCAGGATCGAx,8h
Mix-4a:CACAGTAGTGTTTGGTx,8h
Mix-4a:CACATTTTCGTAGGTTx,8h
Mix-4a:CACCTTGGTTATTCTCx,8h
Mix-4a:CAGCAGCCACGAGGTAx,1d
Mix-4a:CAGCGACTCGTGTAGTx,8h
Mix-4a:CAGCTAATCCGCGGTAx,8h
Mix-4a:CAGGTGCGTGCCTGTGx,8h
Mix-4a:CAGTAACGTCGCGTGTx,8h
Mix-4a:CAGTCCTTCTAACCGAx,8h
Mix-4a:CATATGGGTTTAGCTGx,8h
Mix-4a:CATCAAGTCCAAATGCx,8h
Mix-4a:CATCAGACAACGATGGx,8h
Mix-4a:CATGACACATCATCCCx,1d
Mix-4a:CATGGCGGTAATAGCAx,8h
Mix-4a:CATGGCGGTGCCTTGGx,1d
Mix-4a:CATGGCGTCACCCGAGx,8h
Mix-4a:CATTCGCCACATTCGAx,8h
Mix-4a:CCAATCCGTCCGTCAGx,8h
Mix-4a:CCACGGAAGTCAAGGCx,8h
Mix-4a:CCACGGATCTTGAGACx,8h
Mix-4a:CCCAATCCACCATGTAx,8h
Mix-4a:CCCAGTTAGAGTAATCx,8h
Mix-4a:CCCATACCAGCTATTGx,8h
Mix-4a:CCTTACGCAAGGTTCTx,8h
Mix-4a:CGAACATCAATCCAACx,8h
Mix-4a:CGAATGTAGGAATGGAx,8h
Mix-4a:CGACCTTAGTGAACGCx,8h
Mix-4a:CGAGAAGCACCGAAAGx,1d
Mix-4a:CGAGAAGCACGTGAGAx,8h
Mix-4a:CGAGCCATCGTAGGAGx,8h
Mix-4a:CGATCGGAGTACATGAx,8h
Mix-4a:CGATTGAAGACTAGGCx,8h
Mix-4a:CGATTGAAGGGAGTAAx,8h
Mix-4a:CGCCAAGAGAAAGTGGx,8h
Mix-4a:CGCCAAGCATTAGCCAx,8h
Mix-4a:CGCTATCAGCCAGGATx,8h
Mix-4a:CGCTGGACACGGCTACx,8h
Mix-4a:CGCTGGATCAGCATGTx,8h
Mix-4a:CGCTTCAAGCAAATCAx,1d
Mix-4a:CGGAGCTAGGGCTTGAx,1d
Mix-4a:CGGAGCTTCTGGCGTGx,8h
Mix-4a:CGGCTAGTCCCAGGTGx,8h
Mix-4a:CGTCCATTCTTCGAGAx,8h
Mix-4a:CGTGTAAAGTCCATACx,8h
Mix-4a:CGTTCTGTCTCTGCTGx,8h
Mix-4a:CTAATGGGTTGCTCCTx,8h
Mix-4a:CTACACCCAAATTGCCx,8h
Mix-4a:CTACATTGTGTCCTCTx,1d
Mix-4a:CTACCCAAGTGCTGCCx,1d
Mix-4a:CTACGTCCAATCCGATx,8h
Mix-4a:CTAGCCTAGACTGTAAx,1d
Mix-4a:CTCAGAATCGTTACAGx,8h
Mix-4a:CTCATTACACGACGAAx,8h
Mix-4a:CTCGAGGAGAGGTTGCx,8h
Mix-4a:CTCGGAGAGACTACAAx,8h
Mix-4a:CTCGGGACAAAGTGCGx,1d
Mix-4a:CTCGGGATCTCTTATGx,8h
Mix-4a:CTCGTCAGTGGTCTCGx,8h
Mix-4a:CTCTAATGTAAACACAx,8h
Mix-4a:CTCTGGTTCGGCGCATx,8h
Mix-4a:CTGAAACGTCCAGTATx,8h
Mix-4a:CTGAAGTCAGACGTAGx,8h
Mix-4a:CTGAAGTCAGTCCTTCx,8h
Mix-4a:CTGATAGGTTACGTCAx,8h
Mix-4a:CTGCCTAAGAGGACGGx,8h
Mix-4a:CTGCCTACAAGTTGTCx,8h
Mix-4a:CTGCGGAAGATATACGx,8h
Mix-4a:CTGCTGTAGGATTCGGx,8h
Mix-4a:CTGCTGTGTCCCGACAx,1d
Mix-4a:CTGTGCTCATCTCGCTx,8h
Mix-4a:CTTAACTCACCACGTGx,8h
Mix-4a:CTTAGGATCGAGAGCAx,8h
Mix-4a:CTTGGCTCATCCGCGAx,8h
Mix-4a:CTTTGCGCATGAACCTx,1d
Mix-4a:GAACATCCAAGTTGTCx,8h
Mix-4a:GAACCTAGTTCCCTTGx,8h
Mix-4a:GAATGAAGTGTTGGGAx,8h
Mix-4a:GACCAATTCGACGGAAx,8h
Mix-4a:GACGCGTCACGGTGTCx,8h
Mix-4a:GACGCGTTCTCCAACCx,8h
Mix-4a:GACGTGCAGCTTATCGx,8h
Mix-4a:GACTAACAGTCACGCCx,1d
Mix-4a:GAGCAGATCTGCAGTAx,1d
Mix-4a:GAGTCCGAGGGTCGATx,1d
Mix-4a:GATCGATGTCTAGCGCx,8h
Mix-4a:GATCGCGGTTGTTTGGx,8h
Mix-4a:GATCTAGCACACATGTx,8h
Mix-4a:GATCTAGTCCAGAGGAx,8h
Mix-4a:GATGCTACATCATCCCx,8h
Mix-4a:GCAATCAGTGTTCTTTx,8h
Mix-4a:GCACATAAGTATCTCGx,8h
Mix-4a:GCACTCTTCTGCGGCAx,8h
Mix-4a:GCAGCCACAGATCTGTx,8h
Mix-4a:GCAGCCACAGATGGCAx,8h
Mix-4a:GCAGTTAGTCAAAGATx,8h
Mix-4a:GCAGTTATCGTCTGAAx,8h
Mix-4a:GCATGTAAGATCGGGTx,8h
Mix-4a:GCATGTATCCGTTGTCx,8h
Mix-4a:GCGGGTTCACTATCTTx,8h
Mix-4a:GCGGGTTCAGTGGGATx,8h
Mix-4a:GCGGGTTTCGAATGCTx,8h
Mix-4a:GCTGCAGAGTACCGGAx,8h
Mix-4a:GCTGCAGTCGCGTAGCx,8h
Mix-4a:GGAAAGCAGTGCGATGx,8h
Mix-4a:GGATGTTGTTCCCGAGx,8h
Mix-4a:GGATTACCACGGATAGx,8h
Mix-4a:GGATTACCATGCCCGAx,8h
Mix-4a:GGCCGATAGGTAGCCAx,8h
Mix-4a:GGGAATGAGATAGGAGx,8h
Mix-4a:GGGAATGCAACTTGACx,1d
Mix-4a:GGGACCTCAATGCCATx,1d
Mix-4a:GGGACCTGTGTAACGGx,8h
Mix-4a:GGGCACTCAGTCAGAGx,8h
Mix-4a:GGTGCGTAGTACTTGCx,8h
Mix-4a:GGTGCGTGTAACGACGx,8h
Mix-4a:GGTGCGTTCTGTTGAGx,8h
Mix-4a:GTAACGTAGGCTACGAx,8h
Mix-4a:GTAACTGTCCTCAACCx,8h
Mix-4a:GTAGGCCCAAGTTCTGx,8h
Mix-4a:GTAGGCCTCTCTTGATx,8h
Mix-4a:GTAGTCAGTATGCTTGx,8h
Mix-4a:GTCAAGTAGCTCTCGGx,8h
Mix-4a:GTCAAGTCACCCATTCx,8h
Mix-4a:GTCACAAAGCCATCGCx,8h
Mix-4a:GTGAAGGTCCGTTGCTx,8h
Mix-4a:GTGCATAGTGTCTGATx,8h
Mix-4a:GTGCGGTTCCGAGCCAx,8h
Mix-4a:GTGGGTCGTAGCGCAAx,8h
Mix-4a:GTGTTAGAGCCAGTAGx,8h
Mix-4a:GTGTTAGAGCTTATCGx,8h
Mix-4a:GTTCTCGTCGAACTGTx,0d
Mix-4a:GTTTCTATCCTGCCATx,8h
Mix-4a:TAAGAGAAGTGCCAGAx,8h
Mix-4a:TAAGCGTTCACAAACCx,8h
Mix-4a:TAAGTGCAGTTATCGCx,8h
Mix-4a:TACAGTGAGGCTAGGTx,8h
Mix-4a:TACGGGCCAGATCGGAx,8h
Mix-4a:TACGGTAGTGCTAGCCx,8h
Mix-4a:TACTTGTTCGGGAGTAx,8h
Mix-4a:TAGGCATTCTACCAGAx,8h
Mix-4a:TAGTGGTCAGTCTTCCx,1d
Mix-4a:TAGTTGGCAGGATCGAx,8h
Mix-4a:TAGTTGGGTTACAGAAx,8h
Mix-4a:TATGCCCCAGGGTTAGx,8h
Mix-4a:TATGCCCTCTAACTGGx,8h
Mix-4a:TCAATCTAGAGTCGGTx,8h
Mix-4a:TCACGAAAGGCTCTTAx,8h
Mix-4a:TCAGGTACACAGACTTx,8h
Mix-4a:TCAGGTAGTGCTCTTCx,8h
Mix-4a:TCATTACTCACAGTACx,8h
Mix-4a:TCATTTGCAGTCACTAx,8h
Mix-4a:TCGGTAAGTAGCTCCGx,8h
Mix-4a:TCGTACCAGTGCCAGAx,8h
Mix-4a:TCGTACCCAGATCGGAx,8h
Mix-4a:TCGTAGACACCAGATTx,8h
Mix-4a:TCTATTGCAACTGGCCx,8h
Mix-4a:TCTATTGGTCTGCGGTx,1d
Mix-4a:TCTATTGTCGCCCTTAx,8h
Mix-4a:TCTTTCCCATGTCCTCx,8h
Mix-4a:TCTTTCCGTTAAAGTGx,8h
Mix-4a:TGAGAGGCAGCCTTGGx,0d
Mix-4a:TGGCCAGGTCTTTCATx,8h
Mix-4a:TGGCGCATCTTTCCTCx,8h
Mix-4a:TGGGCGTCACCACCAGx,8h
Mix-4a:TGGGCGTGTCATCCCTx,8h
Mix-4a:TGGTTCCCAATGTTGCx,8h
Mix-4a:TGGTTCCTCGTCCGTTx,8h
Mix-4a:TTATGCTCATGCCCGAx,8h
Mix-4a:TTCCCAGAGTTTCCTTx,8h
Mix-4a:TTCGGTCCAGCTATTGx,8h
Mix-4a:TTCTTAGTCATGCAACx,8h
Mix-4a:TTGACTTTCTTCAACTx,8h
Mix-4a:TTGCGTCAGCAGCGTAx,8h
Mix-4a:TTGCGTCTCGAGAACGx,8h
Mix-4a:TTGGAACCAGATTGCTx,8h
Mix-4a:TTGGCAACAATCGGTTx,8h
Mix-4a:TTTGCGCGTGTGAATAx,8h
Mix-4a:TTTGGTTCATTACCTTx,8h
Mix-4a:TTTGTCAGTTGGGACAx,8h
Mix-4a:TTTGTCATCTCGCTTGx,8h
Mix-4a:AAAGCAAGTCAGATAAx,1d
Mix-4a:AAAGTAGGTCTGGTCGx,1d
Mix-4a:AACCATGCAGTGGGATx,1d
Mix-4a:AACCGCGCAGTATGCTx,1d
Mix-4a:AACCGCGGTTACCAGTx,8h
Mix-4a:AACTCAGTCGATAGAAx,1d
Mix-4a:AACTGGTAGTCACGCCx,1d
Mix-4a:AAGACCTGTGCACCACx,1d
Mix-4a:AAGCCGCGTACTTAGCx,1d
Mix-4a:AAGGCAGTCCGTTGCTx,1d
Mix-4a:AAGGTTCTCCTTGGTCx,1d
Mix-4a:AAGTCTGCAAGGACACx,1d
Mix-4a:AAGTCTGCAGTCAGAGx,1d
Mix-4a:AATCGGTCAAAGTCAAx,1d
Mix-4a:AATCGGTGTACACCGCx,1d
Mix-4a:AATCGGTGTGTCAATCx,1d
Mix-4a:ACACCAAGTAGCCTCGx,1d
Mix-4a:ACACCCTGTCAGCTATx,1d
Mix-4a:ACAGCCGAGCTGCAAGx,3d
Mix-4a:ACATCAGAGCGTTCCGx,1d
Mix-4a:ACATCAGGTTAGATGAx,1d
Mix-4a:ACCAGTATCAACACTGx,1d
Mix-4a:ACCGTAATCAGTGTTGx,1d
Mix-4a:ACCTTTATCTGTTGAGx,1d
Mix-4a:ACGAGGAGTCCGTCAGx,1d
Mix-4a:ACGCCAGCATTCCTCGx,1d
Mix-4a:ACGGAGAAGTAGATGTx,1d
Mix-4a:ACGGAGAGTTGCCTCTx,1d
Mix-4a:ACGGCCAAGTTCCACAx,3d
Mix-4a:ACGGCCATCCCTTGCAx,1d
Mix-4a:ACGGGCTCAAGCCTATx,1d
Mix-4a:ACTGAACGTAGCCTCGx,1d
Mix-4a:ACTGAGTCAAAGGCGTx,1d
Mix-4a:ACTGCTCTCCGTAGGCx,1d
Mix-4a:ACTTACTCATTCACTTx,1d
Mix-4a:AGAGCGAAGCTGGAACx,1d
Mix-4a:AGAGCGAAGTGTGAATx,8h
Mix-4a:AGAGCTTAGATGCCAGx,1d
Mix-4a:AGATCTGGTTAGAACAx,1d
Mix-4a:AGCAGCCGTATGAAACx,1d
Mix-4a:AGCGGTCGTAACGTTCx,1d
Mix-4a:AGCGTATGTTAGAACAx,1d
Mix-4a:AGCGTCGGTGGTCCGTx,1d
Mix-4a:AGCTCCTGTAGGCATGx,1d
Mix-4a:AGGCCACAGACAAAGGx,1d
Mix-4a:AGGCCACCATCGGTTAx,1d
Mix-4a:AGGCCGTTCCAACCAAx,1d
Mix-4a:AGGGAGTGTTACGGAGx,1d
Mix-4a:AGGTCCGAGAACTGTAx,1d
Mix-4a:AGGTCCGCAATGAATGx,1d
Mix-4a:AGTAGTCAGGACACCAx,1d
Mix-4a:AGTGAGGAGTGTGAATx,8h
Mix-4a:AGTGTCAGTGATGTGGx,1d
Mix-4a:AGTTGGTCACCGCTAGx,1d
Mix-4a:AGTTGGTCATGGTCATx,1d
Mix-4a:ATAGACCAGCAACGGTx,1d
Mix-4a:ATCATGGTCAGCTCGGx,1d
Mix-4a:ATCTACTGTAGCCTATx,3d
Mix-4a:ATCTACTGTTCAGCGCx,1d
Mix-4a:ATCTACTGTTCGGGCTx,8h
Mix-4a:ATGAGGGAGCCGCCTAx,1d
Mix-4a:ATGAGGGTCTTATCTGx,1d
Mix-4a:ATGCGATCATTGTGCAx,1d
Mix-4a:ATGCGATGTGTGCCTGx,1d
Mix-4a:ATGCGATTCACCAGGCx,1d
Mix-4a:ATGGGAGCACTCTGTCx,1d
Mix-4a:ATTACTCTCGTTGACAx,1d
Mix-4a:ATTATCCGTCGCATATx,1d
Mix-4a:CAACTAGTCAGAGACGx,1d
Mix-4a:CAAGATCAGAGGACGGx,1d
Mix-4a:CAAGATCTCACCTTATx,8h
Mix-4a:CAAGGCCGTAACGTTCx,1d
Mix-4a:CAAGGCCTCTCATTCAx,1d
Mix-4a:CAAGTTGAGGCAGGTTx,1d
Mix-4a:CACAAACCAGGATTGGx,1d
Mix-4a:CACAGGCAGACGCAACx,1d
Mix-4a:CACAGTACACGGACAAx,1d
Mix-4a:CACAGTAGTACGCACCx,1d
Mix-4a:CACCACTCAAACCTACx,1d
Mix-4a:CACCAGGGTAAACGCGx,1d
Mix-4a:CACCTTGAGAACTCGGx,1d
Mix-4a:CAGCATACAGGACCCTx,1d
Mix-4a:CAGCGACGTTGTCTTTx,1d
Mix-4a:CATATGGTCTGTTTGTx,1d
Mix-4a:CATCAGATCGTAGATCx,1d
Mix-4a:CATCCACTCCTCCTAGx,8h
Mix-4a:CATCGAAAGATCCCATx,1d
Mix-4a:CATCGGGAGGGTATCGx,1d
Mix-4a:CATCGGGCAAGTCTACx,1d
Mix-4a:CATGCCTTCACGGTTAx,1d
Mix-4a:CATTATCCATACCATGx,1d
Mix-4a:CATTCGCCACGAAATAx,1d
Mix-4a:CCGGGATCATCACGTAx,1d
Mix-4a:CCGGGATTCTGGCGACx,1d
Mix-4a:CCTACCAAGGACATTAx,1d
Mix-4a:CCTAGCTGTGAGTGACx,1d
Mix-4a:CCTAGCTGTTCACGGCx,8h
Mix-4a:CCTCTGACAAAGTCAAx,1d
Mix-4a:CCTTCCCCATTATCTCx,1d
Mix-4a:CCTTTCTCATCAGTCAx,1d
Mix-4a:CGAACATAGGCTAGGTx,1d
Mix-4a:CGAGAAGAGAAGAAGCx,1d
Mix-4a:CGATGTAGTAGGCATGx,1d
Mix-4a:CGCGGTACAGCATGAGx,1d
Mix-4a:CGCGGTATCACCGGGTx,1d
Mix-4a:CGCTGGAGTCAACTGTx,1d
Mix-4a:CGCTTCAGTTGTGGCCx,1d
Mix-4a:CGCTTCATCAAACGGGx,1d
Mix-4a:CGGACACGTGCTGTATx,1d
Mix-4a:CGGACGTAGCAGGTCAx,1d
Mix-4a:CGGACGTGTCGTTGTAx,8h
Mix-4a:CGGACTGTCCCATTTAx,1d
Mix-4a:CGGAGTCAGAATGTTGx,3d
Mix-4a:CGGAGTCCAAGGACTGx,1d
Mix-4a:CGGAGTCTCAAACAAGx,1d
Mix-4a:CGGGTCACATATACCGx,1d
Mix-4a:CGTAGGCAGCTAAACAx,1d
Mix-4a:CGTAGGCCACCAGGCTx,3d
Mix-4a:CGTGTAACACGTTGGCx,1d
Mix-4a:CGTTAGACAGCCAGAAx,1d
Mix-4a:CGTTCTGTCGCTTGTCx,3d
Mix-4a:CGTTCTGTCTTTACGTx,1d
Mix-4a:CTAACTTCATGGTCTAx,1d
Mix-4a:CTAATGGAGATGTGGCx,1d
Mix-4a:CTAATGGTCAGTGTTGx,1d
Mix-4a:CTACACCAGACTAAGTx,8h
Mix-4a:CTACATTGTAAGGGCTx,1d
Mix-4a:CTACATTTCGCCTGTTx,3d
Mix-4a:CTACCCAGTAAAGTCAx,1d
Mix-4a:CTACGTCAGTGTTGAAx,1d
Mix-4a:CTACGTCCATGCCACGx,1d
Mix-4a:CTAGAGTCAAGCCATTx,1d
Mix-4a:CTAGAGTGTTCCACTCx,1d
Mix-4a:CTAGTGACAGATAATGx,3d
Mix-4a:CTCGGAGGTGCGGTAAx,1d
Mix-4a:CTCGTACAGAGCTGGTx,1d
Mix-4a:CTGAAGTGTAAGGGAAx,1d
Mix-4a:CTGAAGTTCCACGTGGx,1d
Mix-4a:CTGCTGTCAATCAGAAx,1d
Mix-4a:CTGCTGTTCACTTACTx,1d
Mix-4a:CTGGTCTTCGGCATCGx,8h
Mix-4a:CTGTGCTGTTAAGATGx,1d
Mix-4a:CTGTGCTTCGTCTGCTx,1d
Mix-4a:CTTAACTGTTCGTTGAx,1d
Mix-4a:CTTACCGCAAAGAATCx,3d
Mix-4a:CTTGGCTTCCATGAACx,1d
Mix-4a:GAACCTACACGAAATAx,1d
Mix-4a:GAACCTATCATTATCCx,1d
Mix-4a:GAATGAATCTTTAGGGx,1d
Mix-4a:GACACGCGTATGCTTGx,1d
Mix-4a:GACAGAGGTCAGAATAx,1d
Mix-4a:GACCAATGTAAACACAx,1d
Mix-4a:GACCAATTCTTACCGCx,1d
Mix-4a:GACGTTAAGGACTGGTx,1d
Mix-4a:GAGTCCGAGCCAACAGx,1d
Mix-4a:GAGTCCGCAGTTCCCTx,1d
Mix-4a:GATCAGTGTCTCGTTCx,1d
Mix-4a:GATCGATCAGTAGAGCx,1d
Mix-4a:GATCGATTCCTTGACCx,1d
Mix-4a:GATCGCGGTGGTACAGx,8h
Mix-4a:GATGAGGTCCGCGGTAx,8h
Mix-4a:GCAAACTGTCCATGATx,1d
Mix-4a:GCAAACTTCCTCAATTx,1d
Mix-4a:GCAAACTTCCTCATTAx,1d
Mix-4a:GCATGATCAAACGTGGx,1d
Mix-4a:GCATGATTCGTAGGTTx,1d
Mix-4a:GCATGCGTCATATCGGx,1d
Mix-4a:GCGACCACACTATCTTx,1d
Mix-4a:GCTCTGTCAATAGAGTx,1d
Mix-4a:GCTCTGTGTTAGGGTGx,1d
Mix-4a:GCTGCAGGTAGGGACTx,3d
Mix-4a:GCTGCAGTCCTCATTAx,1d
Mix-4a:GCTGCGAAGAGCCCAAx,1d
Mix-4a:GCTGCGAAGAGTAATCx,1d
Mix-4a:GCTGGGTAGGCCATAGx,1d
Mix-4a:GCTGGGTCAAGACGTGx,1d
Mix-4a:GGAAAGCGTTACGCGCx,1d
Mix-4a:GGAGCAAAGTGAAGTTx,1d
Mix-4a:GGCCGATAGAAGGTGAx,1d
Mix-4a:GGCCGATTCAGGATCTx,1d
Mix-4a:GGCGACTTCTGCAGTAx,1d
Mix-4a:GGCTCGAAGGAGCGAGx,8h
Mix-4a:GGCTGGTCACTCGACGx,1d
Mix-4a:GGGACCTAGAGGTTATx,1d
Mix-4a:GGGACCTGTCATTAGCx,1d
Mix-4a:GGGATGAGTAGCGCAAx,1d
Mix-4a:GGGATGATCATGTCCCx,1d
Mix-4a:GGTGAAGCACATTAGCx,1d
Mix-4a:GGTGCGTGTTACGGAGx,1d
Mix-4a:GGTGCGTTCAGGCGAAx,3d
Mix-4a:GGTGCGTTCGTCGTTCx,1d
Mix-4a:GTACGTAAGCACAGGTx,1d
Mix-4a:GTACTTTTCGAATCCAx,1d
Mix-4a:GTAGGCCGTTCTGGTAx,1d
Mix-4a:GTCAAGTAGCAGATCGx,1d
Mix-4a:GTCATTTTCGTACGGCx,8h
Mix-4a:GTCTTCGGTAACGCGAx,1d
Mix-4a:GTGCGGTCACAGGTTTx,1d
Mix-4a:GTGGGTCGTCAGAAGCx,1d
Mix-4a:TAAACCGAGACGCAACx,8h
Mix-4a:TAAACCGCAGTTAACCx,1d
Mix-4a:TAAGAGATCGTTACGAx,1d
Mix-4a:TACACGAAGCCAGTTTx,8h
Mix-4a:TACACGAGTCTAGGTTx,1d
Mix-4a:TACACGATCATTGCGAx,1d
Mix-4a:TACCTATCAGGTCGTCx,3d
Mix-4a:TACTCGCTCCTGCCATx,1d
Mix-4a:TAGACCAAGACACTAAx,1d
Mix-4a:TAGACCACACAGGAGTx,1d
Mix-4a:TAGGCATAGAGGGCTTx,1d
Mix-4a:TCACAAGTCCGCAGTGx,1d
Mix-4a:TCAGATGAGGCAATTAx,1d
Mix-4a:TCAGATGGTGCAGGTAx,1d
Mix-4a:TCAGCTCGTGTCCTCTx,1d
Mix-4a:TCAGGATCACGAGAGTx,1d
Mix-4a:TCAGGATTCTCTTATGx,1d
Mix-4a:TCATTTGTCTGTCCGTx,3d
Mix-4a:TCCACACTCAAGATCCx,1d
Mix-4a:TCGAGGCTCCCACTTGx,3d
Mix-4a:TCGAGGCTCCGCGTTTx,1d
Mix-4a:TCGGGACAGGGTGTGTx,1d
Mix-4a:TCTGGAAAGCCGATTTx,1d
Mix-4a:TCTTCGGGTTAGGGTGx,1d
Mix-4a:TGAGGGACATGTCGATx,1d
Mix-4a:TGATTTCCATTACGACx,1d
Mix-4a:TGCCAAAAGTGTCCCGx,1d
Mix-4a:TGCCCATCAACTGCTAx,1d
Mix-4a:TGCGCAGGTTCCCGAGx,1d
Mix-4a:TGCGTGGAGCTCTCGGx,1d
Mix-4a:TGCGTGGAGTGCCATTx,1d
Mix-4a:TGCGTGGTCAGCACATx,1d
Mix-4a:TGCTACCCATCTCCCAx,1d
Mix-4a:TGCTGCTGTAAAGTCAx,1d
Mix-4a:TGGACGCGTGTGAATAx,1d
Mix-4a:TGGCTGGAGTACACCTx,1d
Mix-4a:TGGCTGGTCTCGGACGx,1d
Mix-4a:TGGGCGTCAATAGAGTx,1d
Mix-4a:TGGTTCCGTCCCTACTx,1d
Mix-4a:TGTATTCGTGATGATAx,1d
Mix-4a:TGTTCCGCATTGGCGCx,1d
Mix-4a:TTAGTTCTCTTGCAAGx,1d
Mix-4a:TTCGAAGCACTTAACGx,1d
Mix-4a:TTCGAAGGTGTCCTCTx,1d
Mix-4a:TTCGGTCTCTTGCAAGx,1d
Mix-4a:TTCTTAGAGAAGATTCx,1d
Mix-4a:TTGCCGTGTAAACGCGx,1d
Mix-4a:TTGGAACAGAATTCCCx,1d
Mix-4a:TTGGCAAGTAAGGATTx,1d
Mix-4a:TTTCCTCCATGCGCACx,1d
Mix-4a:TTTCCTCGTCATGCATx,1d
Mix-4a:TTTGGTTCACAACTGTx,1d
Mix-4a:TTTGGTTGTGTGCGTCx,8h
Mix-4a:AAAGTAGCAGCCACCAx,0d
Mix-4a:AACGTTGTCATAAAGGx,1d
Mix-4a:AACTCAGCATACAGCTx,0d
Mix-4a:AACTCTTAGGAGTCTGx,0d
Mix-4a:AACTCTTCAGATGGCAx,0d
Mix-4a:AAGGAGCCACGAGAGTx,0d
Mix-4a:AAGGCAGTCGGATGGAx,8h
Mix-4a:AAGGTTCGTATAATGGx,8h
Mix-4a:AAGTCTGCACATTAGCx,0d
Mix-4a:AAGTCTGTCGATAGAAx,0d
Mix-4a:AATCCAGGTATAGGTAx,0d
Mix-4a:ACACCAAAGAATTGTGx,0d
Mix-4a:ACATACGAGGGAACGGx,0d
Mix-4a:ACATCAGCATATGGTCx,1d
Mix-4a:ACCTTTATCTACCTGCx,0d
Mix-4a:ACGCCAGCAACCGCCAx,0d
Mix-4a:ACGGGCTTCATTTGGGx,0d
Mix-4a:ACGTCAACATGGTCTAx,0d
Mix-4a:ACTGCTCCAGCCACCAx,0d
Mix-4a:ACTTACTAGATGGGTCx,0d
Mix-4a:ACTTGTTAGGCCCTCAx,0d
Mix-4a:AGAGCTTGTAGAGTGCx,0d
Mix-4a:AGATTGCCAGTATAAGx,0d
Mix-4a:AGCGGTCGTGGTTTCAx,0d
Mix-4a:AGGGTGAAGAAGATTCx,0d
Mix-4a:AGTAGTCAGATCCCGCx,0d
Mix-4a:AGTAGTCTCTTTACGTx,0d
Mix-4a:AGTGGGATCAGCCTAAx,0d
Mix-4a:ATAACGCAGCACGCCTx,0d
Mix-4a:ATAACGCTCTCTTATGx,1d
Mix-4a:ATAACGCTCTGCGGCAx,0d
Mix-4a:ATCTGCCAGAAACCATx,0d
Mix-4a:ATTATCCCAAGCGCTCx,0d
Mix-4a:ATTCTACTCGCAAGCCx,8h
Mix-4a:CAACCTCAGCTGATAAx,0d
Mix-4a:CAACTAGAGCTGCAAGx,0d
Mix-4a:CAAGATCGTCATACTGx,0d
Mix-4a:CACACAAGTCAAACTCx,0d
Mix-4a:CACACCTTCTGTCTCGx,0d
Mix-4a:CACACTCAGTCCTCCTx,0d
Mix-4a:CACACTCCAGCGATCCx,0d
Mix-4a:CACACTCTCGTAGATCx,0d
Mix-4a:CAGAATCAGCTAGGCAx,0d
Mix-4a:CAGAATCTCCCAGGTGx,8h
Mix-4a:CAGAGAGCAATAAGCAx,0d
Mix-4a:CAGCATAAGACATAACx,0d
Mix-4a:CAGCCGAGTTCTCATTx,0d
Mix-4a:CAGCGACTCAGTGTTGx,8h
Mix-4a:CAGCTAATCGGAGCAAx,0d
Mix-4a:CATATGGCACCGGAAAx,0d
Mix-4a:CATATTCTCAGCGACCx,0d
Mix-4a:CATCAGATCGCCTGAGx,0d
Mix-4a:CATCGAAAGCATCATCx,0d
Mix-4a:CATGACAAGAGGGATAx,0d
Mix-4a:CATGCCTGTTGTCTTTx,0d
Mix-4a:CCCAGTTCAGCTGTTAx,0d
Mix-4a:CCCTCCTTCAGCGACCx,0d
Mix-4a:CCGGTAGGTGCAGACAx,0d
Mix-4a:CCGTTCATCAACACACx,0d
Mix-4a:CCTATTATCTAAGCCAx,0d
Mix-4a:CCTCAGTCAATGGTCTx,0d
Mix-4a:CGAATGTTCATGCTCCx,0d
Mix-4a:CGAGCCATCACGACTAx,0d
Mix-4a:CGCCAAGTCAAGGTAAx,0d
Mix-4a:CGCGTTTGTAGAAGGAx,0d
Mix-4a:CGCGTTTTCGTGACATx,1d
Mix-4a:CGCTGGACAGTTCATGx,0d
Mix-4a:CGGAGTCAGATCTGCTx,0d
Mix-4a:CGGAGTCCAGACAGGTx,0d
Mix-4a:CGGCTAGGTCTAGAGGx,8h
Mix-4a:CGGGTCACATGCCTTCx,8h
Mix-4a:CGTCAGGTCGATGAGGx,0d
Mix-4a:CGTTAGACATTGCGGCx,1d
Mix-4a:CGTTGGGAGCACCGTCx,0d
Mix-4a:CTAACTTGTTCATGGTx,0d
Mix-4a:CTAAGACCACGTGAGAx,0d
Mix-4a:CTACACCGTTGTTTGGx,0d
Mix-4a:CTACATTGTCGGGTCTx,0d
Mix-4a:CTACCCACATCGTCGGx,0d
Mix-4a:CTAGTGAGTGGGTATGx,0d
Mix-4a:CTAGTGATCATGCTCCx,0d
Mix-4a:CTCCTAGAGCATGGCAx,8h
Mix-4a:CTCGAAACAACGATGGx,0d
Mix-4a:CTCTACGCAATAGCGGx,0d
Mix-4a:CTCTACGGTAGCGATGx,0d
Mix-4a:CTGAAACTCCAGTATGx,0d
Mix-4a:CTGATCCCAGATCCATx,0d
Mix-4a:CTGGTCTCAGCGTAAGx,0d
Mix-4a:CTGTTTAAGCTCCTCTx,1d
Mix-4a:CTTAACTCATGGTAGGx,0d
Mix-4a:GACAGAGTCATGGTCAx,0d
Mix-4a:GACGTTATCGCGGATCx,8h
Mix-4a:GAGCAGAGTTCCTCCAx,0d
Mix-4a:GAGTCCGAGAGGTACCx,0d
Mix-4a:GATCAGTCATTTCAGGx,0d
Mix-4a:GATCGCGTCTTAGCCCx,0d
Mix-4a:GATGCTAAGCCTCGTGx,0d
Mix-4a:GATTCAGTCATGTCTTx,0d
Mix-4a:GCAAACTAGATGTAACx,0d
Mix-4a:GCACATATCCGAGCCAx,0d
Mix-4a:GCACATATCTTTACGTx,0d
Mix-4a:GCAGTTAAGCTGTTCAx,0d
Mix-4a:GCATGCGAGAGAGCTCx,0d
Mix-4a:GCATGCGTCGAACTGTx,0d
Mix-4a:GCGAGAACATCAGTCAx,0d
Mix-4a:GCGCCAAAGAGGGATAx,0d
Mix-4a:GCTGCTTTCCTGCTTGx,0d
Mix-4a:GCTGGGTAGAATCTCCx,0d
Mix-4a:GCTGGGTGTACATCCAx,0d
Mix-4a:GGAACTTCACCGTTGGx,0d
Mix-4a:GGATTACCAGATCCATx,0d
Mix-4a:GGCGTGTCAAAGTGCGx,8h
Mix-4a:GGCGTGTCACGAGGTAx,0d
Mix-4a:GGCTCGAAGGCTAGACx,0d
Mix-4a:GGGCACTAGCAATATGx,0d
Mix-4a:GGGCACTAGTGAAGTTx,8h
Mix-4a:GGGCACTGTCGGCTCAx,0d
Mix-4a:GGTGCGTAGCTAGGCAx,0d
Mix-4a:GTACGTAAGGTGCAACx,0d
Mix-4a:GTACGTATCTTGTTTGx,8h
Mix-4a:GTACTCCCAACTGCTAx,8h
Mix-4a:GTACTTTCAGCATACTx,0d
Mix-4a:GTATTCTCACCTCGTTx,8h
Mix-4a:GTCATTTGTGGACGATx,0d
Mix-4a:GTCTCGTAGGAGTAGAx,0d
Mix-4a:GTCTCGTCACGAGGTAx,0d
Mix-4a:GTCTTCGAGTACGTTCx,0d
Mix-4a:GTGCGGTGTCTAGAGGx,0d
Mix-4a:GTGCGGTTCCTAGAACx,0d
Mix-4a:GTGGGTCCAGTATAAGx,0d
Mix-4a:GTTACAGTCGTATCAGx,8h
Mix-4a:GTTTCTACACGCGAAAx,0d
Mix-4a:TAAACCGTCAACCATGx,0d
Mix-4a:TACACGAGTGACGCCTx,0d
Mix-4a:TACAGTGTCCTTCAATx,0d
Mix-4a:TACTCATGTGCCTTGGx,0d
Mix-4a:TACTCGCTCATTCACTx,1d
Mix-4a:TACTTGTGTCAAGCGAx,0d
Mix-4a:TAGCCGGCATCGGAAGx,1d
Mix-4a:TAGTGGTAGGTGCTAGx,8h
Mix-4a:TAGTTGGGTGTGAATAx,0d
Mix-4a:TATCAGGGTGTTAAGAx,0d
Mix-4a:TCACAAGTCATGTCCCx,0d
Mix-4a:TCAGATGGTAAACGCGx,8h
Mix-4a:TCAGCTCGTTTGACTGx,0d
Mix-4a:TCAGGATGTCCCGACAx,0d
Mix-4a:TCCACACAGGAGTCTGx,0d
Mix-4a:TCCACACCATATGCTGx,0d
Mix-4a:TCGCGTTGTCGACTGCx,0d
Mix-4a:TCGTACCCATTGTGCAx,0d
Mix-4a:TCGTACCTCGTTACGAx,0d
Mix-4a:TCGTACCTCTGGTGTAx,0d
Mix-4a:TCGTAGACACGGTGTCx,0d
Mix-4a:TCTATTGGTATGAATGx,0d
Mix-4a:TCTCATACACTACAGTx,0d
Mix-4a:TCTCTAAGTTTAGGAAx,0d
Mix-4a:TCTGAGAGTTGAGTTCx,8h
Mix-4a:TCTTCGGGTAAGCACGx,8h
Mix-4a:TGACTTTAGGTGGGTTx,0d
Mix-4a:TGAGGGAGTCTAGCGCx,0d
Mix-4a:TGCCCATTCAGTACGTx,0d
Mix-4a:TGCGGGTAGTCACGCCx,0d
Mix-4a:TGCTACCAGCGCTTATx,8h
Mix-4a:TGCTACCCAGGCAGTAx,0d
Mix-4a:TGCTGCTCACTGCCAGx,0d
Mix-4a:TGGACGCAGAACAACTx,0d
Mix-4a:TGGCGCATCAACCAACx,0d
Mix-4a:TGGGAAGAGAGGTAGAx,0d
Mix-4a:TGGTTAGAGCATCATCx,0d
Mix-4a:TTAGGCAAGAAGAAGCx,0d
Mix-4a:TTCTACATCCAAGTACx,0d
Mix-4a:TTGGCAAAGTCTTGCAx,0d
Mix-4a:TTTACTGAGAGTAATCx,0d
Mix-4a:TTTACTGTCCAAGTACx,0d
Mix-4a:TTTGTCAAGCCAGAACx,8h
Mix-4b:AAACCTGCACATTTCTx,3d
Mix-4b:AAACCTGGTCACCCAGx,3d
Mix-4b:AAAGCAAGTGTGGCTCx,3d
Mix-4b:AACCATGGTTCGCGACx,3d
Mix-4b:AACGTTGGTCGGCATCx,3d
Mix-4b:AAGGAGCGTTCAGCGCx,3d
Mix-4b:AAGGAGCTCTTCCTTCx,3d
Mix-4b:AAGGCAGGTGCCTGTGx,3d
Mix-4b:ACACCGGCATCAGTCAx,3d
Mix-4b:ACGAGGACAATGAAACx,3d
Mix-4b:ACGATACAGTCTTGCAx,3d
Mix-4b:ACGATACGTTTAGCTGx,3d
Mix-4b:ACGATGTAGCACAGGTx,3d
Mix-4b:ACGCAGCTCAAGGTAAx,3d
Mix-4b:ACGCCAGAGGCGATACx,3d
Mix-4b:ACGCCAGCATGGGACAx,3d
Mix-4b:ACGCCGACAATGGACGx,1d
Mix-4b:ACGCCGATCAGAGCTTx,3d
Mix-4b:ACGGCCACAGTATCTGx,3d
Mix-4b:ACTGATGAGACAGAGAx,3d
Mix-4b:AGAGTGGTCTACTTACx,3d
Mix-4b:AGATCTGAGCGTGAGTx,3d
Mix-4b:AGCCTAACAGGTCTCGx,3d
Mix-4b:AGCCTAACATTGGCGCx,3d
Mix-4b:AGCTTGAGTCTCTTATx,3d
Mix-4b:AGGCCACAGCGATCCCx,3d
Mix-4b:AGGGTGACACCGCTAGx,3d
Mix-4b:AGGTCCGCAGACAAATx,3d
Mix-4b:ATAAGAGCACACGCTGx,3d
Mix-4b:ATAAGAGGTGGCGAATx,3d
Mix-4b:ATAGACCCACGGTAGAx,3d
Mix-4b:ATGCGATCATACCATGx,3d
Mix-4b:ATTATCCTCTTACCGCx,3d
Mix-4b:CACAGGCCACCATCCTx,3d
Mix-4b:CACATTTTCGACAGCCx,3d
Mix-4b:CAGAGAGGTAAGGATTx,3d
Mix-4b:CAGCATATCTTGGGTAx,3d
Mix-4b:CAGCCGATCTCGCATCx,3d
Mix-4b:CAGTAACGTCTGGTCGx,1d
Mix-4b:CATCAAGTCCTAGAACx,3d
Mix-4b:CATCGGGGTGCCTGTGx,3d
Mix-4b:CATCGGGGTTCTCATTx,3d
Mix-4b:CATGCCTTCGAATGCTx,3d
Mix-4b:CCAATCCAGTTGAGTAx,3d
Mix-4b:CCACGGACAGCTCGACx,3d
Mix-4b:CCACGGATCGAGCCCAx,3d
Mix-4b:CCACTACAGGGCTCTCx,3d
Mix-4b:CCATGTCAGAACTGTAx,3d
Mix-4b:CCCTCCTAGCGTCTATx,3d
Mix-4b:CCGTTCACAGCCTGTGx,3d
Mix-4b:CCTACACGTATTCTCTx,3d
Mix-4b:CCTACCAGTTCAGACTx,3d
Mix-4b:CCTATTATCCATGAGTx,3d
Mix-4b:CCTTACGCAGCTCGCAx,3d
Mix-4b:CCTTACGTCTGGAGCCx,3d
Mix-4b:CGAGAAGAGTACTTGCx,3d
Mix-4b:CGATGTATCAACGAAAx,3d
Mix-4b:CGCGGTAAGTCCGTATx,3d
Mix-4b:CGCGGTAGTAAAGTCAx,3d
Mix-4b:CGCTATCTCATCATTCx,3d
Mix-4b:CGCTGGACAAGCCTATx,3d
Mix-4b:CGGACTGGTCTGCAATx,3d
Mix-4b:CGTAGCGCATTTGCCCx,3d
Mix-4b:CGTCACTAGCCGCCTAx,3d
Mix-4b:CGTCACTCATTGGTACx,3d
Mix-4b:CGTTAGATCTACTCATx,3d
Mix-4b:CGTTCTGCAAGCCCACx,3d
Mix-4b:CGTTGGGCATATGCTGx,3d
Mix-4b:CTAAGACTCGGCTACGx,3d
Mix-4b:CTCCTAGCAATCTACGx,3d
Mix-4b:CTCGAGGCATCATCCCx,3d
Mix-4b:CTCGTCAAGCTTTGGTx,3d
Mix-4b:CTCTAATAGAAGAAGCx,3d
Mix-4b:CTGAAGTCAAGCCATTx,3d
Mix-4b:CTGATAGGTAGGGACTx,3d
Mix-4b:CTGATCCCACGAAAGCx,3d
Mix-4b:CTGGTCTAGCTAACAAx,3d
Mix-4b:CTTAACTCATAGGATAx,3d
Mix-4b:CTTGGCTAGTGAAGAGx,3d
Mix-4b:GAAACTCCACATGTGTx,3d
Mix-4b:GACGCGTCAAGTAATGx,3d
Mix-4b:GAGCAGAAGCCGCCTAx,3d
Mix-4b:GAGGTGAAGATCTGCTx,3d
Mix-4b:GATCAGTCATTGGTACx,3d
Mix-4b:GATCAGTGTATATGGAx,3d
Mix-4b:GATGCTAGTGCAGGTAx,3d
Mix-4b:GATTCAGTCATCGCTCx,3d
Mix-4b:GCAAACTCATTCCTCGx,3d
Mix-4b:GCATGTAAGCGTGTCCx,3d
Mix-4b:GCCTCTACAGTACACTx,3d
Mix-4b:GCGCAGTGTGTGAAATx,3d
Mix-4b:GCGCCAACAAACTGCTx,3d
Mix-4b:GCTTCCACAGTAAGATx,1d
Mix-4b:GGAATAAAGTGAACGCx,3d
Mix-4b:GGACATTAGATATGGTx,3d
Mix-4b:GGCCGATGTGAGGGAGx,3d
Mix-4b:GGCGTGTCACTTAAGCx,3d
Mix-4b:GGCTGGTTCCAACCAAx,3d
Mix-4b:GTAACGTTCCTAGGGCx,3d
Mix-4b:GTAACTGTCTCCAGGGx,3d
Mix-4b:GTACGTATCGCCATAAx,3d
Mix-4b:GTCAAGTGTTCGTCTCx,3d
Mix-4b:GTCGGGTCAGCCTTTCx,3d
Mix-4b:GTGCAGCGTTAAGTAGx,3d
Mix-4b:GTGCATAAGAAGAAGCx,3d
Mix-4b:GTTCATTAGAAGGGTAx,3d
Mix-4b:GTTCTCGAGGCATTGGx,3d
Mix-4b:TAAGAGAAGACAGACCx,3d
Mix-4b:TACACGACAGTCGATTx,3d
Mix-4b:TACTCATTCACTTCATx,3d
Mix-4b:TACTCGCAGCGTTGCCx,3d
Mix-4b:TACTCGCGTCGAGTTTx,3d
Mix-4b:TAGAGCTTCGGCTACGx,3d
Mix-4b:TAGCCGGGTTGGTGGAx,3d
Mix-4b:TATGCCCAGATGTTAGx,3d
Mix-4b:TATTACCCATGGGACAx,3d
Mix-4b:TCAGGTATCTTCCTTCx,3d
Mix-4b:TCATTACAGACAGACCx,3d
Mix-4b:TCCACACGTCTTTCATx,3d
Mix-4b:TCTGAGAGTGACGCCTx,3d
Mix-4b:TGAAAGATCTCTGCTGx,3d
Mix-4b:TGACAACAGAAGGTGAx,3d
Mix-4b:TGACGGCAGACATAACx,3d
Mix-4b:TGACTTTGTAGAAAGGx,3d
Mix-4b:TGAGCATGTCAATGTCx,3d
Mix-4b:TGATTTCCAGGTTTCAx,3d
Mix-4b:TGCCCTACAGGACCCTx,3d
Mix-4b:TGCGTGGCAACACCTAx,3d
Mix-4b:TTAACTCGTACTTGACx,3d
Mix-4b:TTAACTCGTAGCGCTCx,3d
Mix-4b:TTAACTCTCACTCTTAx,3d
Mix-4b:TTAGGCAGTCAGAAGCx,3d
Mix-4b:TTGCGTCAGTGTTTGCx,3d
Mix-4b:TTGGCAAAGTTGAGATx,3d
Mix-4b:TTGGCAACATTGGCGCx,3d
Mix-4b:TTGGCAATCAGTTTGGx,3d
Mix-4b:TTTATGCGTCTTCAAGx,3d
Mix-4b:TTTCCTCGTAACGCGAx,3d
Mix-4b:AAAGTAGTCCTGCTTGx,1d
Mix-4b:AACGTTGCAGTACACTx,8h
Mix-4b:AACTCTTAGACTTTCGx,8h
Mix-4b:AACTCTTTCTTGGGTAx,8h
Mix-4b:AACTGGTAGAGTGACCx,8h
Mix-4b:AAGGAGCAGCGTGTCCx,8h
Mix-4b:AAGGCAGAGGTTACCTx,8h
Mix-4b:AAGGCAGCAGACTCGCx,8h
Mix-4b:AAGGTTCCACTCGACGx,8h
Mix-4b:AATCGGTTCGTCGTTCx,8h
Mix-4b:ACACCGGAGTCATGCTx,8h
Mix-4b:ACACTGAAGGTGCACAx,8h
Mix-4b:ACAGCCGCATACCATGx,8h
Mix-4b:ACATCAGCAAGCCTATx,8h
Mix-4b:ACCAGTAAGCCGTCGTx,8h
Mix-4b:ACCGTAATCCTGTAGAx,8h
Mix-4b:ACCTTTATCCGTCAAAx,1d
Mix-4b:ACGAGCCGTAACGCGAx,8h
Mix-4b:ACGATACAGAGCAATTx,8h
Mix-4b:ACGATACCACAGGAGTx,8h
Mix-4b:ACGATACGTCCAAGTTx,8h
Mix-4b:ACGCAGCAGATGTGTAx,8h
Mix-4b:ACGCAGCAGCGTCAAGx,3d
Mix-4b:ACGCAGCGTGCACTTAx,1d
Mix-4b:ACTATCTCACGAGGTAx,8h
Mix-4b:ACTATCTGTACTCTCCx,8h
Mix-4b:ACTGAACAGGCATGGTx,8h
Mix-4b:ACTGCTCAGCGTTGCCx,1d
Mix-4b:ACTGCTCGTTGGGACAx,8h
Mix-4b:AGAGCGACAAGAGGCTx,8h
Mix-4b:AGAGCTTGTCGCATATx,8h
Mix-4b:AGATCTGCATACGCCGx,8h
Mix-4b:AGCAGCCGTGAACCTTx,8h
Mix-4b:AGCAGCCGTTATCGGTx,8h
Mix-4b:AGCATACCACTTAACGx,8h
Mix-4b:AGCCTAACAGCGATCCx,1d
Mix-4b:AGCGGTCAGGCATTGGx,1d
Mix-4b:AGCGGTCTCCGAATGTx,8h
Mix-4b:AGCGTATTCATGTCTTx,8h
Mix-4b:AGCGTCGCAGGCTGAAx,8h
Mix-4b:AGCTCCTGTTAAGAACx,8h
Mix-4b:AGCTCTCAGCTAAACAx,8h
Mix-4b:AGGGAGTTCAGTGCATx,8h
Mix-4b:AGGGATGGTTTACTCTx,8h
Mix-4b:AGGTCATAGTCTCCTCx,8h
Mix-4b:AGGTCCGCAGTGGGATx,8h
Mix-4b:AGGTCCGGTGATAAACx,8h
Mix-4b:AGTAGTCAGAAGCCCAx,8h
Mix-4b:AGTGTCAGTAGCTCCGx,8h
Mix-4b:ATAAGAGAGCTGCGAAx,3d
Mix-4b:ATAGACCTCCACTCCAx,8h
Mix-4b:ATCATCTAGTAGTGCGx,8h
Mix-4b:ATCATCTCATGGGACAx,8h
Mix-4b:ATCCGAAAGGTAGCCAx,8h
Mix-4b:ATTATCCGTTGCGCACx,8h
Mix-4b:ATTGGTGGTTACAGAAx,8h
Mix-4b:ATTTCTGGTCTCGTTCx,8h
Mix-4b:CAACCTCAGTCCCACGx,1d
Mix-4b:CAAGAAAGTTCCACTCx,1d
Mix-4b:CAAGTTGGTTCTGAACx,8h
Mix-4b:CACACAAGTGTAATGAx,8h
Mix-4b:CACACAATCAAACGGGx,8h
Mix-4b:CAGCAGCGTTTGACACx,8h
Mix-4b:CAGCAGCTCCGTCATCx,8h
Mix-4b:CAGCATAAGCTGTCTAx,1d
Mix-4b:CAGCTAAAGTCCGGTCx,8h
Mix-4b:CAGCTAATCTGTGCAAx,1d
Mix-4b:CAGGTGCAGTCGCCGTx,8h
Mix-4b:CAGTAACGTTTAGCTGx,1d
Mix-4b:CATATGGAGGCTACGAx,8h
Mix-4b:CATATGGGTCGTCTTCx,8h
Mix-4b:CATCAGACACGAGGTAx,8h
Mix-4b:CATCAGATCGTCGTTCx,1d
Mix-4b:CATGGCGGTGTGTGCCx,8h
Mix-4b:CATTCGCCATTGGCGCx,8h
Mix-4b:CCACCTAAGGTGTTAAx,8h
Mix-4b:CCACGGACATTGAGCTx,8h
Mix-4b:CCACTACTCTATCCCGx,1d
Mix-4b:CCAGCGACACACCGCAx,8h
Mix-4b:CCATGTCAGGGCATGTx,8h
Mix-4b:CCATGTCAGTGACATAx,8h
Mix-4b:CCATTCGCACGAAAGCx,8h
Mix-4b:CCCAATCTCAACGAAAx,8h
Mix-4b:CCCTCCTGTTATCGGTx,8h
Mix-4b:CCGTACTGTGGGTATGx,8h
Mix-4b:CCTAAAGCAAGGACACx,1d
Mix-4b:CCTAGCTTCCTTTCTCx,8h
Mix-4b:CCTCTGACAATAGCAAx,8h
Mix-4b:CCTTACGGTCACACGCx,8h
Mix-4b:CGACTTCAGTCATGCTx,8h
Mix-4b:CGACTTCTCTCGATGAx,8h
Mix-4b:CGAGCCACAGGACGTAx,8h
Mix-4b:CGAGCCAGTAACGTTCx,8h
Mix-4b:CGATCGGCACGCCAGTx,8h
Mix-4b:CGATGTAAGAGACTATx,1d
Mix-4b:CGCGTTTCACTATCTTx,8h
Mix-4b:CGCTGGAGTCATATGCx,8h
Mix-4b:CGGAGTCCATCTACGAx,8h
Mix-4b:CGTCCATAGATAGTCAx,8h
Mix-4b:CGTGTCTAGGACATTAx,8h
Mix-4b:CGTGTCTAGTGAACGCx,8h
Mix-4b:CGTTAGATCTTCGGTCx,8h
Mix-4b:CGTTGGGCATTCGACAx,0d
Mix-4b:CTAAGACTCTCTTATGx,8h
Mix-4b:CTACATTCATGTTGACx,8h
Mix-4b:CTACCCAAGCGTGTCCx,8h
Mix-4b:CTACGTCAGGCTAGGTx,8h
Mix-4b:CTAGCCTGTAGAAAGGx,8h
Mix-4b:CTCACACCACCACGTGx,8h
Mix-4b:CTCATTACAACACGCCx,8h
Mix-4b:CTCGTACCAAGCTGGAx,8h
Mix-4b:CTCGTCATCACCGGGTx,8h
Mix-4b:CTGAAACTCAAGATCCx,8h
Mix-4b:CTTACCGAGGAATCGCx,8h
Mix-4b:CTTACCGCAGTATCTGx,1d
Mix-4b:CTTACCGTCCCAGGTGx,8h
Mix-4b:CTTAGGAGTCACCCAGx,8h
Mix-4b:CTTCTCTCATGCTGGCx,8h
Mix-4b:GAACATCCAATGGAATx,8h
Mix-4b:GAACATCTCGAATGCTx,8h
Mix-4b:GAAGCAGGTAAGTGTAx,1d
Mix-4b:GAAGCAGGTTAAGATGx,8h
Mix-4b:GAATAAGCAGCTGTATx,8h
Mix-4b:GAATAAGTCTGCAGTAx,8h
Mix-4b:GAATGAACACGAAATAx,8h
Mix-4b:GAATGAAGTAGCCTCGx,8h
Mix-4b:GACAGAGTCACCGTAAx,1d
Mix-4b:GACGGCTAGGTCGGATx,8h
Mix-4b:GACGGCTTCTTCGGTCx,1d
Mix-4b:GACGTGCCATATACCGx,8h
Mix-4b:GACGTTATCGCAAACTx,1d
Mix-4b:GACTACACAGTGGGATx,8h
Mix-4b:GACTGCGCAAGTTGTCx,8h
Mix-4b:GATCGATGTTAAAGTGx,1d
Mix-4b:GATCGTATCACTTCATx,8h
Mix-4b:GCAGTTACATCAGTCAx,8h
Mix-4b:GCATACAAGATGGCGTx,8h
Mix-4b:GCCTCTAGTTCCCTTGx,8h
Mix-4b:GCGACCACATCAGTACx,8h
Mix-4b:GCGCAACGTTACGCGCx,8h
Mix-4b:GCGGGTTGTCTTGTCCx,1d
Mix-4b:GCGGGTTTCCTTAATCx,1d
Mix-4b:GCTCTGTAGTTGCAGGx,8h
Mix-4b:GCTGCGAAGGATTCGGx,8h
Mix-4b:GGAAAGCGTTTGGGCCx,8h
Mix-4b:GGAAAGCTCGCACTCTx,8h
Mix-4b:GGACAAGGTTGACGTTx,8h
Mix-4b:GGACAAGTCTTGGGTAx,8h
Mix-4b:GGAGCAAAGCTGATAAx,8h
Mix-4b:GGAGCAAAGTCTCAACx,8h
Mix-4b:GGAGCAACACGGCGTTx,8h
Mix-4b:GGATGTTTCAGCGATTx,0d
Mix-4b:GGCGACTCATCTCCCAx,8h
Mix-4b:GGCTCGATCGGACAAGx,8h
Mix-4b:GGGATGATCTTGCATTx,8h
Mix-4b:GGGCACTCACAAGTAAx,1d
Mix-4b:GGGCATCGTAGCGCTCx,8h
Mix-4b:GGGTCTGTCACTCTTAx,1d
Mix-4b:GGTATTGTCTACTTACx,8h
Mix-4b:GGTGAAGTCTCGTATTx,1d
Mix-4b:GGTGCGTCACGAGAGTx,8h
Mix-4b:GGTGCGTGTAGAAAGGx,0d
Mix-4b:GGTGTTAGTTTACTCTx,8h
Mix-4b:GTACGTAGTCTAGAGGx,8h
Mix-4b:GTCACAACACAGAGGTx,0d
Mix-4b:GTCACGGAGATCCCGCx,8h
Mix-4b:GTCACGGGTGATAAGTx,1d
Mix-4b:GTCATTTTCCACGTGGx,8h
Mix-4b:GTCTCGTTCTGCCAGGx,8h
Mix-4b:GTGAAGGAGGCGACATx,1d
Mix-4b:GTGCAGCTCGCCAAATx,1d
Mix-4b:GTGTGCGAGGTGACCAx,8h
Mix-4b:GTTACAGGTCCATGATx,8h
Mix-4b:GTTACAGGTGCTGTATx,8h
Mix-4b:GTTCATTAGTGGGTTGx,1d
Mix-4b:GTTCGGGTCACAATGCx,1d
Mix-4b:GTTTCTAAGGCAAAGAx,1d
Mix-4b:TACAGTGGTTCGCGACx,8h
Mix-4b:TACTCGCCAGCCAGAAx,8h
Mix-4b:TACTCGCTCCTCAACCx,8h
Mix-4b:TAGACCACACGCATCGx,8h
Mix-4b:TAGAGCTTCTTCTGGCx,8h
Mix-4b:TATCAGGTCCTAAGTGx,1d
Mix-4b:TATGCCCGTCTCACCTx,8h
Mix-4b:TCACAAGGTATGCTTGx,8h
Mix-4b:TCAGCTCCATCCAACAx,1d
Mix-4b:TCATTTGAGGGTCGATx,8h
Mix-4b:TCCACACGTCCATGATx,1d
Mix-4b:TCCACACTCTGACCTCx,1d
Mix-4b:TCGAGGCAGGCTATCTx,1d
Mix-4b:TCGCGAGAGCAGGCTAx,8h
Mix-4b:TCGGGACTCTTTCCTCx,8h
Mix-4b:TCGGTAAAGCCACTATx,8h
Mix-4b:TCGGTAAAGTCATGCTx,1d
Mix-4b:TCGTACCTCATCGCTCx,8h
Mix-4b:TCGTAGATCGAGAGCAx,8h
Mix-4b:TCTCATATCATTCACTx,8h
Mix-4b:TCTGAGACAGACGCAAx,8h
Mix-4b:TGACGGCCATTCACTTx,8h
Mix-4b:TGAGCATCAAATTGCCx,8h
Mix-4b:TGAGGGAGTAGCAAATx,8h
Mix-4b:TGATTTCCATTGGGCCx,8h
Mix-4b:TGCCAAATCACTATTCx,8h
Mix-4b:TGCGGGTTCTCCGGTTx,8h
Mix-4b:TGCGTGGAGGTGTTAAx,8h
Mix-4b:TGCTACCGTGCCTGCAx,8h
Mix-4b:TGCTACCTCGAGAACGx,8h
Mix-4b:TGCTGCTCAGACAAGCx,8h
Mix-4b:TGGCCAGCAGCGATCCx,8h
Mix-4b:TGGCGCATCCTGTACCx,8h
Mix-4b:TGGGAAGAGCTTCGCGx,8h
Mix-4b:TGGTTCCGTCACTGGCx,8h
Mix-4b:TGTATTCTCCGCGTTTx,8h
Mix-4b:TGTATTCTCTCTGCTGx,8h
Mix-4b:TGTTCCGGTAGTGAATx,8h
Mix-4b:TTAACTCAGCCTCGTGx,8h
Mix-4b:TTAACTCAGGGCTCTCx,8h
Mix-4b:TTAGGCAAGCCGTCGTx,8h
Mix-4b:TTAGTTCGTATAATGGx,8h
Mix-4b:TTATGCTCACGCTTTCx,8h
Mix-4b:TTATGCTCATCCTTGCx,8h
Mix-4b:TTCCCAGCACAGACAGx,8h
Mix-4b:TTCGGTCTCCGTAGTAx,8h
Mix-4b:TTCTCCTGTTCAGTACx,8h
Mix-4b:TTGCCGTCAATCACACx,8h
Mix-4b:TTGCCGTTCGCACTCTx,8h
Mix-4b:TTGCGTCAGGAGCGAGx,8h
Mix-4b:TTGGCAAGTGTAACGGx,8h
Mix-4b:TTGTAGGAGGGTTTCTx,1d
Mix-4b:TTTACTGGTACTTGACx,8h
Mix-4b:TTTGCGCCAACACCCGx,8h
Mix-4b:TTTGGTTCATGCAACTx,8h
Mix-4b:TTTGTCAAGTTTAGGAx,8h
Mix-4b:AAATGCCCAACACCCGx,1d
Mix-4b:AACACGTGTTTGCATGx,1d
Mix-4b:AACGTTGAGGTGGGTTx,1d
Mix-4b:AACTCAGAGAAGGTTTx,1d
Mix-4b:AAGACCTAGTTAGCGGx,1d
Mix-4b:AAGCCGCCAACTTGACx,1d
Mix-4b:AAGGAGCAGCACCGCTx,1d
Mix-4b:AAGGCAGGTCGCTTCTx,8h
Mix-4b:AAGGCAGGTTACCGATx,1d
Mix-4b:ACACCAATCAGTTCGAx,1d
Mix-4b:ACACCCTGTGCAGACAx,1d
Mix-4b:ACACTGACAGTGAGTGx,1d
Mix-4b:ACAGCCGCAGATAATGx,1d
Mix-4b:ACAGCCGGTGTGACGAx,1d
Mix-4b:ACAGCCGGTTACGGAGx,3d
Mix-4b:ACATACGTCACTTACTx,1d
Mix-4b:ACCAGTAGTACACCGCx,1d
Mix-4b:ACCCACTAGAGCAATTx,1d
Mix-4b:ACGAGCCGTCTAGCGCx,1d
Mix-4b:ACGATACCATGGTTGTx,1d
Mix-4b:ACGCCGACAAAGGTGCx,1d
Mix-4b:ACTATCTCAAGTCATCx,1d
Mix-4b:ACTTACTTCGAATGCTx,1d
Mix-4b:ACTTGTTAGCTCCCAGx,1d
Mix-4b:ACTTTCAGTTGCTCCTx,1d
Mix-4b:AGAATAGCATGTAAGAx,1d
Mix-4b:AGACGTTGTTGAGTTCx,1d
Mix-4b:AGACGTTTCATGTCTTx,1d
Mix-4b:AGAGCTTCAAGCGTAGx,3d
Mix-4b:AGCGTATAGAGACGAAx,8h
Mix-4b:AGCTCCTAGCTCCTCTx,3d
Mix-4b:AGCTCTCTCGGAGCAAx,8h
Mix-4b:AGGCCACAGGATCGCAx,1d
Mix-4b:AGGCCACCAGATCGGAx,1d
Mix-4b:AGGGAGTTCCGTAGTAx,1d
Mix-4b:AGGGATGGTCTAAACCx,1d
Mix-4b:AGGGTGAAGCGTAGTGx,1d
Mix-4b:AGGTCATCAAAGAATCx,1d
Mix-4b:AGGTCCGGTTTGGGCCx,1d
Mix-4b:AGTAGTCAGTATCTCGx,1d
Mix-4b:AGTGGGACATCCTTGCx,1d
Mix-4b:AGTGGGAGTTCGGCACx,1d
Mix-4b:ATAGACCTCCCTAACCx,1d
Mix-4b:ATCACGAAGAGACTTAx,1d
Mix-4b:ATCGAGTAGGCCCTCAx,1d
Mix-4b:ATGTGTGCAACACCCGx,8h
Mix-4b:ATTGGTGCACCCTATCx,1d
Mix-4b:CAACTAGTCTGCGGCAx,1d
Mix-4b:CAAGTTGAGGACATTAx,1d
Mix-4b:CACAAACTCCAAACACx,1d
Mix-4b:CACACAAGTCTAACGTx,1d
Mix-4b:CACACCTAGGATGGTCx,1d
Mix-4b:CACACCTCAGCCTATAx,1d
Mix-4b:CACATTTTCTCTAAGGx,1d
Mix-4b:CAGCTAAAGGGCATGTx,0d
Mix-4b:CAGCTGGGTGCTAGCCx,1d
Mix-4b:CAGTAACCAAACGCGAx,1d
Mix-4b:CAGTAACGTGTCTGATx,1d
Mix-4b:CATCAGAGTTCGAATCx,1d
Mix-4b:CATCGAAAGGCATGGTx,1d
Mix-4b:CATCGAATCAGTTCGAx,1d
Mix-4b:CATCGGGCATGCCTAAx,1d
Mix-4b:CATGACAAGCTACCGCx,1d
Mix-4b:CATTCGCCAGACGCCTx,1d
Mix-4b:CCACGGATCGGACAAGx,1d
Mix-4b:CCACTACGTTACGACTx,1d
Mix-4b:CCATGTCGTATCTGCAx,1d
Mix-4b:CCATGTCTCACTGGGCx,1d
Mix-4b:CCCAATCTCATGCAACx,1d
Mix-4b:CCCAGTTTCACCGTAAx,1d
Mix-4b:CCCATACCAGTCGTGCx,1d
Mix-4b:CCGGTAGAGCAGCGTAx,1d
Mix-4b:CCTACACTCCTGCCATx,1d
Mix-4b:CCTCAGTTCATTTGGGx,1d
Mix-4b:CCTCAGTTCCTTGGTCx,8h
Mix-4b:CCTCTGAAGCACACAGx,1d
Mix-4b:CCTCTGAGTTATCACGx,1d
Mix-4b:CCTCTGATCAACGCTAx,1d
Mix-4b:CCTTCCCCAGGCTCACx,1d
Mix-4b:CCTTCCCGTACCGTATx,1d
Mix-4b:CCTTCGAGTCAGAGGTx,1d
Mix-4b:CGACCTTTCACTATTCx,1d
Mix-4b:CGACTTCTCCGCGCAAx,1d
Mix-4b:CGACTTCTCTATCCCGx,1d
Mix-4b:CGAGAAGAGAATTGTGx,1d
Mix-4b:CGAGCCAGTTGGAGGTx,1d
Mix-4b:CGATCGGGTTCAGGCCx,1d
Mix-4b:CGATGTACAGGTTTCAx,1d
Mix-4b:CGCCAAGCACCATCCTx,1d
Mix-4b:CGCGGTAGTCAGAATAx,1d
Mix-4b:CGCGTTTTCTTAGAGCx,1d
Mix-4b:CGCTGGAAGCCTTGATx,1d
Mix-4b:CGGACACAGATCTGCTx,1d
Mix-4b:CGGACGTCAGGTTTCAx,1d
Mix-4b:CGGAGTCGTAAACCTCx,1d
Mix-4b:CGGAGTCTCGGTGTTAx,1d
Mix-4b:CGGCTAGAGCTACCGCx,1d
Mix-4b:CGGCTAGGTGGCCCTAx,1d
Mix-4b:CGGGTCAAGACTAGATx,1d
Mix-4b:CGTAGGCAGCTTATCGx,1d
Mix-4b:CGTCACTAGCTTTGGTx,3d
Mix-4b:CGTCACTCAGATCGGAx,1d
Mix-4b:CGTGAGCGTACCGTATx,3d
Mix-4b:CGTGTCTCACAACGCCx,1d
Mix-4b:CGTGTCTGTCAGATAAx,1d
Mix-4b:CGTGTCTTCTCAAGTGx,3d
Mix-4b:CGTTAGACAATGAAACx,8h
Mix-4b:CTAATGGCACACCGACx,1d
Mix-4b:CTAATGGCAGTAACGGx,1d
Mix-4b:CTCACACTCGGACAAGx,1d
Mix-4b:CTCAGAAGTTCGTCTCx,1d
Mix-4b:CTCGGAGTCCGGCACAx,1d
Mix-4b:CTCGGGAAGTGGGCTAx,1d
Mix-4b:CTCGTACAGTGCGATGx,1d
Mix-4b:CTCTAATCAAGCGAGTx,1d
Mix-4b:CTCTAATTCCACGTGGx,1d
Mix-4b:CTCTGGTAGGACGAAAx,1d
Mix-4b:CTCTGGTAGTGGGTTGx,3d
Mix-4b:CTGATCCCAGATCCATx,1d
Mix-4b:CTGCCTATCGTGGTCGx,1d
Mix-4b:CTGTGCTTCTGAGGGAx,1d
Mix-4b:CTGTTTAAGTGGTAGCx,1d
Mix-4b:CTTACCGGTGAGTATAx,1d
Mix-4b:CTTAGGAAGATGTTAGx,1d
Mix-4b:CTTAGGAAGGCATTGGx,1d
Mix-4b:CTTAGGACATGCCTTCx,1d
Mix-4b:CTTGGCTAGTGAACATx,1d
Mix-4b:CTTGGCTTCGAACGGAx,3d
Mix-4b:CTTTGCGGTGTCTGATx,1d
Mix-4b:GAACCTACACAGATTCx,1d
Mix-4b:GAACCTATCATCGCTCx,1d
Mix-4b:GAACGGAAGATCCCATx,1d
Mix-4b:GAAGCAGTCGGTCTAAx,1d
Mix-4b:GACCTGGCAAACAACAx,1d
Mix-4b:GACGCGTCATGGTCTAx,1d
Mix-4b:GACTACACACGGCGTTx,1d
Mix-4b:GAGGTGACATAAAGGTx,1d
Mix-4b:GAGTCCGGTAGCCTCGx,1d
Mix-4b:GATCTAGTCGGCTACGx,1d
Mix-4b:GATGAAAGTTCCCGAGx,1d
Mix-4b:GATTCAGAGCGTTGCCx,1d
Mix-4b:GATTCAGCACCGGAAAx,1d
Mix-4b:GATTCAGGTCTTCTCGx,1d
Mix-4b:GCAGTTAGTCTTTCATx,1d
Mix-4b:GCATACAAGACCGGATx,1d
Mix-4b:GCATGATAGGTGCAACx,1d
Mix-4b:GCATGATCAGATTGCTx,1d
Mix-4b:GCATGTATCAGCGATTx,1d
Mix-4b:GCCTCTAAGGCTCATTx,1d
Mix-4b:GCGCAACGTGTGGCTCx,1d
Mix-4b:GCGCAGTCATCCGTGGx,1d
Mix-4b:GCGCGATAGGTACTCTx,8h
Mix-4b:GCGGGTTAGAGGTTGCx,1d
Mix-4b:GCGGGTTTCTCACATTx,1d
Mix-4b:GCTGCTTGTGCTAGCCx,1d
Mix-4b:GCTTCCACACAACTGTx,1d
Mix-4b:GCTTGAATCGAGAGCAx,1d
Mix-4b:GGAACTTCAGTGGGATx,1d
Mix-4b:GGAATAACATACGCTAx,1d
Mix-4b:GGACAAGAGTACGCCCx,1d
Mix-4b:GGACAGACATACGCTAx,1d
Mix-4b:GGACATTTCTGGTATGx,3d
Mix-4b:GGATTACAGGACACCAx,1d
Mix-4b:GGCAATTGTATATGGAx,1d
Mix-4b:GGCCGATGTCACCCAGx,1d
Mix-4b:GGCCGATTCCTGCCATx,1d
Mix-4b:GGCTCGATCAACACCAx,3d
Mix-4b:GGGACCTTCTGTCTCGx,1d
Mix-4b:GGGAGATGTCTGGAGAx,8h
Mix-4b:GGGCACTAGATCACGGx,1d
Mix-4b:GGGTTGCAGCGATGACx,3d
Mix-4b:GGGTTGCGTAGCTTGTx,1d
Mix-4b:GGTATTGAGGACTGGTx,1d
Mix-4b:GGTGCGTTCCGAATGTx,1d
Mix-4b:GGTGTTAAGCTTTGGTx,8h
Mix-4b:GTCAAGTCAGGGAGAGx,1d
Mix-4b:GTCATTTTCGTCGTTCx,1d
Mix-4b:GTCCTCATCCTCAATTx,1d
Mix-4b:GTCGGGTTCATCGGATx,1d
Mix-4b:GTCTCGTAGGGATCTGx,1d
Mix-4b:GTCTCGTAGGTGTTAAx,1d
Mix-4b:GTGCATAAGCCAGGATx,3d
Mix-4b:GTGCATAGTCAGAGGTx,1d
Mix-4b:GTTACAGTCGTAGATCx,1d
Mix-4b:GTTCGGGGTAGAGTGCx,1d
Mix-4b:TAAACCGAGTGGTAGCx,1d
Mix-4b:TACCTATCACGGCGTTx,1d
Mix-4b:TACGGGCAGTGGAGTCx,3d
Mix-4b:TACGGTATCTGACCTCx,1d
Mix-4b:TACTCATTCCTATTCAx,1d
Mix-4b:TACTTGTTCCCACTTGx,1d
Mix-4b:TAGACCATCAACGCTAx,1d
Mix-4b:TAGGCATAGGCCCTCAx,1d
Mix-4b:TAGTTGGTCCCATTTAx,1d
Mix-4b:TCACGAAGTAGCGCAAx,1d
Mix-4b:TCAGATGGTGTAAGTAx,1d
Mix-4b:TCAGCAATCGGCGCATx,1d
Mix-4b:TCAGGATAGACTAAGTx,1d
Mix-4b:TCATTACGTGAGTATAx,1d
Mix-4b:TCATTACGTTACCGATx,1d
Mix-4b:TCGAGGCGTCTCAACAx,1d
Mix-4b:TCGCGTTGTTCAGCGCx,1d
Mix-4b:TCTCATACACTTAACGx,1d
Mix-4b:TCTCATATCGAGAGCAx,1d
Mix-4b:TCTGAGAAGCAGCCTCx,3d
Mix-4b:TCTTTCCCATCAGTCAx,3d
Mix-4b:TGAAAGAAGCTGATAAx,1d
Mix-4b:TGACAACAGCAATATGx,3d
Mix-4b:TGACAACGTGTTTGGTx,1d
Mix-4b:TGACGGCAGATATACGx,1d
Mix-4b:TGACTAGCAGCCAATTx,1d
Mix-4b:TGACTTTTCTGCGTAAx,3d
Mix-4b:TGAGAGGAGGTAGCCAx,1d
Mix-4b:TGAGAGGTCAGCGATTx,3d
Mix-4b:TGATTTCTCGTACGGCx,1d
Mix-4b:TGCACCTGTCGATTGTx,1d
Mix-4b:TGCCCATTCGTGGTCGx,1d
Mix-4b:TGCCCTACACCTTGTCx,1d
Mix-4b:TGCGCAGCATCGGTTAx,1d
Mix-4b:TGCGGGTAGAGTCTGGx,1d
Mix-4b:TGCTGCTTCAGTCAGTx,1d
Mix-4b:TGGCTGGCAAAGGAAGx,1d
Mix-4b:TGGTTAGCAAGAAGAGx,8h
Mix-4b:TGGTTAGCAATGTAAGx,1d
Mix-4b:TGTATTCGTGCAACGAx,1d
Mix-4b:TGTCCCACACCTCGTTx,1d
Mix-4b:TGTGGTAGTATATGAGx,1d
Mix-4b:TGTTCCGCATCTCCCAx,3d
Mix-4b:TGTTCCGTCCTATGTTx,1d
Mix-4b:TTAGGCAAGTCGATAAx,1d
Mix-4b:TTCCCAGGTTCGTCTCx,1d
Mix-4b:TTCGGTCAGCTACCTAx,1d
Mix-4b:TTGGCAACAGCTTCGGx,1d
Mix-4b:TTGTAGGCAATGAAACx,1d
Mix-4b:TTTGTCACAGGATTGGx,1d
Mix-4b:TTTGTCATCTTCATGTx,1d
Mix-4b:AAACCTGGTTAAGATGx,0d
Mix-4b:AAACCTGTCACAACGTx,0d
Mix-4b:AAACGGGGTGACAAATx,0d
Mix-4b:AAAGATGTCGAGCCCAx,0d
Mix-4b:AAAGTAGAGCCGGTAAx,0d
Mix-4b:AACACGTTCCACGTGGx,0d
Mix-4b:AACTGGTAGAGGGATAx,0d
Mix-4b:AACTGGTAGCAAATCAx,0d
Mix-4b:AAGCCGCTCCGGCACAx,0d
Mix-4b:AATCGGTGTTAAGAACx,0d
Mix-4b:ACAGCTAAGGCACATGx,0d
Mix-4b:ACATGGTTCGGCGCTAx,8h
Mix-4b:ACCAGTACAAACTGCTx,0d
Mix-4b:ACCCACTCACAGATTCx,0d
Mix-4b:ACCTTTAAGTTGAGTAx,0d
Mix-4b:ACGATGTGTGATAAGTx,0d
Mix-4b:ACTTACTAGTATGACAx,8h
Mix-4b:AGAATAGCAGGATTGGx,0d
Mix-4b:AGCAGCCAGCTAACTCx,0d
Mix-4b:AGCTCTCCAGCTGGCTx,0d
Mix-4b:AGCTTGATCAAACGGGx,0d
Mix-4b:AGGGAGTAGTGGTCCCx,0d
Mix-4b:AGGGATGTCTCGGACGx,0d
Mix-4b:AGTGGGACACACTGCGx,0d
Mix-4b:ATAACGCGTGGTCCGTx,3d
Mix-4b:ATAAGAGAGGGAGTAAx,0d
Mix-4b:ATAAGAGTCCTAGGGCx,8h
Mix-4b:ATCATGGTCAAGAAGTx,0d
Mix-4b:ATCGAGTAGGACCACAx,0d
Mix-4b:ATCTACTGTGCAGACAx,8h
Mix-4b:ATCTGCCGTAGTGAATx,0d
Mix-4b:ATTATCCCACAGGTTTx,0d
Mix-4b:ATTCTACAGAGAACAGx,8h
Mix-4b:ATTGGACGTCTAACGTx,8h
Mix-4b:ATTGGTGGTCATGCATx,0d
Mix-4b:CAACCTCTCGTCACGGx,0d
Mix-4b:CAAGATCCAATAGCAAx,0d
Mix-4b:CAAGTTGAGACCACGAx,0d
Mix-4b:CACAAACGTGCACGAAx,8h
Mix-4b:CACACCTAGGGAACGGx,0d
Mix-4b:CACACTCCACTGCCAGx,0d
Mix-4b:CACACTCCATTGGGCCx,0d
Mix-4b:CACCTTGGTTACTGACx,0d
Mix-4b:CAGCCGATCGGCGCTAx,0d
Mix-4b:CAGTCCTGTCTCCCTAx,0d
Mix-4b:CATATTCAGGCTACGAx,0d
Mix-4b:CATGACACATTCCTGCx,8h
Mix-4b:CATGCCTCATTTCACTx,0d
Mix-4b:CCACCTAAGCGATTCTx,0d
Mix-4b:CCATGTCAGATCGGGTx,0d
Mix-4b:CCATTCGGTAGCTGCCx,8h
Mix-4b:CCCAATCTCTGCTGCTx,8h
Mix-4b:CCTAGCTAGGTACTCTx,8h
Mix-4b:CCTCTGATCGTCTGCTx,0d
Mix-4b:CCTTACGAGAAGGGTAx,0d
Mix-4b:CCTTCCCAGAATTCCCx,0d
Mix-4b:CGAGCACCACTACAGTx,0d
Mix-4b:CGATGTACACAACGTTx,0d
Mix-4b:CGCTTCATCAGCTCGGx,0d
Mix-4b:CGGAGCTTCCGCTGTTx,0d
Mix-4b:CGTAGCGAGTAGGCCAx,0d
Mix-4b:CGTGAGCCACTACAGTx,0d
Mix-4b:CGTGTCTAGTTTCCTTx,0d
Mix-4b:CGTTCTGGTTATGCGTx,0d
Mix-4b:CTACACCGTCCATGATx,0d
Mix-4b:CTCACACCACGCGAAAx,0d
Mix-4b:CTCATTAGTTCGTGATx,8h
Mix-4b:CTCCTAGTCGCAGGCTx,0d
Mix-4b:CTCGGAGAGGCAGTCAx,0d
Mix-4b:CTCGTCATCATCTGTTx,0d
Mix-4b:CTCGTCATCCGCTGTTx,0d
Mix-4b:CTCTGGTGTGTGACGAx,0d
Mix-4b:CTGAAGTGTGTTAAGAx,0d
Mix-4b:CTGCCTATCCCTAATTx,0d
Mix-4b:CTGTTTATCTGCAGTAx,0d
Mix-4b:CTTACCGCAGTAGAGCx,0d
Mix-4b:CTTGGCTAGTGCGATGx,0d
Mix-4b:GAAATGAAGGACTGGTx,0d
Mix-4b:GAAATGATCACAACGTx,0d
Mix-4b:GAACCTACAGGTTTCAx,0d
Mix-4b:GAATGAACAATCACACx,0d
Mix-4b:GACCAATGTTACCGATx,0d
Mix-4b:GACTAACTCTCCGGTTx,0d
Mix-4b:GATGCTAGTCCTGCTTx,0d
Mix-4b:GCAAACTCAAGGGTCAx,0d
Mix-4b:GCATGCGGTAGAGTGCx,0d
Mix-4b:GCGCAACTCTCTTGATx,0d
Mix-4b:GCGGGTTGTTAAGAACx,8h
Mix-4b:GCTCCTAGTCCGCTGAx,0d
Mix-4b:GCTCTGTCACAGACAGx,0d
Mix-4b:GCTTGAAGTAGGCATGx,0d
Mix-4b:GGACAGACACATAACCx,0d
Mix-4b:GGGAATGGTTTCCACCx,0d
Mix-4b:GGGAGATTCACTCCTGx,8h
Mix-4b:GGGCACTAGGCCCTTGx,0d
Mix-4b:GTACTTTGTCATCCCTx,0d
Mix-4b:GTACTTTTCTATCCTAx,0d
Mix-4b:GTAGGCCTCCGTTGCTx,8h
Mix-4b:GTATTCTAGCTACCTAx,8h
Mix-4b:GTCTCGTGTAGTAGTAx,0d
Mix-4b:GTCTCGTTCGCTAGCGx,0d
Mix-4b:GTGCATAAGCAGATCGx,0d
Mix-4b:GTGCTTCTCGGCCGATx,0d
Mix-4b:GTTACAGCAATGAATGx,0d
Mix-4b:GTTACAGGTCAGAATAx,0d
Mix-4b:GTTCATTGTGATGTCTx,0d
Mix-4b:GTTCGGGTCATAGCACx,0d
Mix-4b:GTTCGGGTCTAACGGTx,0d
Mix-4b:GTTTCTACAAACCTACx,1d
Mix-4b:TAAGTGCAGAGCCTAGx,0d
Mix-4b:TACGGGCGTAATCGTCx,0d
Mix-4b:TACTCATGTTGTACACx,8h
Mix-4b:TCACAAGCAGACGCAAx,8h
Mix-4b:TCAGCTCAGATATGGTx,0d
Mix-4b:TCGCGAGAGCTACCTAx,8h
Mix-4b:TCGGGACCAATAAGCAx,0d
Mix-4b:TCGGGACGTGTGGTTTx,8h
Mix-4b:TGAAAGATCAATACCGx,0d
Mix-4b:TGCCCATTCGCCATAAx,0d
Mix-4b:TGCGCAGCACTGTCGGx,0d
Mix-4b:TGCTACCGTCATGCCGx,8h
Mix-4b:TGGCCAGGTGCGATAGx,0d
Mix-4b:TGTTCCGTCCGTTGTCx,0d
Mix-4b:TTAACTCTCCTTTCGGx,0d
Mix-4b:TTAGTTCGTATAGGGCx,0d
Mix-4b:TTATGCTGTATGAATGx,0d
Mix-4b:TTCTCCTAGACTTTCGx,0d
Mix-4b:TTGAACGTCTCTGAGAx,0d
Mix-4b:TTGACTTAGTGCCATTx,0d
Mix-4b:TTGACTTCAATGCCATx,8h
Mix-4b:TTGGCAAAGCACACAGx,0d
Mix-4b:TTGTAGGTCTGTGCAAx,0d
Mix-4b:TTTACTGCATCGGAAGx,0d
Mix-4b:TTTGGTTAGTGACATAx,0d
Mix-4b:TTTGTCAAGTACGCGAx,0d
